0 0 244.948974
2 0 244.135208
4 0 243.326941
6 0 242.524226
8 0 241.727119
10 0 240.935676
12 0 240.149953
14 0 239.370006
16 0 238.595893
18 0 237.827669
20 0 237.065392
22 0 236.309120
24 0 235.558910
26 0 234.814821
28 0 234.076910
30 0 233.345238
32 0 232.619862
34 0 231.900841
36 0 231.188235
38 0 230.482103
40 0 229.782506
42 0 229.089502
44 0 228.403152
46 0 227.723517
48 0 227.050655
50 0 226.384628
52 0 225.725497
54 0 225.073321
56 0 224.428162
58 0 223.790080
60 0 223.159136
62 0 222.535390
64 0 221.918904
66 0 221.309738
68 0 220.707952
70 0 220.113607
72 0 219.526764
74 0 218.947482
76 0 218.375823
78 0 217.811845
80 0 217.255610
82 0 216.707176
84 0 216.166602
86 0 215.633949
88 0 215.109275
90 0 214.592637
92 0 214.084096
94 0 213.583707
96 0 213.091530
98 0 212.607620
100 0 212.132034
102 0 211.664829
104 0 211.206061
106 0 210.755783
108 0 210.314051
110 0 209.880919
112 0 209.456439
114 0 209.040666
116 0 208.633650
118 0 208.235444
120 0 207.846097
122 0 207.465660
124 0 207.094181
126 0 206.731710
128 0 206.378293
130 0 206.033978
132 0 205.698809
134 0 205.372832
136 0 205.056090
138 0 204.748626
140 0 204.450483
142 0 204.161701
144 0 203.882319
146 0 203.612377
148 0 203.351912
150 0 203.100960
152 0 202.859557
154 0 202.627737
156 0 202.405534
158 0 202.192977
160 0 201.990099
162 0 201.796928
164 0 201.613492
166 0 201.439817
168 0 201.275930
170 0 201.121854
172 0 200.977611
174 0 200.843222
176 0 200.718709
178 0 200.604088
180 0 200.499377
182 0 200.404591
184 0 200.319744
186 0 200.244850
188 0 200.179919
190 0 200.124961
192 0 200.079984
194 0 200.044995
196 0 200.019999
198 0 200.005000
200 0 200.000000
202 0 200.005000
204 0 200.019999
206 0 200.044995
208 0 200.079984
210 0 200.124961
212 0 200.179919
214 0 200.244850
216 0 200.319744
218 0 200.404591
220 0 200.499377
222 0 200.604088
224 0 200.718709
226 0 200.843222
228 0 200.977611
230 0 201.121854
232 0 201.275930
234 0 201.439817
236 0 201.613492
238 0 201.796928
240 0 201.990099
242 0 202.192977
244 0 202.405534
246 0 202.627737
248 0 202.859557
250 0 203.100960
252 0 203.351912
254 0 203.612377
256 0 203.882319
258 0 204.161701
260 0 204.450483
262 0 204.748626
264 0 205.056090
266 0 205.372832
268 0 205.698809
270 0 206.033978
272 0 206.378293
274 0 206.731710
276 0 207.094181
278 0 207.465660
280 0 207.846097
282 0 208.235444
284 0 208.633650
286 0 209.040666
288 0 209.456439
290 0 209.880919
292 0 210.314051
294 0 210.755783
296 0 211.206061
298 0 211.664829
300 0 212.132034
302 0 212.607620
304 0 213.091530
306 0 213.583707
308 0 214.084096
310 0 214.592637
312 0 215.109275
314 0 215.633949
316 0 216.166602
318 0 216.707176
320 0 217.255610
322 0 217.811845
324 0 218.375823
326 0 218.947482
328 0 219.526764
330 0 220.113607
332 0 220.707952
334 0 221.309738
336 0 221.918904
338 0 222.535390
340 0 223.159136
342 0 223.790080
344 0 224.428162
346 0 225.073321
348 0 225.725497
350 0 226.384628
352 0 227.050655
354 0 227.723517
356 0 228.403152
358 0 229.089502
360 0 229.782506
362 0 230.482103
364 0 231.188235
366 0 231.900841
368 0 232.619862
370 0 233.345238
372 0 234.076910
374 0 234.814821
376 0 235.558910
378 0 236.309120
380 0 237.065392
382 0 237.827669
384 0 238.595893
386 0 239.370006
388 0 240.149953
390 0 240.935676
392 0 241.727119
394 0 242.524226
396 0 243.326941
398 0 244.135208
0 2 243.318721
2 2 242.499485
4 2 241.685746
6 2 240.877562
8 2 240.074988
10 2 239.278081
12 2 238.486897
14 2 237.701493
16 2 236.921928
18 2 236.148259
20 2 235.380543
22 2 234.618840
24 2 233.863208
26 2 233.113706
28 2 232.370394
30 2 231.633331
32 2 230.902577
34 2 230.178192
36 2 229.460236
38 2 228.748770
40 2 228.043855
42 2 227.345552
44 2 226.653921
46 2 225.969024
48 2 225.290923
50 2 224.619679
52 2 223.955353
54 2 223.298007
56 2 222.647704
58 2 222.004504
60 2 221.368471
62 2 220.739666
64 2 220.118150
66 2 219.503986
68 2 218.897236
70 2 218.297962
72 2 217.706224
74 2 217.122085
76 2 216.545607
78 2 215.976851
80 2 215.415877
82 2 214.862747
84 2 214.317521
86 2 213.780261
88 2 213.251026
90 2 212.729876
92 2 212.216870
94 2 211.712069
96 2 211.215530
98 2 210.727312
100 2 210.247473
102 2 209.776071
104 2 209.313163
106 2 208.858804
108 2 208.413051
110 2 207.975960
112 2 207.547585
114 2 207.127980
116 2 206.717198
118 2 206.315293
120 2 205.922315
122 2 205.538318
124 2 205.163350
126 2 204.797461
128 2 204.440700
130 2 204.093116
132 2 203.754755
134 2 203.425662
136 2 203.105884
138 2 202.795463
140 2 202.494444
142 2 202.202868
144 2 201.920777
146 2 201.648209
148 2 201.385203
150 2 201.131798
152 2 200.888029
154 2 200.653931
156 2 200.429539
158 2 200.214885
160 2 200.010000
162 2 199.814914
164 2 199.629657
166 2 199.454255
168 2 199.288735
170 2 199.133121
172 2 198.987437
174 2 198.851704
176 2 198.725942
178 2 198.610171
180 2 198.504408
182 2 198.408669
184 2 198.322969
186 2 198.247320
188 2 198.181735
190 2 198.126222
192 2 198.080792
194 2 198.045449
196 2 198.020201
198 2 198.005050
200 2 198.000000
202 2 198.005050
204 2 198.020201
206 2 198.045449
208 2 198.080792
210 2 198.126222
212 2 198.181735
214 2 198.247320
216 2 198.322969
218 2 198.408669
220 2 198.504408
222 2 198.610171
224 2 198.725942
226 2 198.851704
228 2 198.987437
230 2 199.133121
232 2 199.288735
234 2 199.454255
236 2 199.629657
238 2 199.814914
240 2 200.010000
242 2 200.214885
244 2 200.429539
246 2 200.653931
248 2 200.888029
250 2 201.131798
252 2 201.385203
254 2 201.648209
256 2 201.920777
258 2 202.202868
260 2 202.494444
262 2 202.795463
264 2 203.105884
266 2 203.425662
268 2 203.754755
270 2 204.093116
272 2 204.440700
274 2 204.797461
276 2 205.163350
278 2 205.538318
280 2 205.922315
282 2 206.315293
284 2 206.717198
286 2 207.127980
288 2 207.547585
290 2 207.975960
292 2 208.413051
294 2 208.858804
296 2 209.313163
298 2 209.776071
300 2 210.247473
302 2 210.727312
304 2 211.215530
306 2 211.712069
308 2 212.216870
310 2 212.729876
312 2 213.251026
314 2 213.780261
316 2 214.317521
318 2 214.862747
320 2 215.415877
322 2 215.976851
324 2 216.545607
326 2 217.122085
328 2 217.706224
330 2 218.297962
332 2 218.897236
334 2 219.503986
336 2 220.118150
338 2 220.739666
340 2 221.368471
342 2 222.004504
344 2 222.647704
346 2 223.298007
348 2 223.955353
350 2 224.619679
352 2 225.290923
354 2 225.969024
356 2 226.653921
358 2 227.345552
360 2 228.043855
362 2 228.748770
364 2 229.460236
366 2 230.178192
368 2 230.902577
370 2 231.633331
372 2 232.370394
374 2 233.113706
376 2 233.863208
378 2 234.618840
380 2 235.380543
382 2 236.148259
384 2 236.921928
386 2 237.701493
388 2 238.486897
390 2 239.278081
392 2 240.074988
394 2 240.877562
396 2 241.685746
398 2 242.499485
0 4 241.694021
2 4 240.869259
4 4 240.049995
6 4 239.236285
8 4 238.428186
10 4 237.625756
12 4 236.829052
14 4 236.038133
16 4 235.253055
18 4 234.473879
20 4 233.700663
22 4 232.933467
24 4 232.172350
26 4 231.417372
28 4 230.668593
30 4 229.926075
32 4 229.189878
34 4 228.460062
36 4 227.736690
38 4 227.019823
40 4 226.309523
42 4 225.605851
44 4 224.908870
46 4 224.218643
48 4 223.535232
50 4 222.858700
52 4 222.189109
54 4 221.526522
56 4 220.871003
58 4 220.222615
60 4 219.581420
62 4 218.947482
64 4 218.320865
66 4 217.701631
68 4 217.089843
70 4 216.485565
72 4 215.888860
74 4 215.299791
76 4 214.718420
78 4 214.144811
80 4 213.579025
82 4 213.021126
84 4 212.471175
86 4 211.929233
88 4 211.395364
90 4 210.869628
92 4 210.352086
94 4 209.842798
96 4 209.341826
98 4 208.849228
100 4 208.365064
102 4 207.889394
104 4 207.422275
106 4 206.963765
108 4 206.513922
110 4 206.072803
112 4 205.640463
114 4 205.216958
116 4 204.802344
118 4 204.396673
120 4 204.000000
122 4 203.612377
124 4 203.233855
126 4 202.864487
128 4 202.504321
130 4 202.153407
132 4 201.811794
134 4 201.479527
136 4 201.156655
138 4 200.843222
140 4 200.539273
142 4 200.244850
144 4 199.959996
146 4 199.684752
148 4 199.419157
150 4 199.163250
152 4 198.917068
154 4 198.680648
156 4 198.454025
158 4 198.237232
160 4 198.030301
162 4 197.833263
164 4 197.646148
166 4 197.468985
168 4 197.301799
170 4 197.144617
172 4 196.997462
174 4 196.860357
176 4 196.733322
178 4 196.616378
180 4 196.509542
182 4 196.412831
184 4 196.326259
186 4 196.249841
188 4 196.183587
190 4 196.127510
192 4 196.081616
194 4 196.045913
196 4 196.020407
198 4 196.005102
200 4 196.000000
202 4 196.005102
204 4 196.020407
206 4 196.045913
208 4 196.081616
210 4 196.127510
212 4 196.183587
214 4 196.249841
216 4 196.326259
218 4 196.412831
220 4 196.509542
222 4 196.616378
224 4 196.733322
226 4 196.860357
228 4 196.997462
230 4 197.144617
232 4 197.301799
234 4 197.468985
236 4 197.646148
238 4 197.833263
240 4 198.030301
242 4 198.237232
244 4 198.454025
246 4 198.680648
248 4 198.917068
250 4 199.163250
252 4 199.419157
254 4 199.684752
256 4 199.959996
258 4 200.244850
260 4 200.539273
262 4 200.843222
264 4 201.156655
266 4 201.479527
268 4 201.811794
270 4 202.153407
272 4 202.504321
274 4 202.864487
276 4 203.233855
278 4 203.612377
280 4 204.000000
282 4 204.396673
284 4 204.802344
286 4 205.216958
288 4 205.640463
290 4 206.072803
292 4 206.513922
294 4 206.963765
296 4 207.422275
298 4 207.889394
300 4 208.365064
302 4 208.849228
304 4 209.341826
306 4 209.842798
308 4 210.352086
310 4 210.869628
312 4 211.395364
314 4 211.929233
316 4 212.471175
318 4 213.021126
320 4 213.579025
322 4 214.144811
324 4 214.718420
326 4 215.299791
328 4 215.888860
330 4 216.485565
332 4 217.089843
334 4 217.701631
336 4 218.320865
338 4 218.947482
340 4 219.581420
342 4 220.222615
344 4 220.871003
346 4 221.526522
348 4 222.189109
350 4 222.858700
352 4 223.535232
354 4 224.218643
356 4 224.908870
358 4 225.605851
360 4 226.309523
362 4 227.019823
364 4 227.736690
366 4 228.460062
368 4 229.189878
370 4 229.926075
372 4 230.668593
374 4 231.417372
376 4 232.172350
378 4 232.933467
380 4 233.700663
382 4 234.473879
384 4 235.253055
386 4 236.038133
388 4 236.829052
390 4 237.625756
392 4 238.428186
394 4 239.236285
396 4 240.049995
398 4 240.869259
0 6 240.074988
2 6 239.244645
4 6 238.419798
6 6 237.600505
8 6 236.786824
10 6 235.978813
12 6 235.176529
14 6 234.380033
16 6 233.589383
18 6 232.804639
20 6 232.025861
22 6 231.253108
24 6 230.486442
26 6 229.725924
28 6 228.971614
30 6 228.223575
32 6 227.481867
34 6 226.746555
36 6 226.017698
38 6 225.295362
40 6 224.579607
42 6 223.870498
44 6 223.168098
46 6 222.472470
48 6 221.783678
50 6 221.101787
52 6 220.426859
54 6 219.758959
56 6 219.098152
58 6 218.444501
60 6 217.798072
62 6 217.158928
64 6 216.527135
66 6 215.902756
68 6 215.285856
70 6 214.676501
72 6 214.074753
74 6 213.480678
76 6 212.894340
78 6 212.315803
80 6 211.745130
82 6 211.182386
84 6 210.627634
86 6 210.080937
88 6 209.542358
90 6 209.011961
92 6 208.489808
94 6 207.975960
96 6 207.470480
98 6 206.973428
100 6 206.484866
102 6 206.004854
104 6 205.533452
106 6 205.070720
108 6 204.616715
110 6 204.171497
112 6 203.735122
114 6 203.307649
116 6 202.889132
118 6 202.479629
120 6 202.079192
122 6 201.687878
124 6 201.305738
126 6 200.932825
128 6 200.569190
130 6 200.214885
132 6 199.869958
134 6 199.534458
136 6 199.208434
138 6 198.891930
140 6 198.584994
142 6 198.287670
144 6 198.000000
146 6 197.722027
148 6 197.453792
150 6 197.195335
152 6 196.946693
154 6 196.707905
156 6 196.479007
158 6 196.260032
160 6 196.051014
162 6 195.851985
164 6 195.662976
166 6 195.484015
168 6 195.315130
170 6 195.156348
172 6 195.007692
174 6 194.869187
176 6 194.740853
178 6 194.622712
180 6 194.514781
182 6 194.417077
184 6 194.329617
186 6 194.252413
188 6 194.185478
190 6 194.128823
192 6 194.082457
194 6 194.046386
196 6 194.020617
198 6 194.005155
200 6 194.000000
202 6 194.005155
204 6 194.020617
206 6 194.046386
208 6 194.082457
210 6 194.128823
212 6 194.185478
214 6 194.252413
216 6 194.329617
218 6 194.417077
220 6 194.514781
222 6 194.622712
224 6 194.740853
226 6 194.869187
228 6 195.007692
230 6 195.156348
232 6 195.315130
234 6 195.484015
236 6 195.662976
238 6 195.851985
240 6 196.051014
242 6 196.260032
244 6 196.479007
246 6 196.707905
248 6 196.946693
250 6 197.195335
252 6 197.453792
254 6 197.722027
256 6 198.000000
258 6 198.287670
260 6 198.584994
262 6 198.891930
264 6 199.208434
266 6 199.534458
268 6 199.869958
270 6 200.214885
272 6 200.569190
274 6 200.932825
276 6 201.305738
278 6 201.687878
280 6 202.079192
282 6 202.479629
284 6 202.889132
286 6 203.307649
288 6 203.735122
290 6 204.171497
292 6 204.616715
294 6 205.070720
296 6 205.533452
298 6 206.004854
300 6 206.484866
302 6 206.973428
304 6 207.470480
306 6 207.975960
308 6 208.489808
310 6 209.011961
312 6 209.542358
314 6 210.080937
316 6 210.627634
318 6 211.182386
320 6 211.745130
322 6 212.315803
324 6 212.894340
326 6 213.480678
328 6 214.074753
330 6 214.676501
332 6 215.285856
334 6 215.902756
336 6 216.527135
338 6 217.158928
340 6 217.798072
342 6 218.444501
344 6 219.098152
346 6 219.758959
348 6 220.426859
350 6 221.101787
352 6 221.783678
354 6 222.472470
356 6 223.168098
358 6 223.870498
360 6 224.579607
362 6 225.295362
364 6 226.017698
366 6 226.746555
368 6 227.481867
370 6 228.223575
372 6 228.971614
374 6 229.725924
376 6 230.486442
378 6 231.253108
380 6 232.025861
382 6 232.804639
384 6 233.589383
386 6 234.380033
388 6 235.176529
390 6 235.978813
392 6 236.786824
394 6 237.600505
396 6 238.419798
398 6 239.244645
0 8 238.461737
2 8 237.625756
4 8 236.795270
6 8 235.970337
8 8 235.151015
10 8 234.337364
12 8 233.529441
14 8 232.727308
16 8 231.931024
18 8 231.140650
20 8 230.356246
22 8 229.577873
24 8 228.805594
26 8 228.039470
28 8 227.279564
30 8 226.525937
32 8 225.778653
34 8 225.037775
36 8 224.303366
38 8 223.575491
40 8 222.854212
42 8 222.139596
44 8 221.431705
46 8 220.730605
48 8 220.036361
50 8 219.349037
52 8 218.668699
54 8 217.995413
56 8 217.329243
58 8 216.670256
60 8 216.018518
62 8 215.374093
64 8 214.737049
66 8 214.107450
68 8 213.485362
70 8 212.870853
72 8 212.263987
74 8 211.664829
76 8 211.073447
78 8 210.489905
80 8 209.914268
82 8 209.346603
84 8 208.786973
86 8 208.235444
88 8 207.692080
90 8 207.156945
92 8 206.630104
94 8 206.111620
96 8 205.601556
98 8 205.099976
100 8 204.606940
102 8 204.122512
104 8 203.646753
106 8 203.179723
108 8 202.721484
110 8 202.272094
112 8 201.831613
114 8 201.400099
116 8 200.977611
118 8 200.564204
120 8 200.159936
122 8 199.764862
124 8 199.379036
126 8 199.002513
128 8 198.635344
130 8 198.277583
132 8 197.929280
134 8 197.590486
136 8 197.261248
138 8 196.941616
140 8 196.631635
142 8 196.331353
144 8 196.040812
146 8 195.760057
148 8 195.489130
150 8 195.228072
152 8 194.976922
154 8 194.735718
156 8 194.504499
158 8 194.283298
160 8 194.072152
162 8 193.871091
164 8 193.680149
166 8 193.499354
168 8 193.328736
170 8 193.168320
172 8 193.018134
174 8 192.878200
176 8 192.748541
178 8 192.629177
180 8 192.520129
182 8 192.421413
184 8 192.333044
186 8 192.255039
188 8 192.187409
190 8 192.130164
192 8 192.083315
194 8 192.046869
196 8 192.020832
198 8 192.005208
200 8 192.000000
202 8 192.005208
204 8 192.020832
206 8 192.046869
208 8 192.083315
210 8 192.130164
212 8 192.187409
214 8 192.255039
216 8 192.333044
218 8 192.421413
220 8 192.520129
222 8 192.629177
224 8 192.748541
226 8 192.878200
228 8 193.018134
230 8 193.168320
232 8 193.328736
234 8 193.499354
236 8 193.680149
238 8 193.871091
240 8 194.072152
242 8 194.283298
244 8 194.504499
246 8 194.735718
248 8 194.976922
250 8 195.228072
252 8 195.489130
254 8 195.760057
256 8 196.040812
258 8 196.331353
260 8 196.631635
262 8 196.941616
264 8 197.261248
266 8 197.590486
268 8 197.929280
270 8 198.277583
272 8 198.635344
274 8 199.002513
276 8 199.379036
278 8 199.764862
280 8 200.159936
282 8 200.564204
284 8 200.977611
286 8 201.400099
288 8 201.831613
290 8 202.272094
292 8 202.721484
294 8 203.179723
296 8 203.646753
298 8 204.122512
300 8 204.606940
302 8 205.099976
304 8 205.601556
306 8 206.111620
308 8 206.630104
310 8 207.156945
312 8 207.692080
314 8 208.235444
316 8 208.786973
318 8 209.346603
320 8 209.914268
322 8 210.489905
324 8 211.073447
326 8 211.664829
328 8 212.263987
330 8 212.870853
332 8 213.485362
334 8 214.107450
336 8 214.737049
338 8 215.374093
340 8 216.018518
342 8 216.670256
344 8 217.329243
346 8 217.995413
348 8 218.668699
350 8 219.349037
352 8 220.036361
354 8 220.730605
356 8 221.431705
358 8 222.139596
360 8 222.854212
362 8 223.575491
364 8 224.303366
366 8 225.037775
368 8 225.778653
370 8 226.525937
372 8 227.279564
374 8 228.039470
376 8 228.805594
378 8 229.577873
380 8 230.356246
382 8 231.140650
384 8 231.931024
386 8 232.727308
388 8 233.529441
390 8 234.337364
392 8 235.151015
394 8 235.970337
396 8 236.795270
398 8 237.625756
0 10 236.854386
2 10 236.012712
4 10 235.176529
6 10 234.345898
8 10 233.520877
10 10 232.701526
12 10 231.887904
14 10 231.080073
16 10 230.278093
18 10 229.482025
20 10 228.691933
22 10 227.907876
24 10 227.129919
26 10 226.358123
28 10 225.592553
30 10 224.833272
32 10 224.080343
34 10 223.333831
36 10 222.593800
38 10 221.860316
40 10 221.133444
42 10 220.413248
44 10 219.699795
46 10 218.993151
48 10 218.293381
50 10 217.600551
52 10 216.914730
54 10 216.235982
56 10 215.564376
58 10 214.899977
60 10 214.242853
62 10 213.593071
64 10 212.950699
66 10 212.315803
68 10 211.688450
70 10 211.068709
72 10 210.456646
74 10 209.852329
76 10 209.255824
78 10 208.667199
80 10 208.086520
82 10 207.513855
84 10 206.949269
86 10 206.392829
88 10 205.844602
90 10 205.304652
92 10 204.773045
94 10 204.249847
96 10 203.735122
98 10 203.228935
100 10 202.731349
102 10 202.242429
104 10 201.762236
106 10 201.290834
108 10 200.828285
110 10 200.374649
112 10 199.929988
114 10 199.494361
116 10 199.067828
118 10 198.650447
120 10 198.242276
122 10 197.843372
124 10 197.453792
126 10 197.073590
128 10 196.702822
130 10 196.341539
132 10 195.989796
134 10 195.647642
136 10 195.315130
138 10 194.992308
140 10 194.679223
142 10 194.375924
144 10 194.082457
146 10 193.798865
148 10 193.525192
150 10 193.261481
152 10 193.007772
154 10 192.764105
156 10 192.530517
158 10 192.307046
160 10 192.093727
162 10 191.890594
164 10 191.697679
166 10 191.515012
168 10 191.342625
170 10 191.180543
172 10 191.028794
174 10 190.887401
176 10 190.756389
178 10 190.635778
180 10 190.525589
182 10 190.425839
184 10 190.336544
186 10 190.257720
188 10 190.189379
190 10 190.131533
192 10 190.084192
194 10 190.047363
196 10 190.021051
198 10 190.005263
200 10 190.000000
202 10 190.005263
204 10 190.021051
206 10 190.047363
208 10 190.084192
210 10 190.131533
212 10 190.189379
214 10 190.257720
216 10 190.336544
218 10 190.425839
220 10 190.525589
222 10 190.635778
224 10 190.756389
226 10 190.887401
228 10 191.028794
230 10 191.180543
232 10 191.342625
234 10 191.515012
236 10 191.697679
238 10 191.890594
240 10 192.093727
242 10 192.307046
244 10 192.530517
246 10 192.764105
248 10 193.007772
250 10 193.261481
252 10 193.525192
254 10 193.798865
256 10 194.082457
258 10 194.375924
260 10 194.679223
262 10 194.992308
264 10 195.315130
266 10 195.647642
268 10 195.989796
270 10 196.341539
272 10 196.702822
274 10 197.073590
276 10 197.453792
278 10 197.843372
280 10 198.242276
282 10 198.650447
284 10 199.067828
286 10 199.494361
288 10 199.929988
290 10 200.374649
292 10 200.828285
294 10 201.290834
296 10 201.762236
298 10 202.242429
300 10 202.731349
302 10 203.228935
304 10 203.735122
306 10 204.249847
308 10 204.773045
310 10 205.304652
312 10 205.844602
314 10 206.392829
316 10 206.949269
318 10 207.513855
320 10 208.086520
322 10 208.667199
324 10 209.255824
326 10 209.852329
328 10 210.456646
330 10 211.068709
332 10 211.688450
334 10 212.315803
336 10 212.950699
338 10 213.593071
340 10 214.242853
342 10 214.899977
344 10 215.564376
346 10 216.235982
348 10 216.914730
350 10 217.600551
352 10 218.293381
354 10 218.993151
356 10 219.699795
358 10 220.413248
360 10 221.133444
362 10 221.860316
364 10 222.593800
366 10 223.333831
368 10 224.080343
370 10 224.833272
372 10 225.592553
374 10 226.358123
376 10 227.129919
378 10 227.907876
380 10 228.691933
382 10 229.482025
384 10 230.278093
386 10 231.080073
388 10 231.887904
390 10 232.701526
392 10 233.520877
394 10 234.345898
396 10 235.176529
398 10 236.012712
0 12 235.253055
2 12 234.405631
4 12 233.563696
6 12 232.727308
8 12 231.896529
10 12 231.071418
12 12 230.252036
14 12 229.438445
16 12 228.630707
18 12 227.828883
20 12 227.033037
22 12 226.243232
24 12 225.459531
26 12 224.681997
28 12 223.910696
30 12 223.145692
32 12 222.387050
34 12 221.634835
36 12 220.889112
38 12 220.149949
40 12 219.417410
42 12 218.691564
44 12 217.972475
46 12 217.260213
48 12 216.554843
50 12 215.856434
52 12 215.165053
54 12 214.480768
56 12 213.803648
58 12 213.133761
60 12 212.471175
62 12 211.815958
64 12 211.168179
66 12 210.527908
68 12 209.895212
70 12 209.270160
72 12 208.652822
74 12 208.043265
76 12 207.441558
78 12 206.847770
80 12 206.261969
82 12 205.684224
84 12 205.114602
86 12 204.553172
88 12 204.000000
90 12 203.455155
92 12 202.918703
94 12 202.390711
96 12 201.871246
98 12 201.360373
100 12 200.858159
102 12 200.364668
104 12 199.879964
106 12 199.404112
108 12 198.937176
110 12 198.479218
112 12 198.030301
114 12 197.590486
116 12 197.159834
118 12 196.738405
120 12 196.326259
122 12 195.923454
124 12 195.530049
126 12 195.146099
128 12 194.771661
130 12 194.406790
132 12 194.051540
134 12 193.705963
136 12 193.370111
138 12 193.044036
140 12 192.727787
142 12 192.421413
144 12 192.124959
146 12 191.838474
148 12 191.562000
150 12 191.295583
152 12 191.039263
154 12 190.793082
156 12 190.557078
158 12 190.331290
160 12 190.115754
162 12 189.910505
164 12 189.715577
166 12 189.531000
168 12 189.356806
170 12 189.193023
172 12 189.039678
174 12 188.896797
176 12 188.764403
178 12 188.642519
180 12 188.531165
182 12 188.430358
184 12 188.340118
186 12 188.260458
188 12 188.191392
190 12 188.132932
192 12 188.085087
194 12 188.047866
196 12 188.021275
198 12 188.005319
200 12 188.000000
202 12 188.005319
204 12 188.021275
206 12 188.047866
208 12 188.085087
210 12 188.132932
212 12 188.191392
214 12 188.260458
216 12 188.340118
218 12 188.430358
220 12 188.531165
222 12 188.642519
224 12 188.764403
226 12 188.896797
228 12 189.039678
230 12 189.193023
232 12 189.356806
234 12 189.531000
236 12 189.715577
238 12 189.910505
240 12 190.115754
242 12 190.331290
244 12 190.557078
246 12 190.793082
248 12 191.039263
250 12 191.295583
252 12 191.562000
254 12 191.838474
256 12 192.124959
258 12 192.421413
260 12 192.727787
262 12 193.044036
264 12 193.370111
266 12 193.705963
268 12 194.051540
270 12 194.406790
272 12 194.771661
274 12 195.146099
276 12 195.530049
278 12 195.923454
280 12 196.326259
282 12 196.738405
284 12 197.159834
286 12 197.590486
288 12 198.030301
290 12 198.479218
292 12 198.937176
294 12 199.404112
296 12 199.879964
298 12 200.364668
300 12 200.858159
302 12 201.360373
304 12 201.871246
306 12 202.390711
308 12 202.918703
310 12 203.455155
312 12 204.000000
314 12 204.553172
316 12 205.114602
318 12 205.684224
320 12 206.261969
322 12 206.847770
324 12 207.441558
326 12 208.043265
328 12 208.652822
330 12 209.270160
332 12 209.895212
334 12 210.527908
336 12 211.168179
338 12 211.815958
340 12 212.471175
342 12 213.133761
344 12 213.803648
346 12 214.480768
348 12 215.165053
350 12 215.856434
352 12 216.554843
354 12 217.260213
356 12 217.972475
358 12 218.691564
360 12 219.417410
362 12 220.149949
364 12 220.889112
366 12 221.634835
368 12 222.387050
370 12 223.145692
372 12 223.910696
374 12 224.681997
376 12 225.459531
378 12 226.243232
380 12 227.033037
382 12 227.828883
384 12 228.630707
386 12 229.438445
388 12 230.252036
390 12 231.071418
392 12 231.896529
394 12 232.727308
396 12 233.563696
398 12 234.405631
0 14 233.657870
2 14 232.804639
4 14 231.956893
6 14 231.114690
8 14 230.278093
10 14 229.447162
12 14 228.621959
14 14 227.802546
16 14 226.988987
18 14 226.181343
20 14 225.379680
22 14 224.584060
24 14 223.794549
26 14 223.011210
28 14 222.234111
30 14 221.463315
32 14 220.698890
34 14 219.940901
36 14 219.189416
38 14 218.444501
40 14 217.706224
42 14 216.974653
44 14 216.249855
46 14 215.531900
48 14 214.820856
50 14 214.116791
52 14 213.419774
54 14 212.729876
56 14 212.047165
58 14 211.371711
60 14 210.703583
62 14 210.042853
64 14 209.389589
66 14 208.743862
68 14 208.105742
70 14 207.475300
72 14 206.852605
74 14 206.237727
76 14 205.630737
78 14 205.031705
80 14 204.440700
82 14 203.857794
84 14 203.283054
86 14 202.716551
88 14 202.158354
90 14 201.608532
92 14 201.067153
94 14 200.534286
96 14 200.010000
98 14 199.494361
100 14 198.987437
102 14 198.489294
104 14 198.000000
106 14 197.519619
108 14 197.048217
110 14 196.585859
112 14 196.132608
114 14 195.688528
116 14 195.253681
118 14 194.828129
120 14 194.411934
122 14 194.005155
124 14 193.607851
126 14 193.220082
128 14 192.841904
130 14 192.473375
132 14 192.114549
134 14 191.765482
136 14 191.426226
138 14 191.096834
140 14 190.777357
142 14 190.467845
144 14 190.168346
146 14 189.878909
148 14 189.599578
150 14 189.330399
152 14 189.071415
154 14 188.822668
156 14 188.584199
158 14 188.356046
160 14 188.138247
162 14 187.930838
164 14 187.733854
166 14 187.547327
168 14 187.371289
170 14 187.205769
172 14 187.050795
174 14 186.906394
176 14 186.772589
178 14 186.649404
180 14 186.536860
182 14 186.434975
184 14 186.343768
186 14 186.263255
188 14 186.193448
190 14 186.134360
192 14 186.086002
194 14 186.048381
196 14 186.021504
198 14 186.005376
200 14 186.000000
202 14 186.005376
204 14 186.021504
206 14 186.048381
208 14 186.086002
210 14 186.134360
212 14 186.193448
214 14 186.263255
216 14 186.343768
218 14 186.434975
220 14 186.536860
222 14 186.649404
224 14 186.772589
226 14 186.906394
228 14 187.050795
230 14 187.205769
232 14 187.371289
234 14 187.547327
236 14 187.733854
238 14 187.930838
240 14 188.138247
242 14 188.356046
244 14 188.584199
246 14 188.822668
248 14 189.071415
250 14 189.330399
252 14 189.599578
254 14 189.878909
256 14 190.168346
258 14 190.467845
260 14 190.777357
262 14 191.096834
264 14 191.426226
266 14 191.765482
268 14 192.114549
270 14 192.473375
272 14 192.841904
274 14 193.220082
276 14 193.607851
278 14 194.005155
280 14 194.411934
282 14 194.828129
284 14 195.253681
286 14 195.688528
288 14 196.132608
290 14 196.585859
292 14 197.048217
294 14 197.519619
296 14 198.000000
298 14 198.489294
300 14 198.987437
302 14 199.494361
304 14 200.010000
306 14 200.534286
308 14 201.067153
310 14 201.608532
312 14 202.158354
314 14 202.716551
316 14 203.283054
318 14 203.857794
320 14 204.440700
322 14 205.031705
324 14 205.630737
326 14 206.237727
328 14 206.852605
330 14 207.475300
332 14 208.105742
334 14 208.743862
336 14 209.389589
338 14 210.042853
340 14 210.703583
342 14 211.371711
344 14 212.047165
346 14 212.729876
348 14 213.419774
350 14 214.116791
352 14 214.820856
354 14 215.531900
356 14 216.249855
358 14 216.974653
360 14 217.706224
362 14 218.444501
364 14 219.189416
366 14 219.940901
368 14 220.698890
370 14 221.463315
372 14 222.234111
374 14 223.011210
376 14 223.794549
378 14 224.584060
380 14 225.379680
382 14 226.181343
384 14 226.988987
386 14 227.802546
388 14 228.621959
390 14 229.447162
392 14 230.278093
394 14 231.114690
396 14 231.956893
398 14 232.804639
0 16 232.068955
2 16 231.209861
4 16 230.356246
6 16 229.508170
8 16 228.665695
10 16 227.828883
12 16 226.997797
14 16 226.172501
16 16 225.353056
18 16 224.539529
20 16 223.731983
22 16 222.930482
24 16 222.135094
26 16 221.345883
28 16 220.562916
30 16 219.786260
32 16 219.015981
34 16 218.252148
36 16 217.494828
38 16 216.744089
40 16 216.000000
42 16 215.262630
44 16 214.532049
46 16 213.808325
48 16 213.091530
50 16 212.381732
52 16 211.679002
54 16 210.983412
56 16 210.295031
58 16 209.613931
60 16 208.940183
62 16 208.273858
64 16 207.615028
66 16 206.963765
68 16 206.320140
70 16 205.684224
72 16 205.056090
74 16 204.435809
76 16 203.823453
78 16 203.219094
80 16 202.622802
82 16 202.034650
84 16 201.454710
86 16 200.883051
88 16 200.319744
90 16 199.764862
92 16 199.218473
94 16 198.680648
96 16 198.151457
98 16 197.630969
100 16 197.119253
102 16 196.616378
104 16 196.122411
106 16 195.637420
108 16 195.161472
110 16 194.694633
112 16 194.236969
114 16 193.788545
116 16 193.349425
118 16 192.919672
120 16 192.499351
122 16 192.088521
124 16 191.687245
126 16 191.295583
128 16 190.913593
130 16 190.541334
132 16 190.178863
134 16 189.826236
136 16 189.483509
138 16 189.150734
140 16 188.827964
142 16 188.515251
144 16 188.212646
146 16 187.920196
148 16 187.637949
150 16 187.365952
152 16 187.104249
154 16 186.852883
156 16 186.611897
158 16 186.381330
160 16 186.161220
162 16 185.951607
164 16 185.752524
166 16 185.564005
168 16 185.386084
170 16 185.218790
172 16 185.062152
174 16 184.916197
176 16 184.780951
178 16 184.656438
180 16 184.542678
182 16 184.439692
184 16 184.347498
186 16 184.266112
188 16 184.195548
190 16 184.135819
192 16 184.086936
194 16 184.048907
196 16 184.021738
198 16 184.005435
200 16 184.000000
202 16 184.005435
204 16 184.021738
206 16 184.048907
208 16 184.086936
210 16 184.135819
212 16 184.195548
214 16 184.266112
216 16 184.347498
218 16 184.439692
220 16 184.542678
222 16 184.656438
224 16 184.780951
226 16 184.916197
228 16 185.062152
230 16 185.218790
232 16 185.386084
234 16 185.564005
236 16 185.752524
238 16 185.951607
240 16 186.161220
242 16 186.381330
244 16 186.611897
246 16 186.852883
248 16 187.104249
250 16 187.365952
252 16 187.637949
254 16 187.920196
256 16 188.212646
258 16 188.515251
260 16 188.827964
262 16 189.150734
264 16 189.483509
266 16 189.826236
268 16 190.178863
270 16 190.541334
272 16 190.913593
274 16 191.295583
276 16 191.687245
278 16 192.088521
280 16 192.499351
282 16 192.919672
284 16 193.349425
286 16 193.788545
288 16 194.236969
290 16 194.694633
292 16 195.161472
294 16 195.637420
296 16 196.122411
298 16 196.616378
300 16 197.119253
302 16 197.630969
304 16 198.151457
306 16 198.680648
308 16 199.218473
310 16 199.764862
312 16 200.319744
314 16 200.883051
316 16 201.454710
318 16 202.034650
320 16 202.622802
322 16 203.219094
324 16 203.823453
326 16 204.435809
328 16 205.056090
330 16 205.684224
332 16 206.320140
334 16 206.963765
336 16 207.615028
338 16 208.273858
340 16 208.940183
342 16 209.613931
344 16 210.295031
346 16 210.983412
348 16 211.679002
350 16 212.381732
352 16 213.091530
354 16 213.808325
356 16 214.532049
358 16 215.262630
360 16 216.000000
362 16 216.744089
364 16 217.494828
366 16 218.252148
368 16 219.015981
370 16 219.786260
372 16 220.562916
374 16 221.345883
376 16 222.135094
378 16 222.930482
380 16 223.731983
382 16 224.539529
384 16 225.353056
386 16 226.172501
388 16 226.997797
390 16 227.828883
392 16 228.665695
394 16 229.508170
396 16 230.356246
398 16 231.209861
0 18 230.486442
2 18 229.621428
4 18 228.761885
6 18 227.907876
8 18 227.059464
10 18 226.216710
12 18 225.379680
14 18 224.548436
16 18 223.723043
18 18 222.903567
20 18 222.090072
22 18 221.282625
24 18 220.481292
26 18 219.686140
28 18 218.897236
30 18 218.114649
32 18 217.338446
34 18 216.568696
36 18 215.805468
38 18 215.048832
40 18 214.298857
42 18 213.555613
44 18 212.819172
46 18 212.089604
48 18 211.366979
50 18 210.651371
52 18 209.942849
54 18 209.241487
56 18 208.547357
58 18 207.860530
60 18 207.181080
62 18 206.509080
64 18 205.844602
66 18 205.187719
68 18 204.538505
70 18 203.897033
72 18 203.263376
74 18 202.637608
76 18 202.019801
78 18 201.410030
80 18 200.808366
82 18 200.214885
84 18 199.629657
86 18 199.052757
88 18 198.484256
90 18 197.924228
92 18 197.372744
94 18 196.829876
96 18 196.295695
98 18 195.770274
100 18 195.253681
102 18 194.745988
104 18 194.247265
106 18 193.757580
108 18 193.277003
110 18 192.805602
112 18 192.343443
114 18 191.890594
116 18 191.447121
118 18 191.013089
120 18 190.588562
122 18 190.173605
124 18 189.768280
126 18 189.372649
128 18 188.986772
130 18 188.610710
132 18 188.244522
134 18 187.888265
136 18 187.541995
138 18 187.205769
140 18 186.879640
142 18 186.563662
144 18 186.257886
146 18 185.962362
148 18 185.677139
150 18 185.402265
152 18 185.137787
154 18 184.883747
156 18 184.640191
158 18 184.407158
160 18 184.184690
162 18 183.972824
164 18 183.771597
166 18 183.581045
168 18 183.401200
170 18 183.232093
172 18 183.073756
174 18 182.926215
176 18 182.789496
178 18 182.663625
180 18 182.548624
182 18 182.444512
184 18 182.351309
186 18 182.269032
188 18 182.197695
190 18 182.137311
192 18 182.087891
194 18 182.049444
196 18 182.021977
198 18 182.005494
200 18 182.000000
202 18 182.005494
204 18 182.021977
206 18 182.049444
208 18 182.087891
210 18 182.137311
212 18 182.197695
214 18 182.269032
216 18 182.351309
218 18 182.444512
220 18 182.548624
222 18 182.663625
224 18 182.789496
226 18 182.926215
228 18 183.073756
230 18 183.232093
232 18 183.401200
234 18 183.581045
236 18 183.771597
238 18 183.972824
240 18 184.184690
242 18 184.407158
244 18 184.640191
246 18 184.883747
248 18 185.137787
250 18 185.402265
252 18 185.677139
254 18 185.962362
256 18 186.257886
258 18 186.563662
260 18 186.879640
262 18 187.205769
264 18 187.541995
266 18 187.888265
268 18 188.244522
270 18 188.610710
272 18 188.986772
274 18 189.372649
276 18 189.768280
278 18 190.173605
280 18 190.588562
282 18 191.013089
284 18 191.447121
286 18 191.890594
288 18 192.343443
290 18 192.805602
292 18 193.277003
294 18 193.757580
296 18 194.247265
298 18 194.745988
300 18 195.253681
302 18 195.770274
304 18 196.295695
306 18 196.829876
308 18 197.372744
310 18 197.924228
312 18 198.484256
314 18 199.052757
316 18 199.629657
318 18 200.214885
320 18 200.808366
322 18 201.410030
324 18 202.019801
326 18 202.637608
328 18 203.263376
330 18 203.897033
332 18 204.538505
334 18 205.187719
336 18 205.844602
338 18 206.509080
340 18 207.181080
342 18 207.860530
344 18 208.547357
346 18 209.241487
348 18 209.942849
350 18 210.651371
352 18 211.366979
354 18 212.089604
356 18 212.819172
358 18 213.555613
360 18 214.298857
362 18 215.048832
364 18 215.805468
366 18 216.568696
368 18 217.338446
370 18 218.114649
372 18 218.897236
374 18 219.686140
376 18 220.481292
378 18 221.282625
380 18 222.090072
382 18 222.903567
384 18 223.723043
386 18 224.548436
388 18 225.379680
390 18 226.216710
392 18 227.059464
394 18 227.907876
396 18 228.761885
398 18 229.621428
0 20 228.910463
2 20 228.039470
4 20 227.173942
6 20 226.313941
8 20 225.459531
10 20 224.610774
12 20 223.767737
14 20 222.930482
16 20 222.099077
18 20 221.273586
20 20 220.454077
22 20 219.640616
24 20 218.833270
26 20 218.032108
28 20 217.237198
30 20 216.448608
32 20 215.666409
34 20 214.890670
36 20 214.121461
38 20 213.358853
40 20 212.602916
42 20 211.853723
44 20 211.111345
46 20 210.375854
48 20 209.647323
50 20 208.925824
52 20 208.211431
54 20 207.504217
56 20 206.804255
58 20 206.111620
60 20 205.426386
62 20 204.748626
64 20 204.078416
66 20 203.415830
68 20 202.760943
70 20 202.113829
72 20 201.474564
74 20 200.843222
76 20 200.219879
78 20 199.604609
80 20 198.997487
82 20 198.398589
84 20 197.807988
86 20 197.225759
88 20 196.651977
90 20 196.086716
92 20 195.530049
94 20 194.982050
96 20 194.442794
98 20 193.912351
100 20 193.390796
102 20 192.878200
104 20 192.374635
106 20 191.880171
108 20 191.394880
110 20 190.918831
112 20 190.452094
114 20 189.994737
116 20 189.546828
118 20 189.108435
120 20 188.679623
122 20 188.260458
124 20 187.851005
126 20 187.451327
128 20 187.061487
130 20 186.681547
132 20 186.311567
134 20 185.951607
136 20 185.601724
138 20 185.261977
140 20 184.932420
142 20 184.613109
144 20 184.304097
146 20 184.005435
148 20 183.717174
150 20 183.439363
152 20 183.172050
154 20 182.915281
156 20 182.669100
158 20 182.433550
160 20 182.208672
162 20 181.994505
164 20 181.791089
166 20 181.598458
168 20 181.416648
170 20 181.245690
172 20 181.085615
174 20 180.936453
176 20 180.798230
178 20 180.670972
180 20 180.554701
182 20 180.449439
184 20 180.355205
186 20 180.272017
188 20 180.199889
190 20 180.138835
192 20 180.088867
194 20 180.049993
196 20 180.022221
198 20 180.005555
200 20 180.000000
202 20 180.005555
204 20 180.022221
206 20 180.049993
208 20 180.088867
210 20 180.138835
212 20 180.199889
214 20 180.272017
216 20 180.355205
218 20 180.449439
220 20 180.554701
222 20 180.670972
224 20 180.798230
226 20 180.936453
228 20 181.085615
230 20 181.245690
232 20 181.416648
234 20 181.598458
236 20 181.791089
238 20 181.994505
240 20 182.208672
242 20 182.433550
244 20 182.669100
246 20 182.915281
248 20 183.172050
250 20 183.439363
252 20 183.717174
254 20 184.005435
256 20 184.304097
258 20 184.613109
260 20 184.932420
262 20 185.261977
264 20 185.601724
266 20 185.951607
268 20 186.311567
270 20 186.681547
272 20 187.061487
274 20 187.451327
276 20 187.851005
278 20 188.260458
280 20 188.679623
282 20 189.108435
284 20 189.546828
286 20 189.994737
288 20 190.452094
290 20 190.918831
292 20 191.394880
294 20 191.880171
296 20 192.374635
298 20 192.878200
300 20 193.390796
302 20 193.912351
304 20 194.442794
306 20 194.982050
308 20 195.530049
310 20 196.086716
312 20 196.651977
314 20 197.225759
316 20 197.807988
318 20 198.398589
320 20 198.997487
322 20 199.604609
324 20 200.219879
326 20 200.843222
328 20 201.474564
330 20 202.113829
332 20 202.760943
334 20 203.415830
336 20 204.078416
338 20 204.748626
340 20 205.426386
342 20 206.111620
344 20 206.804255
346 20 207.504217
348 20 208.211431
350 20 208.925824
352 20 209.647323
354 20 210.375854
356 20 211.111345
358 20 211.853723
360 20 212.602916
362 20 213.358853
364 20 214.121461
366 20 214.890670
368 20 215.666409
370 20 216.448608
372 20 217.237198
374 20 218.032108
376 20 218.833270
378 20 219.640616
380 20 220.454077
382 20 221.273586
384 20 222.099077
386 20 222.930482
388 20 223.767737
390 20 224.610774
392 20 225.459531
394 20 226.313941
396 20 227.173942
398 20 228.039470
0 22 227.341153
2 22 226.464125
4 22 225.592553
6 22 224.726500
8 22 223.866031
10 22 223.011210
12 22 222.162103
14 22 221.318775
16 22 220.481292
18 22 219.649721
20 22 218.824130
22 22 218.004587
24 22 217.191160
26 22 216.383918
28 22 215.582931
30 22 214.788268
32 22 214.000000
34 22 213.218198
36 22 212.442934
38 22 211.674278
40 22 210.912304
42 22 210.157084
44 22 209.408691
46 22 208.667199
48 22 207.932681
50 22 207.205212
52 22 206.484866
54 22 205.771718
56 22 205.065843
58 22 204.367316
60 22 203.676214
62 22 202.992611
64 22 202.316584
66 22 201.648209
68 22 200.987562
70 22 200.334720
72 22 199.689759
74 22 199.052757
76 22 198.423789
78 22 197.802932
80 22 197.190263
82 22 196.585859
84 22 195.989796
86 22 195.402149
88 22 194.822997
90 22 194.252413
92 22 193.690475
94 22 193.137257
96 22 192.592835
98 22 192.057283
100 22 191.530676
102 22 191.013089
104 22 190.504593
106 22 190.005263
108 22 189.515171
110 22 189.034388
112 22 188.562987
114 22 188.101037
116 22 187.648608
118 22 187.205769
120 22 186.772589
122 22 186.349135
124 22 185.935473
126 22 185.531668
128 22 185.137787
130 22 184.753890
132 22 184.380042
134 22 184.016304
136 22 183.662734
138 22 183.319393
140 22 182.986338
142 22 182.663625
144 22 182.351309
146 22 182.049444
148 22 181.758081
150 22 181.477271
152 22 181.207064
154 22 180.947506
156 22 180.698644
158 22 180.460522
160 22 180.233182
162 22 180.016666
164 22 179.811012
166 22 179.616258
168 22 179.432439
170 22 179.259588
172 22 179.097739
174 22 178.946920
176 22 178.807159
178 22 178.678482
180 22 178.560914
182 22 178.454476
184 22 178.359188
186 22 178.275068
188 22 178.202132
190 22 178.140394
192 22 178.089865
194 22 178.050555
196 22 178.022470
198 22 178.005618
200 22 178.000000
202 22 178.005618
204 22 178.022470
206 22 178.050555
208 22 178.089865
210 22 178.140394
212 22 178.202132
214 22 178.275068
216 22 178.359188
218 22 178.454476
220 22 178.560914
222 22 178.678482
224 22 178.807159
226 22 178.946920
228 22 179.097739
230 22 179.259588
232 22 179.432439
234 22 179.616258
236 22 179.811012
238 22 180.016666
240 22 180.233182
242 22 180.460522
244 22 180.698644
246 22 180.947506
248 22 181.207064
250 22 181.477271
252 22 181.758081
254 22 182.049444
256 22 182.351309
258 22 182.663625
260 22 182.986338
262 22 183.319393
264 22 183.662734
266 22 184.016304
268 22 184.380042
270 22 184.753890
272 22 185.137787
274 22 185.531668
276 22 185.935473
278 22 186.349135
280 22 186.772589
282 22 187.205769
284 22 187.648608
286 22 188.101037
288 22 188.562987
290 22 189.034388
292 22 189.515171
294 22 190.005263
296 22 190.504593
298 22 191.013089
300 22 191.530676
302 22 192.057283
304 22 192.592835
306 22 193.137257
308 22 193.690475
310 22 194.252413
312 22 194.822997
314 22 195.402149
316 22 195.989796
318 22 196.585859
320 22 197.190263
322 22 197.802932
324 22 198.423789
326 22 199.052757
328 22 199.689759
330 22 200.334720
332 22 200.987562
334 22 201.648209
336 22 202.316584
338 22 202.992611
340 22 203.676214
342 22 204.367316
344 22 205.065843
346 22 205.771718
348 22 206.484866
350 22 207.205212
352 22 207.932681
354 22 208.667199
356 22 209.408691
358 22 210.157084
360 22 210.912304
362 22 211.674278
364 22 212.442934
366 22 213.218198
368 22 214.000000
370 22 214.788268
372 22 215.582931
374 22 216.383918
376 22 217.191160
378 22 218.004587
380 22 218.824130
382 22 219.649721
384 22 220.481292
386 22 221.318775
388 22 222.162103
390 22 223.011210
392 22 223.866031
394 22 224.726500
396 22 225.592553
398 22 226.464125
0 24 225.778653
2 24 224.895531
4 24 224.017856
6 24 223.145692
8 24 222.279104
10 24 221.418156
12 24 220.562916
14 24 219.713450
16 24 218.869824
18 24 218.032108
20 24 217.200368
22 24 216.374675
24 24 215.555097
26 24 214.741705
28 24 213.934569
30 24 213.133761
32 24 212.339351
34 24 211.551412
36 24 210.770017
38 24 209.995238
40 24 209.227149
42 24 208.465825
44 24 207.711338
46 24 206.963765
48 24 206.223180
50 24 205.489659
52 24 204.763278
54 24 204.044113
56 24 203.332240
58 24 202.627737
60 24 201.930681
62 24 201.241149
64 24 200.559218
66 24 199.884967
68 24 199.218473
70 24 198.559815
72 24 197.909070
74 24 197.266317
76 24 196.631635
78 24 196.005102
80 24 195.386796
82 24 194.776795
84 24 194.175179
86 24 193.582024
88 24 192.997409
90 24 192.421413
92 24 191.854111
94 24 191.295583
96 24 190.745904
98 24 190.205152
100 24 189.673404
102 24 189.150734
104 24 188.637218
106 24 188.132932
108 24 187.637949
110 24 187.152344
112 24 186.676190
114 24 186.209559
116 24 185.752524
118 24 185.305154
120 24 184.867520
122 24 184.439692
124 24 184.021738
126 24 183.613725
128 24 183.215720
130 24 182.827788
132 24 182.449993
134 24 182.082399
136 24 181.725067
138 24 181.378058
140 24 181.041432
142 24 180.715246
144 24 180.399557
146 24 180.094420
148 24 179.799889
150 24 179.516016
152 24 179.242852
154 24 178.980446
156 24 178.728845
158 24 178.488095
160 24 178.258240
162 24 178.039321
164 24 177.831381
166 24 177.634456
168 24 177.448584
170 24 177.273800
172 24 177.110135
174 24 176.957622
176 24 176.816289
178 24 176.686162
180 24 176.567268
182 24 176.459627
184 24 176.363261
186 24 176.278189
188 24 176.204427
190 24 176.141988
192 24 176.090886
194 24 176.051129
196 24 176.022726
198 24 176.005682
200 24 176.000000
202 24 176.005682
204 24 176.022726
206 24 176.051129
208 24 176.090886
210 24 176.141988
212 24 176.204427
214 24 176.278189
216 24 176.363261
218 24 176.459627
220 24 176.567268
222 24 176.686162
224 24 176.816289
226 24 176.957622
228 24 177.110135
230 24 177.273800
232 24 177.448584
234 24 177.634456
236 24 177.831381
238 24 178.039321
240 24 178.258240
242 24 178.488095
244 24 178.728845
246 24 178.980446
248 24 179.242852
250 24 179.516016
252 24 179.799889
254 24 180.094420
256 24 180.399557
258 24 180.715246
260 24 181.041432
262 24 181.378058
264 24 181.725067
266 24 182.082399
268 24 182.449993
270 24 182.827788
272 24 183.215720
274 24 183.613725
276 24 184.021738
278 24 184.439692
280 24 184.867520
282 24 185.305154
284 24 185.752524
286 24 186.209559
288 24 186.676190
290 24 187.152344
292 24 187.637949
294 24 188.132932
296 24 188.637218
298 24 189.150734
300 24 189.673404
302 24 190.205152
304 24 190.745904
306 24 191.295583
308 24 191.854111
310 24 192.421413
312 24 192.997409
314 24 193.582024
316 24 194.175179
318 24 194.776795
320 24 195.386796
322 24 196.005102
324 24 196.631635
326 24 197.266317
328 24 197.909070
330 24 198.559815
332 24 199.218473
334 24 199.884967
336 24 200.559218
338 24 201.241149
340 24 201.930681
342 24 202.627737
344 24 203.332240
346 24 204.044113
348 24 204.763278
350 24 205.489659
352 24 206.223180
354 24 206.963765
356 24 207.711338
358 24 208.465825
360 24 209.227149
362 24 209.995238
364 24 210.770017
366 24 211.551412
368 24 212.339351
370 24 213.133761
372 24 213.934569
374 24 214.741705
376 24 215.555097
378 24 216.374675
380 24 217.200368
382 24 218.032108
384 24 218.869824
386 24 219.713450
388 24 220.562916
390 24 221.418156
392 24 222.279104
394 24 223.145692
396 24 224.017856
398 24 224.895531
0 26 224.223103
2 26 223.333831
4 26 222.449994
6 26 221.571659
8 26 220.698890
10 26 219.831754
12 26 218.970318
14 26 218.114649
16 26 217.264815
18 26 216.420886
20 26 215.582931
22 26 214.751019
24 26 213.925221
26 26 213.105608
28 26 212.292251
30 26 211.485224
32 26 210.684598
34 26 209.890448
36 26 209.102846
38 26 208.321866
40 26 207.547585
42 26 206.780076
44 26 206.019417
46 26 205.265681
48 26 204.518948
50 26 203.779292
52 26 203.046793
54 26 202.321526
56 26 201.603571
58 26 200.893006
60 26 200.189910
62 26 199.494361
64 26 198.806439
66 26 198.126222
68 26 197.453792
70 26 196.789227
72 26 196.132608
74 26 195.484015
76 26 194.843527
78 26 194.211225
80 26 193.587190
82 26 192.971500
84 26 192.364238
86 26 191.765482
88 26 191.175312
90 26 190.593809
92 26 190.021051
94 26 189.457119
96 26 188.902091
98 26 188.356046
100 26 187.819062
102 26 187.291217
104 26 186.772589
106 26 186.263255
108 26 185.763290
110 26 185.272772
112 26 184.791775
114 26 184.320373
116 26 183.858641
118 26 183.406652
120 26 182.964477
122 26 182.532189
124 26 182.109857
126 26 181.697551
128 26 181.295339
130 26 180.903289
132 26 180.521467
134 26 180.149938
136 26 179.788765
138 26 179.438012
140 26 179.097739
142 26 178.768006
144 26 178.448872
146 26 178.140394
148 26 177.842627
150 26 177.555625
152 26 177.279440
154 26 177.014124
156 26 176.759724
158 26 176.516288
160 26 176.283862
162 26 176.062489
164 26 175.852211
166 26 175.653067
168 26 175.465096
170 26 175.288334
172 26 175.122814
174 26 174.968569
176 26 174.825627
178 26 174.694018
180 26 174.573767
182 26 174.464896
184 26 174.367428
186 26 174.281382
188 26 174.206774
190 26 174.143619
192 26 174.091930
194 26 174.051716
196 26 174.022987
198 26 174.005747
200 26 174.000000
202 26 174.005747
204 26 174.022987
206 26 174.051716
208 26 174.091930
210 26 174.143619
212 26 174.206774
214 26 174.281382
216 26 174.367428
218 26 174.464896
220 26 174.573767
222 26 174.694018
224 26 174.825627
226 26 174.968569
228 26 175.122814
230 26 175.288334
232 26 175.465096
234 26 175.653067
236 26 175.852211
238 26 176.062489
240 26 176.283862
242 26 176.516288
244 26 176.759724
246 26 177.014124
248 26 177.279440
250 26 177.555625
252 26 177.842627
254 26 178.140394
256 26 178.448872
258 26 178.768006
260 26 179.097739
262 26 179.438012
264 26 179.788765
266 26 180.149938
268 26 180.521467
270 26 180.903289
272 26 181.295339
274 26 181.697551
276 26 182.109857
278 26 182.532189
280 26 182.964477
282 26 183.406652
284 26 183.858641
286 26 184.320373
288 26 184.791775
290 26 185.272772
292 26 185.763290
294 26 186.263255
296 26 186.772589
298 26 187.291217
300 26 187.819062
302 26 188.356046
304 26 188.902091
306 26 189.457119
308 26 190.021051
310 26 190.593809
312 26 191.175312
314 26 191.765482
316 26 192.364238
318 26 192.971500
320 26 193.587190
322 26 194.211225
324 26 194.843527
326 26 195.484015
328 26 196.132608
330 26 196.789227
332 26 197.453792
334 26 198.126222
336 26 198.806439
338 26 199.494361
340 26 200.189910
342 26 200.893006
344 26 201.603571
346 26 202.321526
348 26 203.046793
350 26 203.779292
352 26 204.518948
354 26 205.265681
356 26 206.019417
358 26 206.780076
360 26 207.547585
362 26 208.321866
364 26 209.102846
366 26 209.890448
368 26 210.684598
370 26 211.485224
372 26 212.292251
374 26 213.105608
376 26 213.925221
378 26 214.751019
380 26 215.582931
382 26 216.420886
384 26 217.264815
386 26 218.114649
388 26 218.970318
390 26 219.831754
392 26 220.698890
394 26 221.571659
396 26 222.449994
398 26 223.333831
0 28 222.674651
2 28 221.779169
4 28 220.889112
6 28 220.004545
8 28 219.125535
10 28 218.252148
12 28 217.384452
14 28 216.522516
16 28 215.666409
18 28 214.816201
20 28 213.971961
22 28 213.133761
24 28 212.301672
26 28 211.475767
28 28 210.656118
30 28 209.842798
32 28 209.035882
34 28 208.235444
36 28 207.441558
38 28 206.654301
40 28 205.873748
42 28 205.099976
44 28 204.333061
46 28 203.573083
48 28 202.820117
50 28 202.074244
52 28 201.335541
54 28 200.604088
56 28 199.879964
58 28 199.163250
60 28 198.454025
62 28 197.752370
64 28 197.058367
66 28 196.372096
68 28 195.693638
70 28 195.023076
72 28 194.360490
74 28 193.705963
76 28 193.059576
78 28 192.421413
80 28 191.791554
82 28 191.170081
84 28 190.557078
86 28 189.952626
88 28 189.356806
90 28 188.769701
92 28 188.191392
94 28 187.621960
96 28 187.061487
98 28 186.510053
100 28 185.967739
102 28 185.434625
104 28 184.910789
106 28 184.396312
108 28 183.891272
110 28 183.395747
112 28 182.909814
114 28 182.433550
116 28 181.967030
118 28 181.510330
120 28 181.063525
122 28 180.626687
124 28 180.199889
126 28 179.783203
128 28 179.376699
130 28 178.980446
132 28 178.594513
134 28 178.218966
136 28 177.853873
138 28 177.499296
140 28 177.155299
142 28 176.821944
144 28 176.499292
146 28 176.187400
148 28 175.886327
150 28 175.596128
152 28 175.316856
154 28 175.048565
156 28 174.791304
158 28 174.545123
160 28 174.310069
162 28 174.086186
164 28 173.873517
166 28 173.672105
168 28 173.481988
170 28 173.303203
172 28 173.135785
174 28 172.979768
176 28 172.835182
178 28 172.702056
180 28 172.580416
182 28 172.470287
184 28 172.371691
186 28 172.284648
188 28 172.209175
190 28 172.145287
192 28 172.092998
194 28 172.052318
196 28 172.023254
198 28 172.005814
200 28 172.000000
202 28 172.005814
204 28 172.023254
206 28 172.052318
208 28 172.092998
210 28 172.145287
212 28 172.209175
214 28 172.284648
216 28 172.371691
218 28 172.470287
220 28 172.580416
222 28 172.702056
224 28 172.835182
226 28 172.979768
228 28 173.135785
230 28 173.303203
232 28 173.481988
234 28 173.672105
236 28 173.873517
238 28 174.086186
240 28 174.310069
242 28 174.545123
244 28 174.791304
246 28 175.048565
248 28 175.316856
250 28 175.596128
252 28 175.886327
254 28 176.187400
256 28 176.499292
258 28 176.821944
260 28 177.155299
262 28 177.499296
264 28 177.853873
266 28 178.218966
268 28 178.594513
270 28 178.980446
272 28 179.376699
274 28 179.783203
276 28 180.199889
278 28 180.626687
280 28 181.063525
282 28 181.510330
284 28 181.967030
286 28 182.433550
288 28 182.909814
290 28 183.395747
292 28 183.891272
294 28 184.396312
296 28 184.910789
298 28 185.434625
300 28 185.967739
302 28 186.510053
304 28 187.061487
306 28 187.621960
308 28 188.191392
310 28 188.769701
312 28 189.356806
314 28 189.952626
316 28 190.557078
318 28 191.170081
320 28 191.791554
322 28 192.421413
324 28 193.059576
326 28 193.705963
328 28 194.360490
330 28 195.023076
332 28 195.693638
334 28 196.372096
336 28 197.058367
338 28 197.752370
340 28 198.454025
342 28 199.163250
344 28 199.879964
346 28 200.604088
348 28 201.335541
350 28 202.074244
352 28 202.820117
354 28 203.573083
356 28 204.333061
358 28 205.099976
360 28 205.873748
362 28 206.654301
364 28 207.441558
366 28 208.235444
368 28 209.035882
370 28 209.842798
372 28 210.656118
374 28 211.475767
376 28 212.301672
378 28 213.133761
380 28 213.971961
382 28 214.816201
384 28 215.666409
386 28 216.522516
388 28 217.384452
390 28 218.252148
392 28 219.125535
394 28 220.004545
396 28 220.889112
398 28 221.779169
0 30 221.133444
2 30 220.231696
4 30 219.335360
6 30 218.444501
8 30 217.559187
10 30 216.679487
12 30 215.805468
14 30 214.937200
16 30 214.074753
18 30 213.218198
20 30 212.367606
22 30 211.523048
24 30 210.684598
26 30 209.852329
28 30 209.026314
30 30 208.206628
32 30 207.393346
34 30 206.586544
36 30 205.786297
38 30 204.992683
40 30 204.205779
42 30 203.425662
44 30 202.652412
46 30 201.886107
48 30 201.126826
50 30 200.374649
52 30 199.629657
54 30 198.891930
56 30 198.161550
58 30 197.438598
60 30 196.723156
62 30 196.015306
64 30 195.315130
66 30 194.622712
68 30 193.938134
70 30 193.261481
72 30 192.592835
74 30 191.932280
76 30 191.279900
78 30 190.635778
80 30 190.000000
82 30 189.372649
84 30 188.753808
86 30 188.143562
88 30 187.541995
90 30 186.949191
92 30 186.365233
94 30 185.790204
96 30 185.224188
98 30 184.667268
100 30 184.119526
102 30 183.581045
104 30 183.051905
106 30 182.532189
108 30 182.021977
110 30 181.521349
112 30 181.030384
114 30 180.549162
116 30 180.077761
118 30 179.616258
120 30 179.164729
122 30 178.723250
124 30 178.291895
126 30 177.870740
128 30 177.459855
130 30 177.059312
132 30 176.669182
134 30 176.289535
136 30 175.920437
138 30 175.561955
140 30 175.214155
142 30 174.877100
144 30 174.550852
146 30 174.235473
148 30 173.931021
150 30 173.637554
152 30 173.355127
154 30 173.083795
156 30 172.823609
158 30 172.574622
160 30 172.336879
162 30 172.110430
164 30 171.895317
166 30 171.691584
168 30 171.499271
170 30 171.318417
172 30 171.149058
174 30 170.991228
176 30 170.844959
178 30 170.710281
180 30 170.587221
182 30 170.475805
184 30 170.376055
186 30 170.287991
188 30 170.211633
190 30 170.146995
192 30 170.094092
194 30 170.052933
196 30 170.023528
198 30 170.005882
200 30 170.000000
202 30 170.005882
204 30 170.023528
206 30 170.052933
208 30 170.094092
210 30 170.146995
212 30 170.211633
214 30 170.287991
216 30 170.376055
218 30 170.475805
220 30 170.587221
222 30 170.710281
224 30 170.844959
226 30 170.991228
228 30 171.149058
230 30 171.318417
232 30 171.499271
234 30 171.691584
236 30 171.895317
238 30 172.110430
240 30 172.336879
242 30 172.574622
244 30 172.823609
246 30 173.083795
248 30 173.355127
250 30 173.637554
252 30 173.931021
254 30 174.235473
256 30 174.550852
258 30 174.877100
260 30 175.214155
262 30 175.561955
264 30 175.920437
266 30 176.289535
268 30 176.669182
270 30 177.059312
272 30 177.459855
274 30 177.870740
276 30 178.291895
278 30 178.723250
280 30 179.164729
282 30 179.616258
284 30 180.077761
286 30 180.549162
288 30 181.030384
290 30 181.521349
292 30 182.021977
294 30 182.532189
296 30 183.051905
298 30 183.581045
300 30 184.119526
302 30 184.667268
304 30 185.224188
306 30 185.790204
308 30 186.365233
310 30 186.949191
312 30 187.541995
314 30 188.143562
316 30 188.753808
318 30 189.372649
320 30 190.000000
322 30 190.635778
324 30 191.279900
326 30 191.932280
328 30 192.592835
330 30 193.261481
332 30 193.938134
334 30 194.622712
336 30 195.315130
338 30 196.015306
340 30 196.723156
342 30 197.438598
344 30 198.161550
346 30 198.891930
348 30 199.629657
350 30 200.374649
352 30 201.126826
354 30 201.886107
356 30 202.652412
358 30 203.425662
360 30 204.205779
362 30 204.992683
364 30 205.786297
366 30 206.586544
368 30 207.393346
370 30 208.206628
372 30 209.026314
374 30 209.852329
376 30 210.684598
378 30 211.523048
380 30 212.367606
382 30 213.218198
384 30 214.074753
386 30 214.937200
388 30 215.805468
390 30 216.679487
392 30 217.559187
394 30 218.444501
396 30 219.335360
398 30 220.231696
0 32 219.599636
2 32 218.691564
4 32 217.788889
6 32 216.891678
8 32 216.000000
10 32 215.113923
12 32 214.233517
14 32 213.358853
16 32 212.490000
18 32 211.627030
20 32 210.770017
22 32 209.919032
24 32 209.074150
26 32 208.235444
28 32 207.402989
30 32 206.576862
32 32 205.757138
34 32 204.943895
36 32 204.137209
38 32 203.337158
40 32 202.543822
42 32 201.757280
44 32 200.977611
46 32 200.204895
48 32 199.439214
50 32 198.680648
52 32 197.929280
54 32 197.185192
56 32 196.448467
58 32 195.719187
60 32 194.997436
62 32 194.283298
64 32 193.576858
66 32 192.878200
68 32 192.187409
70 32 191.504569
72 32 190.829767
74 32 190.163088
76 32 189.504617
78 32 188.854441
80 32 188.212646
82 32 187.579317
84 32 186.954540
86 32 186.338402
88 32 185.730988
90 32 185.132385
92 32 184.542678
94 32 183.961953
96 32 183.390294
98 32 182.827788
100 32 182.274518
102 32 181.730570
104 32 181.196026
106 32 180.670972
108 32 180.155488
110 32 179.649659
112 32 179.153565
114 32 178.667289
116 32 178.190909
118 32 177.724506
120 32 177.268158
122 32 176.821944
124 32 176.385940
126 32 175.960223
128 32 175.544866
130 32 175.139944
132 32 174.745529
134 32 174.361693
136 32 173.988505
138 32 173.626035
140 32 173.274349
142 32 172.933513
144 32 172.603592
146 32 172.284648
148 32 171.976743
150 32 171.679935
152 32 171.394282
154 32 171.119841
156 32 170.856665
158 32 170.604806
160 32 170.364316
162 32 170.135240
164 32 169.917627
166 32 169.711520
168 32 169.516961
170 32 169.333990
172 32 169.162644
174 32 169.002959
176 32 168.854967
178 32 168.718701
180 32 168.594187
182 32 168.481453
184 32 168.380521
186 32 168.291414
188 32 168.214149
190 32 168.148744
192 32 168.095211
194 32 168.053563
196 32 168.023808
198 32 168.005952
200 32 168.000000
202 32 168.005952
204 32 168.023808
206 32 168.053563
208 32 168.095211
210 32 168.148744
212 32 168.214149
214 32 168.291414
216 32 168.380521
218 32 168.481453
220 32 168.594187
222 32 168.718701
224 32 168.854967
226 32 169.002959
228 32 169.162644
230 32 169.333990
232 32 169.516961
234 32 169.711520
236 32 169.917627
238 32 170.135240
240 32 170.364316
242 32 170.604806
244 32 170.856665
246 32 171.119841
248 32 171.394282
250 32 171.679935
252 32 171.976743
254 32 172.284648
256 32 172.603592
258 32 172.933513
260 32 173.274349
262 32 173.626035
264 32 173.988505
266 32 174.361693
268 32 174.745529
270 32 175.139944
272 32 175.544866
274 32 175.960223
276 32 176.385940
278 32 176.821944
280 32 177.268158
282 32 177.724506
284 32 178.190909
286 32 178.667289
288 32 179.153565
290 32 179.649659
292 32 180.155488
294 32 180.670972
296 32 181.196026
298 32 181.730570
300 32 182.274518
302 32 182.827788
304 32 183.390294
306 32 183.961953
308 32 184.542678
310 32 185.132385
312 32 185.730988
314 32 186.338402
316 32 186.954540
318 32 187.579317
320 32 188.212646
322 32 188.854441
324 32 189.504617
326 32 190.163088
328 32 190.829767
330 32 191.504569
332 32 192.187409
334 32 192.878200
336 32 193.576858
338 32 194.283298
340 32 194.997436
342 32 195.719187
344 32 196.448467
346 32 197.185192
348 32 197.929280
350 32 198.680648
352 32 199.439214
354 32 200.204895
356 32 200.977611
358 32 201.757280
360 32 202.543822
362 32 203.337158
364 32 204.137209
366 32 204.943895
368 32 205.757138
370 32 206.576862
372 32 207.402989
374 32 208.235444
376 32 209.074150
378 32 209.919032
380 32 210.770017
382 32 211.627030
384 32 212.490000
386 32 213.358853
388 32 214.233517
390 32 215.113923
392 32 216.000000
394 32 216.891678
396 32 217.788889
398 32 218.691564
0 34 218.073382
2 34 217.158928
4 34 216.249855
6 34 215.346233
8 34 214.448129
10 34 213.555613
12 34 212.668757
14 34 211.787629
16 34 210.912304
18 34 210.042853
20 34 209.179349
22 34 208.321866
24 34 207.470480
26 34 206.625265
28 34 205.786297
30 34 204.953653
32 34 204.127411
34 34 203.307649
36 34 202.494444
38 34 201.687878
40 34 200.888029
42 34 200.094977
44 34 199.308806
46 34 198.529595
48 34 197.757427
50 34 196.992386
52 34 196.234554
54 34 195.484015
56 34 194.740853
58 34 194.005155
60 34 193.277003
62 34 192.556485
64 34 191.843686
66 34 191.138693
68 34 190.441592
70 34 189.752470
72 34 189.071415
74 34 188.398514
76 34 187.733854
78 34 187.077524
80 34 186.429611
82 34 185.790204
84 34 185.159391
86 34 184.537259
88 34 183.923897
90 34 183.319393
92 34 182.723835
94 34 182.137311
96 34 181.559907
98 34 180.991713
100 34 180.432813
102 34 179.883296
104 34 179.343246
106 34 178.812751
108 34 178.291895
110 34 177.780764
112 34 177.279440
114 34 176.788009
116 34 176.306551
118 34 175.835150
120 34 175.373886
122 34 174.922840
124 34 174.482091
126 34 174.051716
128 34 173.631794
130 34 173.222400
132 34 172.823609
134 34 172.435495
136 34 172.058130
138 34 171.691584
140 34 171.335927
142 34 170.991228
144 34 170.657552
146 34 170.334964
148 34 170.023528
150 34 169.723304
152 34 169.434353
154 34 169.156732
156 34 168.890497
158 34 168.635702
160 34 168.392399
162 34 168.160637
164 34 167.940466
166 34 167.731929
168 34 167.535071
170 34 167.349933
172 34 167.176553
174 34 167.014969
176 34 166.865215
178 34 166.727322
180 34 166.601321
182 34 166.487237
184 34 166.385095
186 34 166.294919
188 34 166.216726
190 34 166.150534
192 34 166.096358
194 34 166.054208
196 34 166.024095
198 34 166.006024
200 34 166.000000
202 34 166.006024
204 34 166.024095
206 34 166.054208
208 34 166.096358
210 34 166.150534
212 34 166.216726
214 34 166.294919
216 34 166.385095
218 34 166.487237
220 34 166.601321
222 34 166.727322
224 34 166.865215
226 34 167.014969
228 34 167.176553
230 34 167.349933
232 34 167.535071
234 34 167.731929
236 34 167.940466
238 34 168.160637
240 34 168.392399
242 34 168.635702
244 34 168.890497
246 34 169.156732
248 34 169.434353
250 34 169.723304
252 34 170.023528
254 34 170.334964
256 34 170.657552
258 34 170.991228
260 34 171.335927
262 34 171.691584
264 34 172.058130
266 34 172.435495
268 34 172.823609
270 34 173.222400
272 34 173.631794
274 34 174.051716
276 34 174.482091
278 34 174.922840
280 34 175.373886
282 34 175.835150
284 34 176.306551
286 34 176.788009
288 34 177.279440
290 34 177.780764
292 34 178.291895
294 34 178.812751
296 34 179.343246
298 34 179.883296
300 34 180.432813
302 34 180.991713
304 34 181.559907
306 34 182.137311
308 34 182.723835
310 34 183.319393
312 34 183.923897
314 34 184.537259
316 34 185.159391
318 34 185.790204
320 34 186.429611
322 34 187.077524
324 34 187.733854
326 34 188.398514
328 34 189.071415
330 34 189.752470
332 34 190.441592
334 34 191.138693
336 34 191.843686
338 34 192.556485
340 34 193.277003
342 34 194.005155
344 34 194.740853
346 34 195.484015
348 34 196.234554
350 34 196.992386
352 34 197.757427
354 34 198.529595
356 34 199.308806
358 34 200.094977
360 34 200.888029
362 34 201.687878
364 34 202.494444
366 34 203.307649
368 34 204.127411
370 34 204.953653
372 34 205.786297
374 34 206.625265
376 34 207.470480
378 34 208.321866
380 34 209.179349
382 34 210.042853
384 34 210.912304
386 34 211.787629
388 34 212.668757
390 34 213.555613
392 34 214.448129
394 34 215.346233
396 34 216.249855
398 34 217.158928
0 36 216.554843
2 36 215.633949
4 36 214.718420
6 36 213.808325
8 36 212.903734
10 36 212.004717
12 36 211.111345
14 36 210.223690
16 36 209.341826
18 36 208.465825
20 36 207.595761
22 36 206.731710
24 36 205.873748
26 36 205.021950
28 36 204.176394
30 36 203.337158
32 36 202.504321
34 36 201.677961
36 36 200.858159
38 36 200.044995
40 36 199.238550
42 36 198.438907
44 36 197.646148
46 36 196.860357
48 36 196.081616
50 36 195.310010
52 36 194.545624
54 36 193.788545
56 36 193.038856
58 36 192.296646
60 36 191.562000
62 36 190.835007
64 36 190.115754
66 36 189.404329
68 36 188.700821
70 36 188.005319
72 36 187.317912
74 36 186.638688
76 36 185.967739
78 36 185.305154
80 36 184.651022
82 36 184.005435
84 36 183.368481
86 36 182.740253
88 36 182.120839
90 36 181.510330
92 36 180.908817
94 36 180.316389
96 36 179.733136
98 36 179.159147
100 36 178.594513
102 36 178.039321
104 36 177.493662
106 36 176.957622
108 36 176.431290
110 36 175.914752
112 36 175.408096
114 36 174.911406
116 36 174.424769
118 36 173.948268
120 36 173.481988
122 36 173.026010
124 36 172.580416
126 36 172.145287
128 36 171.720703
130 36 171.306742
132 36 170.903482
134 36 170.510997
136 36 170.129363
138 36 169.758652
140 36 169.398937
142 36 169.050288
144 36 168.712774
146 36 168.386460
148 36 168.071413
150 36 167.767697
152 36 167.475371
154 36 167.194498
156 36 166.925133
158 36 166.667333
160 36 166.421153
162 36 166.186642
164 36 165.963851
166 36 165.752828
168 36 165.553617
170 36 165.366260
172 36 165.190799
174 36 165.027270
176 36 164.875711
178 36 164.736153
180 36 164.608627
182 36 164.493161
184 36 164.389781
186 36 164.298509
188 36 164.219365
190 36 164.152368
192 36 164.097532
194 36 164.054869
196 36 164.024388
198 36 164.006097
200 36 164.000000
202 36 164.006097
204 36 164.024388
206 36 164.054869
208 36 164.097532
210 36 164.152368
212 36 164.219365
214 36 164.298509
216 36 164.389781
218 36 164.493161
220 36 164.608627
222 36 164.736153
224 36 164.875711
226 36 165.027270
228 36 165.190799
230 36 165.366260
232 36 165.553617
234 36 165.752828
236 36 165.963851
238 36 166.186642
240 36 166.421153
242 36 166.667333
244 36 166.925133
246 36 167.194498
248 36 167.475371
250 36 167.767697
252 36 168.071413
254 36 168.386460
256 36 168.712774
258 36 169.050288
260 36 169.398937
262 36 169.758652
264 36 170.129363
266 36 170.510997
268 36 170.903482
270 36 171.306742
272 36 171.720703
274 36 172.145287
276 36 172.580416
278 36 173.026010
280 36 173.481988
282 36 173.948268
284 36 174.424769
286 36 174.911406
288 36 175.408096
290 36 175.914752
292 36 176.431290
294 36 176.957622
296 36 177.493662
298 36 178.039321
300 36 178.594513
302 36 179.159147
304 36 179.733136
306 36 180.316389
308 36 180.908817
310 36 181.510330
312 36 182.120839
314 36 182.740253
316 36 183.368481
318 36 184.005435
320 36 184.651022
322 36 185.305154
324 36 185.967739
326 36 186.638688
328 36 187.317912
330 36 188.005319
332 36 188.700821
334 36 189.404329
336 36 190.115754
338 36 190.835007
340 36 191.562000
342 36 192.296646
344 36 193.038856
346 36 193.788545
348 36 194.545624
350 36 195.310010
352 36 196.081616
354 36 196.860357
356 36 197.646148
358 36 198.438907
360 36 199.238550
362 36 200.044995
364 36 200.858159
366 36 201.677961
368 36 202.504321
370 36 203.337158
372 36 204.176394
374 36 205.021950
376 36 205.873748
378 36 206.731710
380 36 207.595761
382 36 208.465825
384 36 209.341826
386 36 210.223690
388 36 211.111345
390 36 212.004717
392 36 212.903734
394 36 213.808325
396 36 214.718420
398 36 215.633949
0 38 215.044182
2 38 214.116791
4 38 213.194747
6 38 212.278119
8 38 211.366979
10 38 210.461398
12 38 209.561447
14 38 208.667199
16 38 207.778728
18 38 206.896109
20 38 206.019417
22 38 205.148727
24 38 204.284116
26 38 203.425662
28 38 202.573443
30 38 201.727539
32 38 200.888029
34 38 200.054992
36 38 199.228512
38 38 198.408669
40 38 197.595547
42 38 196.789227
44 38 195.989796
46 38 195.197336
48 38 194.411934
50 38 193.633675
52 38 192.862645
54 38 192.098933
56 38 191.342625
58 38 190.593809
60 38 189.852574
62 38 189.119010
64 38 188.393206
66 38 187.675251
68 38 186.965237
70 38 186.263255
72 38 185.569394
74 38 184.883747
76 38 184.206406
78 38 183.537462
80 38 182.877008
82 38 182.225135
84 38 181.581937
86 38 180.947506
88 38 180.321934
90 38 179.705314
92 38 179.097739
94 38 178.499300
96 38 177.910090
98 38 177.330200
100 38 176.759724
102 38 176.198751
104 38 175.647374
106 38 175.105682
108 38 174.573767
110 38 174.051716
112 38 173.539621
114 38 173.037568
116 38 172.545646
118 38 172.063942
120 38 171.592541
122 38 171.131528
124 38 170.680989
126 38 170.241006
128 38 169.811660
130 38 169.393034
132 38 168.985206
134 38 168.588256
136 38 168.202259
138 38 167.827292
140 38 167.463429
142 38 167.110742
144 38 166.769302
146 38 166.439178
148 38 166.120438
150 38 165.813148
152 38 165.517371
154 38 165.233169
156 38 164.960601
158 38 164.699727
160 38 164.450600
162 38 164.213276
164 38 163.987804
166 38 163.774235
168 38 163.572614
170 38 163.382986
172 38 163.205392
174 38 163.039872
176 38 162.886464
178 38 162.745200
180 38 162.616112
182 38 162.499231
184 38 162.394581
186 38 162.302187
188 38 162.222070
190 38 162.154248
192 38 162.098735
194 38 162.055546
196 38 162.024689
198 38 162.006173
200 38 162.000000
202 38 162.006173
204 38 162.024689
206 38 162.055546
208 38 162.098735
210 38 162.154248
212 38 162.222070
214 38 162.302187
216 38 162.394581
218 38 162.499231
220 38 162.616112
222 38 162.745200
224 38 162.886464
226 38 163.039872
228 38 163.205392
230 38 163.382986
232 38 163.572614
234 38 163.774235
236 38 163.987804
238 38 164.213276
240 38 164.450600
242 38 164.699727
244 38 164.960601
246 38 165.233169
248 38 165.517371
250 38 165.813148
252 38 166.120438
254 38 166.439178
256 38 166.769302
258 38 167.110742
260 38 167.463429
262 38 167.827292
264 38 168.202259
266 38 168.588256
268 38 168.985206
270 38 169.393034
272 38 169.811660
274 38 170.241006
276 38 170.680989
278 38 171.131528
280 38 171.592541
282 38 172.063942
284 38 172.545646
286 38 173.037568
288 38 173.539621
290 38 174.051716
292 38 174.573767
294 38 175.105682
296 38 175.647374
298 38 176.198751
300 38 176.759724
302 38 177.330200
304 38 177.910090
306 38 178.499300
308 38 179.097739
310 38 179.705314
312 38 180.321934
314 38 180.947506
316 38 181.581937
318 38 182.225135
320 38 182.877008
322 38 183.537462
324 38 184.206406
326 38 184.883747
328 38 185.569394
330 38 186.263255
332 38 186.965237
334 38 187.675251
336 38 188.393206
338 38 189.119010
340 38 189.852574
342 38 190.593809
344 38 191.342625
346 38 192.098933
348 38 192.862645
350 38 193.633675
352 38 194.411934
354 38 195.197336
356 38 195.989796
358 38 196.789227
360 38 197.595547
362 38 198.408669
364 38 199.228512
366 38 200.054992
368 38 200.888029
370 38 201.727539
372 38 202.573443
374 38 203.425662
376 38 204.284116
378 38 205.148727
380 38 206.019417
382 38 206.896109
384 38 207.778728
386 38 208.667199
388 38 209.561447
390 38 210.461398
392 38 211.366979
394 38 212.278119
396 38 213.194747
398 38 214.116791
0 40 213.541565
2 40 212.607620
4 40 211.679002
6 40 210.755783
8 40 209.838033
10 40 208.925824
12 40 208.019230
14 40 207.118324
16 40 206.223180
18 40 205.333874
20 40 204.450483
22 40 203.573083
24 40 202.701751
26 40 201.836568
28 40 200.977611
30 40 200.124961
32 40 199.278699
34 40 198.438907
36 40 197.605668
38 40 196.779064
40 40 195.959179
42 40 195.146099
44 40 194.339908
46 40 193.540693
48 40 192.748541
50 40 191.963538
52 40 191.185774
54 40 190.415336
56 40 189.652313
58 40 188.896797
60 40 188.148877
62 40 187.408644
64 40 186.676190
66 40 185.951607
68 40 185.234986
70 40 184.526421
72 40 183.826005
74 40 183.133831
76 40 182.449993
78 40 181.774586
80 40 181.107703
82 40 180.449439
84 40 179.799889
86 40 179.159147
88 40 178.527309
90 40 177.904469
92 40 177.290722
94 40 176.686162
96 40 176.090886
98 40 175.504986
100 40 174.928557
102 40 174.361693
104 40 173.804488
106 40 173.257034
108 40 172.719426
110 40 172.191754
112 40 171.674110
114 40 171.166586
116 40 170.669271
118 40 170.182255
120 40 169.705627
122 40 169.239475
124 40 168.783885
126 40 168.338944
128 40 167.904735
130 40 167.481342
132 40 167.068848
134 40 166.667333
136 40 166.276878
138 40 165.897559
140 40 165.529454
142 40 165.172637
144 40 164.827182
146 40 164.493161
148 40 164.170643
150 40 163.859696
152 40 163.560386
154 40 163.272778
156 40 162.996932
158 40 162.732910
160 40 162.480768
162 40 162.240562
164 40 162.012345
166 40 161.796168
168 40 161.592079
170 40 161.400124
172 40 161.220346
174 40 161.052786
176 40 160.897483
178 40 160.754471
180 40 160.623784
182 40 160.505452
184 40 160.399501
186 40 160.305957
188 40 160.224842
190 40 160.156174
192 40 160.099969
194 40 160.056240
196 40 160.024998
198 40 160.006250
200 40 160.000000
202 40 160.006250
204 40 160.024998
206 40 160.056240
208 40 160.099969
210 40 160.156174
212 40 160.224842
214 40 160.305957
216 40 160.399501
218 40 160.505452
220 40 160.623784
222 40 160.754471
224 40 160.897483
226 40 161.052786
228 40 161.220346
230 40 161.400124
232 40 161.592079
234 40 161.796168
236 40 162.012345
238 40 162.240562
240 40 162.480768
242 40 162.732910
244 40 162.996932
246 40 163.272778
248 40 163.560386
250 40 163.859696
252 40 164.170643
254 40 164.493161
256 40 164.827182
258 40 165.172637
260 40 165.529454
262 40 165.897559
264 40 166.276878
266 40 166.667333
268 40 167.068848
270 40 167.481342
272 40 167.904735
274 40 168.338944
276 40 168.783885
278 40 169.239475
280 40 169.705627
282 40 170.182255
284 40 170.669271
286 40 171.166586
288 40 171.674110
290 40 172.191754
292 40 172.719426
294 40 173.257034
296 40 173.804488
298 40 174.361693
300 40 174.928557
302 40 175.504986
304 40 176.090886
306 40 176.686162
308 40 177.290722
310 40 177.904469
312 40 178.527309
314 40 179.159147
316 40 179.799889
318 40 180.449439
320 40 181.107703
322 40 181.774586
324 40 182.449993
326 40 183.133831
328 40 183.826005
330 40 184.526421
332 40 185.234986
334 40 185.951607
336 40 186.676190
338 40 187.408644
340 40 188.148877
342 40 188.896797
344 40 189.652313
346 40 190.415336
348 40 191.185774
350 40 191.963538
352 40 192.748541
354 40 193.540693
356 40 194.339908
358 40 195.146099
360 40 195.959179
362 40 196.779064
364 40 197.605668
366 40 198.438907
368 40 199.278699
370 40 200.124961
372 40 200.977611
374 40 201.836568
376 40 202.701751
378 40 203.573083
380 40 204.450483
382 40 205.333874
384 40 206.223180
386 40 207.118324
388 40 208.019230
390 40 208.925824
392 40 209.838033
394 40 210.755783
396 40 211.679002
398 40 212.607620
0 42 212.047165
2 42 211.106608
4 42 210.171359
6 42 209.241487
8 42 208.317066
10 42 207.398168
12 42 206.484866
14 42 205.577236
16 42 204.675353
18 42 203.779292
20 42 202.889132
22 42 202.004950
24 42 201.126826
26 42 200.254838
28 42 199.389067
30 42 198.529595
32 42 197.676503
34 42 196.829876
36 42 195.989796
38 42 195.156348
40 42 194.329617
42 42 193.509690
44 42 192.696653
46 42 191.890594
48 42 191.091601
50 42 190.299764
52 42 189.515171
54 42 188.737914
56 42 187.968082
58 42 187.205769
60 42 186.451066
62 42 185.704066
64 42 184.964862
66 42 184.233547
68 42 183.510218
70 42 182.794967
72 42 182.087891
74 42 181.389085
76 42 180.698644
78 42 180.016666
80 42 179.343246
82 42 178.678482
84 42 178.022470
86 42 177.375308
88 42 176.737093
90 42 176.107921
92 42 175.487891
94 42 174.877100
96 42 174.275644
98 42 173.683620
100 42 173.101127
102 42 172.528259
104 42 171.965113
106 42 171.411785
108 42 170.868370
110 42 170.334964
112 42 169.811660
114 42 169.298553
116 42 168.795735
118 42 168.303298
120 42 167.821334
122 42 167.349933
124 42 166.889185
126 42 166.439178
128 42 166.000000
130 42 165.571737
132 42 165.154473
134 42 164.748293
136 42 164.353278
138 42 163.969509
140 42 163.597066
142 42 163.236025
144 42 162.886464
146 42 162.548454
148 42 162.222070
150 42 161.907381
152 42 161.604455
154 42 161.313360
156 42 161.034158
158 42 160.766912
160 42 160.511682
162 42 160.268525
164 42 160.037496
166 42 159.818647
168 42 159.612030
170 42 159.417690
172 42 159.235674
174 42 159.066024
176 42 158.908779
178 42 158.763976
180 42 158.631649
182 42 158.511829
184 42 158.404545
186 42 158.309823
188 42 158.227684
190 42 158.158149
192 42 158.101233
194 42 158.056952
196 42 158.025314
198 42 158.006329
200 42 158.000000
202 42 158.006329
204 42 158.025314
206 42 158.056952
208 42 158.101233
210 42 158.158149
212 42 158.227684
214 42 158.309823
216 42 158.404545
218 42 158.511829
220 42 158.631649
222 42 158.763976
224 42 158.908779
226 42 159.066024
228 42 159.235674
230 42 159.417690
232 42 159.612030
234 42 159.818647
236 42 160.037496
238 42 160.268525
240 42 160.511682
242 42 160.766912
244 42 161.034158
246 42 161.313360
248 42 161.604455
250 42 161.907381
252 42 162.222070
254 42 162.548454
256 42 162.886464
258 42 163.236025
260 42 163.597066
262 42 163.969509
264 42 164.353278
266 42 164.748293
268 42 165.154473
270 42 165.571737
272 42 166.000000
274 42 166.439178
276 42 166.889185
278 42 167.349933
280 42 167.821334
282 42 168.303298
284 42 168.795735
286 42 169.298553
288 42 169.811660
290 42 170.334964
292 42 170.868370
294 42 171.411785
296 42 171.965113
298 42 172.528259
300 42 173.101127
302 42 173.683620
304 42 174.275644
306 42 174.877100
308 42 175.487891
310 42 176.107921
312 42 176.737093
314 42 177.375308
316 42 178.022470
318 42 178.678482
320 42 179.343246
322 42 180.016666
324 42 180.698644
326 42 181.389085
328 42 182.087891
330 42 182.794967
332 42 183.510218
334 42 184.233547
336 42 184.964862
338 42 185.704066
340 42 186.451066
342 42 187.205769
344 42 187.968082
346 42 188.737914
348 42 189.515171
350 42 190.299764
352 42 191.091601
354 42 191.890594
356 42 192.696653
358 42 193.509690
360 42 194.329617
362 42 195.156348
364 42 195.989796
366 42 196.829876
368 42 197.676503
370 42 198.529595
372 42 199.389067
374 42 200.254838
376 42 201.126826
378 42 202.004950
380 42 202.889132
382 42 203.779292
384 42 204.675353
386 42 205.577236
388 42 206.484866
390 42 207.398168
392 42 208.317066
394 42 209.241487
396 42 210.171359
398 42 211.106608
0 44 210.561155
2 44 209.613931
4 44 208.671991
6 44 207.735409
8 44 206.804255
10 44 205.878605
12 44 204.958532
14 44 204.044113
16 44 203.135423
18 44 202.232539
20 44 201.335541
22 44 200.444506
24 44 199.559515
26 44 198.680648
28 44 197.807988
30 44 196.941616
32 44 196.081616
34 44 195.228072
36 44 194.381069
38 44 193.540693
40 44 192.707032
42 44 191.880171
44 44 191.060200
46 44 190.247208
48 44 189.441284
50 44 188.642519
52 44 187.851005
54 44 187.066833
56 44 186.290096
58 44 185.520888
60 44 184.759303
62 44 184.005435
64 44 183.259379
66 44 182.521232
68 44 181.791089
70 44 181.069048
72 44 180.355205
74 44 179.649659
76 44 178.952508
78 44 178.263849
80 44 177.583783
82 44 176.912408
84 44 176.249823
86 44 175.596128
88 44 174.951422
90 44 174.315805
92 44 173.689378
94 44 173.072239
96 44 172.464489
98 44 171.866227
100 44 171.277553
102 44 170.698565
104 44 170.129363
106 44 169.570045
108 44 169.020709
110 44 168.481453
112 44 167.952374
114 44 167.433569
116 44 166.925133
118 44 166.427161
120 44 165.939748
122 44 165.462987
124 44 164.996970
126 44 164.541788
128 44 164.097532
130 44 163.664291
132 44 163.242151
134 44 162.831201
136 44 162.431524
138 44 162.043204
140 44 161.666323
142 44 161.300961
144 44 160.947196
146 44 160.605106
148 44 160.274764
150 44 159.956244
152 44 159.649616
154 44 159.354950
156 44 159.072311
158 44 158.801763
160 44 158.543369
162 44 158.297189
164 44 158.063278
166 44 157.841693
168 44 157.632484
170 44 157.435701
172 44 157.251391
174 44 157.079598
176 44 156.920362
178 44 156.773722
180 44 156.639714
182 44 156.518370
184 44 156.409718
186 44 156.313787
188 44 156.230599
190 44 156.160174
192 44 156.102530
194 44 156.057682
196 44 156.025639
198 44 156.006410
200 44 156.000000
202 44 156.006410
204 44 156.025639
206 44 156.057682
208 44 156.102530
210 44 156.160174
212 44 156.230599
214 44 156.313787
216 44 156.409718
218 44 156.518370
220 44 156.639714
222 44 156.773722
224 44 156.920362
226 44 157.079598
228 44 157.251391
230 44 157.435701
232 44 157.632484
234 44 157.841693
236 44 158.063278
238 44 158.297189
240 44 158.543369
242 44 158.801763
244 44 159.072311
246 44 159.354950
248 44 159.649616
250 44 159.956244
252 44 160.274764
254 44 160.605106
256 44 160.947196
258 44 161.300961
260 44 161.666323
262 44 162.043204
264 44 162.431524
266 44 162.831201
268 44 163.242151
270 44 163.664291
272 44 164.097532
274 44 164.541788
276 44 164.996970
278 44 165.462987
280 44 165.939748
282 44 166.427161
284 44 166.925133
286 44 167.433569
288 44 167.952374
290 44 168.481453
292 44 169.020709
294 44 169.570045
296 44 170.129363
298 44 170.698565
300 44 171.277553
302 44 171.866227
304 44 172.464489
306 44 173.072239
308 44 173.689378
310 44 174.315805
312 44 174.951422
314 44 175.596128
316 44 176.249823
318 44 176.912408
320 44 177.583783
322 44 178.263849
324 44 178.952508
326 44 179.649659
328 44 180.355205
330 44 181.069048
332 44 181.791089
334 44 182.521232
336 44 183.259379
338 44 184.005435
340 44 184.759303
342 44 185.520888
344 44 186.290096
346 44 187.066833
348 44 187.851005
350 44 188.642519
352 44 189.441284
354 44 190.247208
356 44 191.060200
358 44 191.880171
360 44 192.707032
362 44 193.540693
364 44 194.381069
366 44 195.228072
368 44 196.081616
370 44 196.941616
372 44 197.807988
374 44 198.680648
376 44 199.559515
378 44 200.444506
380 44 201.335541
382 44 202.232539
384 44 203.135423
386 44 204.044113
388 44 204.958532
390 44 205.878605
392 44 206.804255
394 44 207.735409
396 44 208.671991
398 44 209.613931
0 46 209.083715
2 46 208.129767
4 46 207.181080
6 46 206.237727
8 46 205.299781
10 46 204.367316
12 46 203.440409
14 46 202.519135
16 46 201.603571
18 46 200.693797
20 46 199.789890
22 46 198.891930
24 46 198.000000
26 46 197.114180
28 46 196.234554
30 46 195.361204
32 46 194.494216
34 46 193.633675
36 46 192.779667
38 46 191.932280
40 46 191.091601
42 46 190.257720
44 46 189.430726
46 46 188.610710
48 46 187.797764
50 46 186.991978
52 46 186.193448
54 46 185.402265
56 46 184.618526
58 46 183.842324
60 46 183.073756
62 46 182.312918
64 46 181.559907
66 46 180.814822
68 46 180.077761
70 46 179.348822
72 46 178.628105
74 46 177.915710
76 46 177.211738
78 46 176.516288
80 46 175.829463
82 46 175.151363
84 46 174.482091
86 46 173.821748
88 46 173.170436
90 46 172.528259
92 46 171.895317
94 46 171.271714
96 46 170.657552
98 46 170.052933
100 46 169.457959
102 46 168.872733
104 46 168.297356
106 46 167.731929
108 46 167.176553
110 46 166.631330
112 46 166.096358
114 46 165.571737
116 46 165.057566
118 46 164.553943
120 46 164.060964
122 46 163.578727
124 46 163.107327
126 46 162.646857
128 46 162.197411
130 46 161.759080
132 46 161.331956
134 46 160.916127
136 46 160.511682
138 46 160.118706
140 46 159.737284
142 46 159.367500
144 46 159.009434
146 46 158.663165
148 46 158.328772
150 46 158.006329
152 46 157.695910
154 46 157.397586
156 46 157.111425
158 46 156.837496
160 46 156.575860
162 46 156.326581
164 46 156.089718
166 46 155.865326
168 46 155.653461
170 46 155.454173
172 46 155.267511
174 46 155.093520
176 46 154.932243
178 46 154.783720
180 46 154.647987
182 46 154.525079
184 46 154.415025
186 46 154.317854
188 46 154.233589
190 46 154.162252
192 46 154.103861
194 46 154.058430
196 46 154.025972
198 46 154.006493
200 46 154.000000
202 46 154.006493
204 46 154.025972
206 46 154.058430
208 46 154.103861
210 46 154.162252
212 46 154.233589
214 46 154.317854
216 46 154.415025
218 46 154.525079
220 46 154.647987
222 46 154.783720
224 46 154.932243
226 46 155.093520
228 46 155.267511
230 46 155.454173
232 46 155.653461
234 46 155.865326
236 46 156.089718
238 46 156.326581
240 46 156.575860
242 46 156.837496
244 46 157.111425
246 46 157.397586
248 46 157.695910
250 46 158.006329
252 46 158.328772
254 46 158.663165
256 46 159.009434
258 46 159.367500
260 46 159.737284
262 46 160.118706
264 46 160.511682
266 46 160.916127
268 46 161.331956
270 46 161.759080
272 46 162.197411
274 46 162.646857
276 46 163.107327
278 46 163.578727
280 46 164.060964
282 46 164.553943
284 46 165.057566
286 46 165.571737
288 46 166.096358
290 46 166.631330
292 46 167.176553
294 46 167.731929
296 46 168.297356
298 46 168.872733
300 46 169.457959
302 46 170.052933
304 46 170.657552
306 46 171.271714
308 46 171.895317
310 46 172.528259
312 46 173.170436
314 46 173.821748
316 46 174.482091
318 46 175.151363
320 46 175.829463
322 46 176.516288
324 46 177.211738
326 46 177.915710
328 46 178.628105
330 46 179.348822
332 46 180.077761
334 46 180.814822
336 46 181.559907
338 46 182.312918
340 46 183.073756
342 46 183.842324
344 46 184.618526
346 46 185.402265
348 46 186.193448
350 46 186.991978
352 46 187.797764
354 46 188.610710
356 46 189.430726
358 46 190.257720
360 46 191.091601
362 46 191.932280
364 46 192.779667
366 46 193.633675
368 46 194.494216
370 46 195.361204
372 46 196.234554
374 46 197.114180
376 46 198.000000
378 46 198.891930
380 46 199.789890
382 46 200.693797
384 46 201.603571
386 46 202.519135
388 46 203.440409
390 46 204.367316
392 46 205.299781
394 46 206.237727
396 46 207.181080
398 46 208.129767
0 48 207.615028
2 48 206.654301
4 48 205.698809
6 48 204.748626
8 48 203.803827
10 48 202.864487
12 48 201.930681
14 48 201.002488
16 48 200.079984
18 48 199.163250
20 48 198.252364
22 48 197.347409
24 48 196.448467
26 48 195.555619
28 48 194.668950
30 48 193.788545
32 48 192.914489
34 48 192.046869
36 48 191.185774
38 48 190.331290
40 48 189.483509
42 48 188.642519
44 48 187.808413
46 48 186.981282
48 48 186.161220
50 48 185.348321
52 48 184.542678
54 48 183.744388
56 48 182.953546
58 48 182.170250
60 48 181.394597
62 48 180.626687
64 48 179.866617
66 48 179.114489
68 48 178.370401
70 48 177.634456
72 48 176.906755
74 48 176.187400
76 48 175.476494
78 48 174.774140
80 48 174.080441
82 48 173.395502
84 48 172.719426
86 48 172.052318
88 48 171.394282
90 48 170.745425
92 48 170.105849
94 48 169.475662
96 48 168.854967
98 48 168.243871
100 48 167.642477
102 48 167.050890
104 48 166.469216
106 48 165.897559
108 48 165.336021
110 48 164.784708
112 48 164.243721
114 48 163.713164
116 48 163.193137
118 48 162.683742
120 48 162.185079
122 48 161.697248
124 48 161.220346
126 48 160.754471
128 48 160.299719
130 48 159.856185
132 48 159.423963
134 48 159.003145
136 48 158.593821
138 48 158.196081
140 48 157.810012
142 48 157.435701
144 48 157.073231
146 48 156.722685
148 48 156.384142
150 48 156.057682
152 48 155.743379
154 48 155.441307
156 48 155.151539
158 48 154.874142
160 48 154.609185
162 48 154.356730
164 48 154.116839
166 48 153.889571
168 48 153.674982
170 48 153.473125
172 48 153.284050
174 48 153.107805
176 48 152.944434
178 48 152.793979
180 48 152.656477
182 48 152.531964
184 48 152.420471
186 48 152.322027
188 48 152.236658
190 48 152.164385
192 48 152.105227
194 48 152.059199
196 48 152.026314
198 48 152.006579
200 48 152.000000
202 48 152.006579
204 48 152.026314
206 48 152.059199
208 48 152.105227
210 48 152.164385
212 48 152.236658
214 48 152.322027
216 48 152.420471
218 48 152.531964
220 48 152.656477
222 48 152.793979
224 48 152.944434
226 48 153.107805
228 48 153.284050
230 48 153.473125
232 48 153.674982
234 48 153.889571
236 48 154.116839
238 48 154.356730
240 48 154.609185
242 48 154.874142
244 48 155.151539
246 48 155.441307
248 48 155.743379
250 48 156.057682
252 48 156.384142
254 48 156.722685
256 48 157.073231
258 48 157.435701
260 48 157.810012
262 48 158.196081
264 48 158.593821
266 48 159.003145
268 48 159.423963
270 48 159.856185
272 48 160.299719
274 48 160.754471
276 48 161.220346
278 48 161.697248
280 48 162.185079
282 48 162.683742
284 48 163.193137
286 48 163.713164
288 48 164.243721
290 48 164.784708
292 48 165.336021
294 48 165.897559
296 48 166.469216
298 48 167.050890
300 48 167.642477
302 48 168.243871
304 48 168.854967
306 48 169.475662
308 48 170.105849
310 48 170.745425
312 48 171.394282
314 48 172.052318
316 48 172.719426
318 48 173.395502
320 48 174.080441
322 48 174.774140
324 48 175.476494
326 48 176.187400
328 48 176.906755
330 48 177.634456
332 48 178.370401
334 48 179.114489
336 48 179.866617
338 48 180.626687
340 48 181.394597
342 48 182.170250
344 48 182.953546
346 48 183.744388
348 48 184.542678
350 48 185.348321
352 48 186.161220
354 48 186.981282
356 48 187.808413
358 48 188.642519
360 48 189.483509
362 48 190.331290
364 48 191.185774
366 48 192.046869
368 48 192.914489
370 48 193.788545
372 48 194.668950
374 48 195.555619
376 48 196.448467
378 48 197.347409
380 48 198.252364
382 48 199.163250
384 48 200.079984
386 48 201.002488
388 48 201.930681
390 48 202.864487
392 48 203.803827
394 48 204.748626
396 48 205.698809
398 48 206.654301
0 50 206.155281
2 50 205.187719
4 50 204.225366
6 50 203.268296
8 50 202.316584
10 50 201.370306
12 50 200.429539
14 50 199.494361
16 50 198.564851
18 50 197.641089
20 50 196.723156
22 50 195.811133
24 50 194.905105
26 50 194.005155
28 50 193.111367
30 50 192.223828
32 50 191.342625
34 50 190.467845
36 50 189.599578
38 50 188.737914
40 50 187.882942
42 50 187.034756
44 50 186.193448
46 50 185.359111
48 50 184.531840
50 50 183.711731
52 50 182.898879
54 50 182.093383
56 50 181.295339
58 50 180.504848
60 50 179.722008
62 50 178.946920
64 50 178.179685
66 50 177.420405
68 50 176.669182
70 50 175.926121
72 50 175.191324
74 50 174.464896
76 50 173.746942
78 50 173.037568
80 50 172.336879
82 50 171.644982
84 50 170.961984
86 50 170.287991
88 50 169.623112
90 50 168.967452
92 50 168.321122
94 50 167.684227
96 50 167.056877
98 50 166.439178
100 50 165.831240
102 50 165.233169
104 50 164.645073
106 50 164.067059
108 50 163.499235
110 50 162.941707
112 50 162.394581
114 50 161.857962
116 50 161.331956
118 50 160.816666
120 50 160.312195
122 50 159.818647
124 50 159.336123
126 50 158.864722
128 50 158.404545
130 50 157.955690
132 50 157.518253
134 50 157.092330
136 50 156.678014
138 50 156.275398
140 50 155.884573
142 50 155.505627
144 50 155.138648
146 50 154.783720
148 50 154.440927
150 50 154.110350
152 50 153.792067
154 50 153.486156
156 50 153.192689
158 50 152.911739
160 50 152.643375
162 50 152.387664
164 50 152.144668
166 50 151.914450
168 50 151.697067
170 50 151.492574
172 50 151.301024
174 50 151.122467
176 50 150.956948
178 50 150.804509
180 50 150.665192
182 50 150.539031
184 50 150.426062
186 50 150.326312
188 50 150.239808
190 50 150.166574
192 50 150.106629
194 50 150.059988
196 50 150.026664
198 50 150.006667
200 50 150.000000
202 50 150.006667
204 50 150.026664
206 50 150.059988
208 50 150.106629
210 50 150.166574
212 50 150.239808
214 50 150.326312
216 50 150.426062
218 50 150.539031
220 50 150.665192
222 50 150.804509
224 50 150.956948
226 50 151.122467
228 50 151.301024
230 50 151.492574
232 50 151.697067
234 50 151.914450
236 50 152.144668
238 50 152.387664
240 50 152.643375
242 50 152.911739
244 50 153.192689
246 50 153.486156
248 50 153.792067
250 50 154.110350
252 50 154.440927
254 50 154.783720
256 50 155.138648
258 50 155.505627
260 50 155.884573
262 50 156.275398
264 50 156.678014
266 50 157.092330
268 50 157.518253
270 50 157.955690
272 50 158.404545
274 50 158.864722
276 50 159.336123
278 50 159.818647
280 50 160.312195
282 50 160.816666
284 50 161.331956
286 50 161.857962
288 50 162.394581
290 50 162.941707
292 50 163.499235
294 50 164.067059
296 50 164.645073
298 50 165.233169
300 50 165.831240
302 50 166.439178
304 50 167.056877
306 50 167.684227
308 50 168.321122
310 50 168.967452
312 50 169.623112
314 50 170.287991
316 50 170.961984
318 50 171.644982
320 50 172.336879
322 50 173.037568
324 50 173.746942
326 50 174.464896
328 50 175.191324
330 50 175.926121
332 50 176.669182
334 50 177.420405
336 50 178.179685
338 50 178.946920
340 50 179.722008
342 50 180.504848
344 50 181.295339
346 50 182.093383
348 50 182.898879
350 50 183.711731
352 50 184.531840
354 50 185.359111
356 50 186.193448
358 50 187.034756
360 50 187.882942
362 50 188.737914
364 50 189.599578
366 50 190.467845
368 50 191.342625
370 50 192.223828
372 50 193.111367
374 50 194.005155
376 50 194.905105
378 50 195.811133
380 50 196.723156
382 50 197.641089
384 50 198.564851
386 50 199.494361
388 50 200.429539
390 50 201.370306
392 50 202.316584
394 50 203.268296
396 50 204.225366
398 50 205.187719
0 52 204.704665
2 52 203.730214
4 52 202.760943
6 52 201.796928
8 52 200.838243
10 52 199.884967
12 52 198.937176
14 52 197.994949
16 52 197.058367
18 52 196.127510
20 52 195.202459
22 52 194.283298
24 52 193.370111
26 52 192.462983
28 52 191.562000
30 52 190.667249
32 52 189.778819
34 52 188.896797
36 52 188.021275
38 52 187.152344
40 52 186.290096
42 52 185.434625
44 52 184.586023
46 52 183.744388
48 52 182.909814
50 52 182.082399
52 52 181.262241
54 52 180.449439
56 52 179.644093
58 52 178.846303
60 52 178.056171
62 52 177.273800
64 52 176.499292
66 52 175.732752
68 52 174.974284
70 52 174.223994
72 52 173.481988
74 52 172.748372
76 52 172.023254
78 52 171.306742
80 52 170.598945
82 52 169.899971
84 52 169.209929
86 52 168.528929
88 52 167.857082
90 52 167.194498
92 52 166.541286
94 52 165.897559
96 52 165.263426
98 52 164.638999
100 52 164.024388
102 52 163.419705
104 52 162.825059
106 52 162.240562
108 52 161.666323
110 52 161.102452
112 52 160.549058
114 52 160.006250
116 52 159.474136
118 52 158.952823
120 52 158.442419
122 52 157.943028
124 52 157.454755
126 52 156.977705
128 52 156.511980
130 52 156.057682
132 52 155.614909
134 52 155.183762
136 52 154.764337
138 52 154.356730
140 52 153.961034
142 52 153.577342
144 52 153.205744
146 52 152.846328
148 52 152.499180
150 52 152.164385
152 52 151.842023
154 52 151.532175
156 52 151.234917
158 52 150.950323
160 52 150.678466
162 52 150.419414
164 52 150.173233
166 52 149.939988
168 52 149.719738
170 52 149.512541
172 52 149.318452
174 52 149.137520
176 52 148.969796
178 52 148.815322
180 52 148.674140
182 52 148.546289
184 52 148.431803
186 52 148.330712
188 52 148.243044
190 52 148.168823
192 52 148.108069
194 52 148.060798
196 52 148.027025
198 52 148.006757
200 52 148.000000
202 52 148.006757
204 52 148.027025
206 52 148.060798
208 52 148.108069
210 52 148.168823
212 52 148.243044
214 52 148.330712
216 52 148.431803
218 52 148.546289
220 52 148.674140
222 52 148.815322
224 52 148.969796
226 52 149.137520
228 52 149.318452
230 52 149.512541
232 52 149.719738
234 52 149.939988
236 52 150.173233
238 52 150.419414
240 52 150.678466
242 52 150.950323
244 52 151.234917
246 52 151.532175
248 52 151.842023
250 52 152.164385
252 52 152.499180
254 52 152.846328
256 52 153.205744
258 52 153.577342
260 52 153.961034
262 52 154.356730
264 52 154.764337
266 52 155.183762
268 52 155.614909
270 52 156.057682
272 52 156.511980
274 52 156.977705
276 52 157.454755
278 52 157.943028
280 52 158.442419
282 52 158.952823
284 52 159.474136
286 52 160.006250
288 52 160.549058
290 52 161.102452
292 52 161.666323
294 52 162.240562
296 52 162.825059
298 52 163.419705
300 52 164.024388
302 52 164.638999
304 52 165.263426
306 52 165.897559
308 52 166.541286
310 52 167.194498
312 52 167.857082
314 52 168.528929
316 52 169.209929
318 52 169.899971
320 52 170.598945
322 52 171.306742
324 52 172.023254
326 52 172.748372
328 52 173.481988
330 52 174.223994
332 52 174.974284
334 52 175.732752
336 52 176.499292
338 52 177.273800
340 52 178.056171
342 52 178.846303
344 52 179.644093
346 52 180.449439
348 52 181.262241
350 52 182.082399
352 52 182.909814
354 52 183.744388
356 52 184.586023
358 52 185.434625
360 52 186.290096
362 52 187.152344
364 52 188.021275
366 52 188.896797
368 52 189.778819
370 52 190.667249
372 52 191.562000
374 52 192.462983
376 52 193.370111
378 52 194.283298
380 52 195.202459
382 52 196.127510
384 52 197.058367
386 52 197.994949
388 52 198.937176
390 52 199.884967
392 52 200.838243
394 52 201.796928
396 52 202.760943
398 52 203.730214
0 54 203.263376
2 54 202.281981
4 54 201.305738
6 54 200.334720
8 54 199.369005
10 54 198.408669
12 54 197.453792
14 54 196.504453
16 54 195.560732
18 54 194.622712
20 54 193.690475
22 54 192.764105
24 54 191.843686
26 54 190.929306
28 54 190.021051
30 54 189.119010
32 54 188.223272
34 54 187.333926
36 54 186.451066
38 54 185.574783
40 54 184.705170
42 54 183.842324
44 54 182.986338
46 54 182.137311
48 54 181.295339
50 54 180.460522
52 54 179.632959
54 54 178.812751
56 54 178.000000
58 54 177.194808
60 54 176.397279
62 54 175.607517
64 54 174.825627
66 54 174.051716
68 54 173.285891
70 54 172.528259
72 54 171.778928
74 54 171.038007
76 54 170.305608
78 54 169.581839
80 54 168.866811
82 54 168.160637
84 54 167.463429
86 54 166.775298
88 54 166.096358
90 54 165.426721
92 54 164.766501
94 54 164.115813
96 54 163.474769
98 54 162.843483
100 54 162.222070
102 54 161.610643
104 54 161.009317
106 54 160.418203
108 54 159.837417
110 54 159.267071
112 54 158.707278
114 54 158.158149
116 54 157.619796
118 54 157.092330
120 54 156.575860
122 54 156.070497
124 54 155.576348
126 54 155.093520
128 54 154.622120
130 54 154.162252
132 54 153.714020
134 54 153.277526
136 54 152.852870
138 54 152.440152
140 54 152.039469
142 54 151.650915
144 54 151.274585
146 54 150.910570
148 54 150.558959
150 54 150.219839
152 54 149.893295
154 54 149.579410
156 54 149.278264
158 54 148.989933
160 54 148.714492
162 54 148.452012
164 54 148.202564
166 54 147.966212
168 54 147.743020
170 54 147.533047
172 54 147.336350
174 54 147.152982
176 54 146.982992
178 54 146.826428
180 54 146.683332
182 54 146.553744
184 54 146.437700
186 54 146.335232
188 54 146.246367
190 54 146.171133
192 54 146.109548
194 54 146.061631
196 54 146.027395
198 54 146.006849
200 54 146.000000
202 54 146.006849
204 54 146.027395
206 54 146.061631
208 54 146.109548
210 54 146.171133
212 54 146.246367
214 54 146.335232
216 54 146.437700
218 54 146.553744
220 54 146.683332
222 54 146.826428
224 54 146.982992
226 54 147.152982
228 54 147.336350
230 54 147.533047
232 54 147.743020
234 54 147.966212
236 54 148.202564
238 54 148.452012
240 54 148.714492
242 54 148.989933
244 54 149.278264
246 54 149.579410
248 54 149.893295
250 54 150.219839
252 54 150.558959
254 54 150.910570
256 54 151.274585
258 54 151.650915
260 54 152.039469
262 54 152.440152
264 54 152.852870
266 54 153.277526
268 54 153.714020
270 54 154.162252
272 54 154.622120
274 54 155.093520
276 54 155.576348
278 54 156.070497
280 54 156.575860
282 54 157.092330
284 54 157.619796
286 54 158.158149
288 54 158.707278
290 54 159.267071
292 54 159.837417
294 54 160.418203
296 54 161.009317
298 54 161.610643
300 54 162.222070
302 54 162.843483
304 54 163.474769
306 54 164.115813
308 54 164.766501
310 54 165.426721
312 54 166.096358
314 54 166.775298
316 54 167.463429
318 54 168.160637
320 54 168.866811
322 54 169.581839
324 54 170.305608
326 54 171.038007
328 54 171.778928
330 54 172.528259
332 54 173.285891
334 54 174.051716
336 54 174.825627
338 54 175.607517
340 54 176.397279
342 54 177.194808
344 54 178.000000
346 54 178.812751
348 54 179.632959
350 54 180.460522
352 54 181.295339
354 54 182.137311
356 54 182.986338
358 54 183.842324
360 54 184.705170
362 54 185.574783
364 54 186.451066
366 54 187.333926
368 54 188.223272
370 54 189.119010
372 54 190.021051
374 54 190.929306
376 54 191.843686
378 54 192.764105
380 54 193.690475
382 54 194.622712
384 54 195.560732
386 54 196.504453
388 54 197.453792
390 54 198.408669
392 54 199.369005
394 54 200.334720
396 54 201.305738
398 54 202.281981
0 56 201.831613
2 56 200.843222
4 56 199.859951
6 56 198.881874
8 56 197.909070
10 56 196.941616
12 56 195.979591
14 56 195.023076
16 56 194.072152
18 56 193.126901
20 56 192.187409
22 56 191.253758
24 56 190.326036
26 56 189.404329
28 56 188.488726
30 56 187.579317
32 56 186.676190
34 56 185.779439
36 56 184.889156
38 56 184.005435
40 56 183.128370
42 56 182.258059
44 56 181.394597
46 56 180.538085
48 56 179.688620
50 56 178.846303
52 56 178.011236
54 56 177.183521
56 56 176.363261
58 56 175.550563
60 56 174.745529
62 56 173.948268
64 56 173.158887
66 56 172.377493
68 56 171.604196
70 56 170.839106
72 56 170.082333
74 56 169.333990
76 56 168.594187
78 56 167.863039
80 56 167.140659
82 56 166.427161
84 56 165.722660
86 56 165.027270
88 56 164.341109
90 56 163.664291
92 56 162.996932
94 56 162.339151
96 56 161.691063
98 56 161.052786
100 56 160.424437
102 56 159.806133
104 56 159.197990
106 56 158.600126
108 56 158.012658
110 56 157.435701
112 56 156.869372
114 56 156.313787
116 56 155.769060
118 56 155.235305
120 56 154.712637
122 56 154.201167
124 56 153.701008
126 56 153.212271
128 56 152.735065
130 56 152.269498
132 56 151.815678
134 56 151.373710
136 56 150.943698
138 56 150.525745
140 56 150.119952
142 56 149.726417
144 56 149.345238
146 56 148.976508
148 56 148.620322
150 56 148.276768
152 56 147.945936
154 56 147.627911
156 56 147.322775
158 56 147.030609
160 56 146.751491
162 56 146.485494
164 56 146.232691
166 56 145.993151
168 56 145.766937
170 56 145.554114
172 56 145.354738
174 56 145.168867
176 56 144.996552
178 56 144.837840
180 56 144.692778
182 56 144.561406
184 56 144.443761
186 56 144.339877
188 56 144.249783
190 56 144.173507
192 56 144.111068
194 56 144.062486
196 56 144.027775
198 56 144.006944
200 56 144.000000
202 56 144.006944
204 56 144.027775
206 56 144.062486
208 56 144.111068
210 56 144.173507
212 56 144.249783
214 56 144.339877
216 56 144.443761
218 56 144.561406
220 56 144.692778
222 56 144.837840
224 56 144.996552
226 56 145.168867
228 56 145.354738
230 56 145.554114
232 56 145.766937
234 56 145.993151
236 56 146.232691
238 56 146.485494
240 56 146.751491
242 56 147.030609
244 56 147.322775
246 56 147.627911
248 56 147.945936
250 56 148.276768
252 56 148.620322
254 56 148.976508
256 56 149.345238
258 56 149.726417
260 56 150.119952
262 56 150.525745
264 56 150.943698
266 56 151.373710
268 56 151.815678
270 56 152.269498
272 56 152.735065
274 56 153.212271
276 56 153.701008
278 56 154.201167
280 56 154.712637
282 56 155.235305
284 56 155.769060
286 56 156.313787
288 56 156.869372
290 56 157.435701
292 56 158.012658
294 56 158.600126
296 56 159.197990
298 56 159.806133
300 56 160.424437
302 56 161.052786
304 56 161.691063
306 56 162.339151
308 56 162.996932
310 56 163.664291
312 56 164.341109
314 56 165.027270
316 56 165.722660
318 56 166.427161
320 56 167.140659
322 56 167.863039
324 56 168.594187
326 56 169.333990
328 56 170.082333
330 56 170.839106
332 56 171.604196
334 56 172.377493
336 56 173.158887
338 56 173.948268
340 56 174.745529
342 56 175.550563
344 56 176.363261
346 56 177.183521
348 56 178.011236
350 56 178.846303
352 56 179.688620
354 56 180.538085
356 56 181.394597
358 56 182.258059
360 56 183.128370
362 56 184.005435
364 56 184.889156
366 56 185.779439
368 56 186.676190
370 56 187.579317
372 56 188.488726
374 56 189.404329
376 56 190.326036
378 56 191.253758
380 56 192.187409
382 56 193.126901
384 56 194.072152
386 56 195.023076
388 56 195.979591
390 56 196.941616
392 56 197.909070
394 56 198.881874
396 56 199.859951
398 56 200.843222
0 58 200.409581
2 58 199.414142
4 58 198.423789
6 58 197.438598
8 58 196.458647
10 58 195.484015
12 58 194.514781
14 58 193.551027
16 58 192.592835
18 58 191.640288
20 58 190.693471
22 58 189.752470
24 58 188.817372
26 58 187.888265
28 58 186.965237
30 58 186.048381
32 58 185.137787
34 58 184.233547
36 58 183.335758
38 58 182.444512
40 58 181.559907
42 58 180.682041
44 58 179.811012
46 58 178.946920
48 58 178.089865
50 58 177.239950
52 58 176.397279
54 58 175.561955
56 58 174.734084
58 58 173.913772
60 58 173.101127
62 58 172.296256
64 58 171.499271
66 58 170.710281
68 58 169.929397
70 58 169.156732
72 58 168.392399
74 58 167.636512
76 58 166.889185
78 58 166.150534
80 58 165.420676
82 58 164.699727
84 58 163.987804
86 58 163.285027
88 58 162.591513
90 58 161.907381
92 58 161.232751
94 58 160.567743
96 58 159.912476
98 58 159.267071
100 58 158.631649
102 58 158.006329
104 58 157.391232
106 58 156.786479
108 58 156.192189
110 58 155.608483
112 58 155.035480
114 58 154.473299
116 58 153.922058
118 58 153.381876
120 58 152.852870
122 58 152.335157
124 58 151.828851
126 58 151.334068
128 58 150.850920
130 58 150.379520
132 58 149.919979
134 58 149.472405
136 58 149.036908
138 58 148.613593
140 58 148.202564
142 58 147.803924
144 58 147.417774
146 58 147.044211
148 58 146.683332
150 58 146.335232
152 58 146.000000
154 58 145.677727
156 58 145.368497
158 58 145.072396
160 58 144.789502
162 58 144.519895
164 58 144.263648
166 58 144.020832
168 58 143.791516
170 58 143.575764
172 58 143.373638
174 58 143.185195
176 58 143.010489
178 58 142.849571
180 58 142.702488
182 58 142.569281
184 58 142.449991
186 58 142.344652
188 58 142.253295
190 58 142.175947
192 58 142.112631
194 58 142.063366
196 58 142.028166
198 58 142.007042
200 58 142.000000
202 58 142.007042
204 58 142.028166
206 58 142.063366
208 58 142.112631
210 58 142.175947
212 58 142.253295
214 58 142.344652
216 58 142.449991
218 58 142.569281
220 58 142.702488
222 58 142.849571
224 58 143.010489
226 58 143.185195
228 58 143.373638
230 58 143.575764
232 58 143.791516
234 58 144.020832
236 58 144.263648
238 58 144.519895
240 58 144.789502
242 58 145.072396
244 58 145.368497
246 58 145.677727
248 58 146.000000
250 58 146.335232
252 58 146.683332
254 58 147.044211
256 58 147.417774
258 58 147.803924
260 58 148.202564
262 58 148.613593
264 58 149.036908
266 58 149.472405
268 58 149.919979
270 58 150.379520
272 58 150.850920
274 58 151.334068
276 58 151.828851
278 58 152.335157
280 58 152.852870
282 58 153.381876
284 58 153.922058
286 58 154.473299
288 58 155.035480
290 58 155.608483
292 58 156.192189
294 58 156.786479
296 58 157.391232
298 58 158.006329
300 58 158.631649
302 58 159.267071
304 58 159.912476
306 58 160.567743
308 58 161.232751
310 58 161.907381
312 58 162.591513
314 58 163.285027
316 58 163.987804
318 58 164.699727
320 58 165.420676
322 58 166.150534
324 58 166.889185
326 58 167.636512
328 58 168.392399
330 58 169.156732
332 58 169.929397
334 58 170.710281
336 58 171.499271
338 58 172.296256
340 58 173.101127
342 58 173.913772
344 58 174.734084
346 58 175.561955
348 58 176.397279
350 58 177.239950
352 58 178.089865
354 58 178.946920
356 58 179.811012
358 58 180.682041
360 58 181.559907
362 58 182.444512
364 58 183.335758
366 58 184.233547
368 58 185.137787
370 58 186.048381
372 58 186.965237
374 58 187.888265
376 58 188.817372
378 58 189.752470
380 58 190.693471
382 58 191.640288
384 58 192.592835
386 58 193.551027
388 58 194.514781
390 58 195.484015
392 58 196.458647
394 58 197.438598
396 58 198.423789
398 58 199.414142
0 60 198.997487
2 60 197.994949
4 60 196.997462
6 60 196.005102
8 60 195.017948
10 60 194.036079
12 60 193.059576
14 60 192.088521
16 60 191.122997
18 60 190.163088
20 60 189.208879
22 60 188.260458
24 60 187.317912
26 60 186.381330
28 60 185.450802
30 60 184.526421
32 60 183.608279
34 60 182.696470
36 60 181.791089
38 60 180.892233
40 60 180.000000
42 60 179.114489
44 60 178.235799
46 60 177.364032
48 60 176.499292
50 60 175.641681
52 60 174.791304
54 60 173.948268
56 60 173.112680
58 60 172.284648
60 60 171.464282
62 60 170.651692
64 60 169.846990
66 60 169.050288
68 60 168.261701
70 60 167.481342
72 60 166.709328
74 60 165.945774
76 60 165.190799
78 60 164.444520
80 60 163.707055
82 60 162.978526
84 60 162.259052
86 60 161.548754
88 60 160.847754
90 60 160.156174
92 60 159.474136
94 60 158.801763
96 60 158.139179
98 60 157.486507
100 60 156.843871
102 60 156.211395
104 60 155.589203
106 60 154.977418
108 60 154.376164
110 60 153.785565
112 60 153.205744
114 60 152.636824
116 60 152.078927
118 60 151.532175
120 60 150.996689
122 60 150.472589
124 60 149.959995
126 60 149.459024
128 60 148.969796
130 60 148.492424
132 60 148.027025
134 60 147.573710
136 60 147.132593
138 60 146.703783
140 60 146.287388
142 60 145.883515
144 60 145.492268
146 60 145.113748
148 60 144.748057
150 60 144.395291
152 60 144.055545
154 60 143.728911
156 60 143.415480
158 60 143.115338
160 60 142.828569
162 60 142.555252
164 60 142.295467
166 60 142.049287
168 60 141.816783
170 60 141.598023
172 60 141.393069
174 60 141.201983
176 60 141.024821
178 60 140.861634
180 60 140.712473
182 60 140.577381
184 60 140.456399
186 60 140.349564
188 60 140.256907
190 60 140.178458
192 60 140.114239
194 60 140.064271
196 60 140.028569
198 60 140.007143
200 60 140.000000
202 60 140.007143
204 60 140.028569
206 60 140.064271
208 60 140.114239
210 60 140.178458
212 60 140.256907
214 60 140.349564
216 60 140.456399
218 60 140.577381
220 60 140.712473
222 60 140.861634
224 60 141.024821
226 60 141.201983
228 60 141.393069
230 60 141.598023
232 60 141.816783
234 60 142.049287
236 60 142.295467
238 60 142.555252
240 60 142.828569
242 60 143.115338
244 60 143.415480
246 60 143.728911
248 60 144.055545
250 60 144.395291
252 60 144.748057
254 60 145.113748
256 60 145.492268
258 60 145.883515
260 60 146.287388
262 60 146.703783
264 60 147.132593
266 60 147.573710
268 60 148.027025
270 60 148.492424
272 60 148.969796
274 60 149.459024
276 60 149.959995
278 60 150.472589
280 60 150.996689
282 60 151.532175
284 60 152.078927
286 60 152.636824
288 60 153.205744
290 60 153.785565
292 60 154.376164
294 60 154.977418
296 60 155.589203
298 60 156.211395
300 60 156.843871
302 60 157.486507
304 60 158.139179
306 60 158.801763
308 60 159.474136
310 60 160.156174
312 60 160.847754
314 60 161.548754
316 60 162.259052
318 60 162.978526
320 60 163.707055
322 60 164.444520
324 60 165.190799
326 60 165.945774
328 60 166.709328
330 60 167.481342
332 60 168.261701
334 60 169.050288
336 60 169.846990
338 60 170.651692
340 60 171.464282
342 60 172.284648
344 60 173.112680
346 60 173.948268
348 60 174.791304
350 60 175.641681
352 60 176.499292
354 60 177.364032
356 60 178.235799
358 60 179.114489
360 60 180.000000
362 60 180.892233
364 60 181.791089
366 60 182.696470
368 60 183.608279
370 60 184.526421
372 60 185.450802
374 60 186.381330
376 60 187.317912
378 60 188.260458
380 60 189.208879
382 60 190.163088
384 60 191.122997
386 60 192.088521
388 60 193.059576
390 60 194.036079
392 60 195.017948
394 60 196.005102
396 60 196.997462
398 60 197.994949
0 62 197.595547
2 62 196.585859
4 62 195.581185
6 62 194.581602
8 62 193.587190
10 62 192.598027
12 62 191.614196
14 62 190.635778
16 62 189.662859
18 62 188.695522
20 62 187.733854
22 62 186.777943
24 62 185.827877
26 62 184.883747
28 62 183.945644
30 62 183.013661
32 62 182.087891
34 62 181.168430
36 62 180.255374
38 62 179.348822
40 62 178.448872
42 62 177.555625
44 62 176.669182
46 62 175.789647
48 62 174.917123
50 62 174.051716
52 62 173.193533
54 62 172.342682
56 62 171.499271
58 62 170.663411
60 62 169.835214
62 62 169.014792
64 62 168.202259
66 62 167.397730
68 62 166.601321
70 62 165.813148
72 62 165.033330
74 62 164.261986
76 62 163.499235
78 62 162.745200
80 62 162.000000
82 62 161.263759
84 62 160.536600
86 62 159.818647
88 62 159.110025
90 62 158.410858
92 62 157.721273
94 62 157.041396
96 62 156.371353
98 62 155.711271
100 62 155.061278
102 62 154.421501
104 62 153.792067
106 62 153.173105
108 62 152.564740
110 62 151.967102
112 62 151.380316
114 62 150.804509
116 62 150.239808
118 62 149.686339
120 62 149.144226
122 62 148.613593
124 62 148.094564
126 62 147.587262
128 62 147.091808
130 62 146.608322
132 62 146.136922
134 62 145.677727
136 62 145.230851
138 62 144.796409
140 62 144.374513
142 62 143.965274
144 62 143.568799
146 62 143.185195
148 62 142.814565
150 62 142.457011
152 62 142.112631
154 62 141.781522
156 62 141.463776
158 62 141.159484
160 62 140.868733
162 62 140.591607
164 62 140.328187
166 62 140.078549
168 62 139.842769
170 62 139.620915
172 62 139.413055
174 62 139.219252
176 62 139.039563
178 62 138.874044
180 62 138.722745
182 62 138.585714
184 62 138.462991
186 62 138.354617
188 62 138.260623
190 62 138.181041
192 62 138.115893
194 62 138.065202
196 62 138.028982
198 62 138.007246
200 62 138.000000
202 62 138.007246
204 62 138.028982
206 62 138.065202
208 62 138.115893
210 62 138.181041
212 62 138.260623
214 62 138.354617
216 62 138.462991
218 62 138.585714
220 62 138.722745
222 62 138.874044
224 62 139.039563
226 62 139.219252
228 62 139.413055
230 62 139.620915
232 62 139.842769
234 62 140.078549
236 62 140.328187
238 62 140.591607
240 62 140.868733
242 62 141.159484
244 62 141.463776
246 62 141.781522
248 62 142.112631
250 62 142.457011
252 62 142.814565
254 62 143.185195
256 62 143.568799
258 62 143.965274
260 62 144.374513
262 62 144.796409
264 62 145.230851
266 62 145.677727
268 62 146.136922
270 62 146.608322
272 62 147.091808
274 62 147.587262
276 62 148.094564
278 62 148.613593
280 62 149.144226
282 62 149.686339
284 62 150.239808
286 62 150.804509
288 62 151.380316
290 62 151.967102
292 62 152.564740
294 62 153.173105
296 62 153.792067
298 62 154.421501
300 62 155.061278
302 62 155.711271
304 62 156.371353
306 62 157.041396
308 62 157.721273
310 62 158.410858
312 62 159.110025
314 62 159.818647
316 62 160.536600
318 62 161.263759
320 62 162.000000
322 62 162.745200
324 62 163.499235
326 62 164.261986
328 62 165.033330
330 62 165.813148
332 62 166.601321
334 62 167.397730
336 62 168.202259
338 62 169.014792
340 62 169.835214
342 62 170.663411
344 62 171.499271
346 62 172.342682
348 62 173.193533
350 62 174.051716
352 62 174.917123
354 62 175.789647
356 62 176.669182
358 62 177.555625
360 62 178.448872
362 62 179.348822
364 62 180.255374
366 62 181.168430
368 62 182.087891
370 62 183.013661
372 62 183.945644
374 62 184.883747
376 62 185.827877
378 62 186.777943
380 62 187.733854
382 62 188.695522
384 62 189.662859
386 62 190.635778
388 62 191.614196
390 62 192.598027
392 62 193.587190
394 62 194.581602
396 62 195.581185
398 62 196.585859
0 64 196.203975
2 64 195.187090
4 64 194.175179
6 64 193.168320
8 64 192.166594
10 64 191.170081
12 64 190.178863
14 64 189.193023
16 64 188.212646
18 64 187.237817
20 64 186.268623
22 64 185.305154
24 64 184.347498
26 64 183.395747
28 64 182.449993
30 64 181.510330
32 64 180.576853
34 64 179.649659
36 64 178.728845
38 64 177.814510
40 64 176.906755
42 64 176.005682
44 64 175.111393
46 64 174.223994
48 64 173.343589
50 64 172.470287
52 64 171.604196
54 64 170.745425
56 64 169.894085
58 64 169.050288
60 64 168.214149
62 64 167.385782
64 64 166.565303
66 64 165.752828
68 64 164.948477
70 64 164.152368
72 64 163.364623
74 64 162.585362
76 64 161.814709
78 64 161.052786
80 64 160.299719
82 64 159.555633
84 64 158.820654
86 64 158.094908
88 64 157.378525
90 64 156.671631
92 64 155.974357
94 64 155.286831
96 64 154.609185
98 64 153.941547
100 64 153.284050
102 64 152.636824
104 64 152.000000
106 64 151.373710
108 64 150.758084
110 64 150.153255
112 64 149.559353
114 64 148.976508
116 64 148.404852
118 64 147.844513
120 64 147.295621
122 64 146.758305
124 64 146.232691
126 64 145.718907
128 64 145.217079
130 64 144.727330
132 64 144.249783
134 64 143.784561
136 64 143.331783
138 64 142.891567
140 64 142.464031
142 64 142.049287
144 64 141.647450
146 64 141.258628
148 64 140.882930
150 64 140.520461
152 64 140.171324
154 64 139.835618
156 64 139.513440
158 64 139.204885
160 64 138.910043
162 64 138.629001
164 64 138.361844
166 64 138.108653
168 64 137.869504
170 64 137.644470
172 64 137.433620
174 64 137.237021
176 64 137.054734
178 64 136.886815
180 64 136.733317
182 64 136.594290
184 64 136.469777
186 64 136.359818
188 64 136.264449
190 64 136.183699
192 64 136.117596
194 64 136.066160
196 64 136.029409
198 64 136.007353
200 64 136.000000
202 64 136.007353
204 64 136.029409
206 64 136.066160
208 64 136.117596
210 64 136.183699
212 64 136.264449
214 64 136.359818
216 64 136.469777
218 64 136.594290
220 64 136.733317
222 64 136.886815
224 64 137.054734
226 64 137.237021
228 64 137.433620
230 64 137.644470
232 64 137.869504
234 64 138.108653
236 64 138.361844
238 64 138.629001
240 64 138.910043
242 64 139.204885
244 64 139.513440
246 64 139.835618
248 64 140.171324
250 64 140.520461
252 64 140.882930
254 64 141.258628
256 64 141.647450
258 64 142.049287
260 64 142.464031
262 64 142.891567
264 64 143.331783
266 64 143.784561
268 64 144.249783
270 64 144.727330
272 64 145.217079
274 64 145.718907
276 64 146.232691
278 64 146.758305
280 64 147.295621
282 64 147.844513
284 64 148.404852
286 64 148.976508
288 64 149.559353
290 64 150.153255
292 64 150.758084
294 64 151.373710
296 64 152.000000
298 64 152.636824
300 64 153.284050
302 64 153.941547
304 64 154.609185
306 64 155.286831
308 64 155.974357
310 64 156.671631
312 64 157.378525
314 64 158.094908
316 64 158.820654
318 64 159.555633
320 64 160.299719
322 64 161.052786
324 64 161.814709
326 64 162.585362
328 64 163.364623
330 64 164.152368
332 64 164.948477
334 64 165.752828
336 64 166.565303
338 64 167.385782
340 64 168.214149
342 64 169.050288
344 64 169.894085
346 64 170.745425
348 64 171.604196
350 64 172.470287
352 64 173.343589
354 64 174.223994
356 64 175.111393
358 64 176.005682
360 64 176.906755
362 64 177.814510
364 64 178.728845
366 64 179.649659
368 64 180.576853
370 64 181.510330
372 64 182.449993
374 64 183.395747
376 64 184.347498
378 64 185.305154
380 64 186.268623
382 64 187.237817
384 64 188.212646
386 64 189.193023
388 64 190.178863
390 64 191.170081
392 64 192.166594
394 64 193.168320
396 64 194.175179
398 64 195.187090
0 66 194.822997
2 66 193.798865
4 66 192.779667
6 66 191.765482
8 66 190.756389
10 66 189.752470
12 66 188.753808
14 66 187.760486
16 66 186.772589
18 66 185.790204
20 66 184.813419
22 66 183.842324
24 66 182.877008
26 66 181.917564
28 66 180.964085
30 66 180.016666
32 66 179.075403
34 66 178.140394
36 66 177.211738
38 66 176.289535
40 66 175.373886
42 66 174.464896
44 66 173.562669
46 66 172.667310
48 66 171.778928
50 66 170.897630
52 66 170.023528
54 66 169.156732
56 66 168.297356
58 66 167.445514
60 66 166.601321
62 66 165.764894
64 66 164.936351
66 66 164.115813
68 66 163.303399
70 66 162.499231
72 66 161.703432
74 66 160.916127
76 66 160.137441
78 66 159.367500
80 66 158.606431
82 66 157.854363
84 66 157.111425
86 66 156.377748
88 66 155.653461
90 66 154.938698
92 66 154.233589
94 66 153.538269
96 66 152.852870
98 66 152.177528
100 66 151.512376
102 66 150.857549
104 66 150.213182
106 66 149.579410
108 66 148.956369
110 66 148.344194
112 66 147.743020
114 66 147.152982
116 66 146.574213
118 66 146.006849
120 66 145.451023
122 66 144.906867
124 66 144.374513
126 66 143.854093
128 66 143.345736
130 66 142.849571
132 66 142.365726
134 66 141.894327
136 66 141.435498
138 66 140.989361
140 66 140.556039
142 66 140.135649
144 66 139.728308
146 66 139.334131
148 66 138.953230
150 66 138.585714
152 66 138.231690
154 66 137.891262
156 66 137.564530
158 66 137.251594
160 66 136.952547
162 66 136.667480
164 66 136.396481
166 66 136.139634
168 66 135.897020
170 66 135.668714
172 66 135.454790
174 66 135.255314
176 66 135.070352
178 66 134.899963
180 66 134.744202
182 66 134.603120
184 66 134.476764
186 66 134.365174
188 66 134.268388
190 66 134.186437
192 66 134.119350
194 66 134.067147
196 66 134.029847
198 66 134.007462
200 66 134.000000
202 66 134.007462
204 66 134.029847
206 66 134.067147
208 66 134.119350
210 66 134.186437
212 66 134.268388
214 66 134.365174
216 66 134.476764
218 66 134.603120
220 66 134.744202
222 66 134.899963
224 66 135.070352
226 66 135.255314
228 66 135.454790
230 66 135.668714
232 66 135.897020
234 66 136.139634
236 66 136.396481
238 66 136.667480
240 66 136.952547
242 66 137.251594
244 66 137.564530
246 66 137.891262
248 66 138.231690
250 66 138.585714
252 66 138.953230
254 66 139.334131
256 66 139.728308
258 66 140.135649
260 66 140.556039
262 66 140.989361
264 66 141.435498
266 66 141.894327
268 66 142.365726
270 66 142.849571
272 66 143.345736
274 66 143.854093
276 66 144.374513
278 66 144.906867
280 66 145.451023
282 66 146.006849
284 66 146.574213
286 66 147.152982
288 66 147.743020
290 66 148.344194
292 66 148.956369
294 66 149.579410
296 66 150.213182
298 66 150.857549
300 66 151.512376
302 66 152.177528
304 66 152.852870
306 66 153.538269
308 66 154.233589
310 66 154.938698
312 66 155.653461
314 66 156.377748
316 66 157.111425
318 66 157.854363
320 66 158.606431
322 66 159.367500
324 66 160.137441
326 66 160.916127
328 66 161.703432
330 66 162.499231
332 66 163.303399
334 66 164.115813
336 66 164.936351
338 66 165.764894
340 66 166.601321
342 66 167.445514
344 66 168.297356
346 66 169.156732
348 66 170.023528
350 66 170.897630
352 66 171.778928
354 66 172.667310
356 66 173.562669
358 66 174.464896
360 66 175.373886
362 66 176.289535
364 66 177.211738
366 66 178.140394
368 66 179.075403
370 66 180.016666
372 66 180.964085
374 66 181.917564
376 66 182.877008
378 66 183.842324
380 66 184.813419
382 66 185.790204
384 66 186.772589
386 66 187.760486
388 66 188.753808
390 66 189.752470
392 66 190.756389
394 66 191.765482
396 66 192.779667
398 66 193.798865
0 68 193.452837
2 68 192.421413
4 68 191.394880
6 68 190.373317
8 68 189.356806
10 68 188.345427
12 68 187.339264
14 68 186.338402
16 68 185.342925
18 68 184.352922
20 68 183.368481
22 68 182.389693
24 68 181.416648
26 68 180.449439
28 68 179.488161
30 68 178.532910
32 68 177.583783
34 68 176.640879
36 68 175.704297
38 68 174.774140
40 68 173.850510
42 68 172.933513
44 68 172.023254
46 68 171.119841
48 68 170.223383
50 68 169.333990
52 68 168.451774
54 68 167.576848
56 68 166.709328
58 68 165.849329
60 68 164.996970
62 68 164.152368
64 68 163.315645
66 68 162.486923
68 68 161.666323
70 68 160.853971
72 68 160.049992
74 68 159.254513
76 68 158.467662
78 68 157.689568
80 68 156.920362
82 68 156.160174
84 68 155.409137
86 68 154.667385
88 68 153.935051
90 68 153.212271
92 68 152.499180
94 68 151.795916
96 68 151.102614
98 68 150.419414
100 68 149.746452
102 68 149.083869
104 68 148.431803
106 68 147.790392
108 68 147.159777
110 68 146.540097
112 68 145.931491
114 68 145.334098
116 68 144.748057
118 68 144.173507
120 68 143.610585
122 68 143.059428
124 68 142.520174
126 68 141.992958
128 68 141.477913
130 68 140.975175
132 68 140.484875
134 68 140.007143
136 68 139.542108
138 68 139.089899
140 68 138.650640
142 68 138.224455
144 68 137.811465
146 68 137.411790
148 68 137.025545
150 68 136.652845
152 68 136.293800
154 68 135.948520
156 68 135.617108
158 68 135.299667
160 68 134.996296
162 68 134.707090
164 68 134.432139
166 68 134.171532
168 68 133.925352
170 68 133.693680
172 68 133.476590
174 68 133.274154
176 68 133.086438
178 68 132.913506
180 68 132.755414
182 68 132.612217
184 68 132.483961
186 68 132.370692
188 68 132.272446
190 68 132.189258
192 68 132.121157
194 68 132.068164
196 68 132.030300
198 68 132.007576
200 68 132.000000
202 68 132.007576
204 68 132.030300
206 68 132.068164
208 68 132.121157
210 68 132.189258
212 68 132.272446
214 68 132.370692
216 68 132.483961
218 68 132.612217
220 68 132.755414
222 68 132.913506
224 68 133.086438
226 68 133.274154
228 68 133.476590
230 68 133.693680
232 68 133.925352
234 68 134.171532
236 68 134.432139
238 68 134.707090
240 68 134.996296
242 68 135.299667
244 68 135.617108
246 68 135.948520
248 68 136.293800
250 68 136.652845
252 68 137.025545
254 68 137.411790
256 68 137.811465
258 68 138.224455
260 68 138.650640
262 68 139.089899
264 68 139.542108
266 68 140.007143
268 68 140.484875
270 68 140.975175
272 68 141.477913
274 68 141.992958
276 68 142.520174
278 68 143.059428
280 68 143.610585
282 68 144.173507
284 68 144.748057
286 68 145.334098
288 68 145.931491
290 68 146.540097
292 68 147.159777
294 68 147.790392
296 68 148.431803
298 68 149.083869
300 68 149.746452
302 68 150.419414
304 68 151.102614
306 68 151.795916
308 68 152.499180
310 68 153.212271
312 68 153.935051
314 68 154.667385
316 68 155.409137
318 68 156.160174
320 68 156.920362
322 68 157.689568
324 68 158.467662
326 68 159.254513
328 68 160.049992
330 68 160.853971
332 68 161.666323
334 68 162.486923
336 68 163.315645
338 68 164.152368
340 68 164.996970
342 68 165.849329
344 68 166.709328
346 68 167.576848
348 68 168.451774
350 68 169.333990
352 68 170.223383
354 68 171.119841
356 68 172.023254
358 68 172.933513
360 68 173.850510
362 68 174.774140
364 68 175.704297
366 68 176.640879
368 68 177.583783
370 68 178.532910
372 68 179.488161
374 68 180.449439
376 68 181.416648
378 68 182.389693
380 68 183.368481
382 68 184.352922
384 68 185.342925
386 68 186.338402
388 68 187.339264
390 68 188.345427
392 68 189.356806
394 68 190.373317
396 68 191.394880
398 68 192.421413
0 70 192.093727
2 70 191.054966
4 70 190.021051
6 70 188.992063
8 70 187.968082
10 70 186.949191
12 70 185.935473
14 70 184.927013
16 70 183.923897
18 70 182.926215
20 70 181.934054
22 70 180.947506
24 70 179.966664
26 70 178.991620
28 70 178.022470
30 70 177.059312
32 70 176.102243
34 70 175.151363
36 70 174.206774
38 70 173.268578
40 70 172.336879
42 70 171.411785
44 70 170.493402
46 70 169.581839
48 70 168.677207
50 70 167.779617
52 70 166.889185
54 70 166.006024
56 70 165.130252
58 70 164.261986
60 70 163.401346
62 70 162.548454
64 70 161.703432
66 70 160.866404
68 70 160.037496
70 70 159.216833
72 70 158.404545
74 70 157.600761
76 70 156.805612
78 70 156.019230
80 70 155.241747
82 70 154.473299
84 70 153.714020
86 70 152.964048
88 70 152.223520
90 70 151.492574
92 70 150.771350
94 70 150.059988
96 70 149.358629
98 70 148.667414
100 70 147.986486
102 70 147.315987
104 70 146.656060
106 70 146.006849
108 70 145.368497
110 70 144.741148
112 70 144.124946
114 70 143.520033
116 70 142.926555
118 70 142.344652
120 70 141.774469
122 70 141.216146
124 70 140.669826
126 70 140.135649
128 70 139.613753
130 70 139.104277
132 70 138.607359
134 70 138.123133
136 70 137.651734
138 70 137.193294
140 70 136.747943
142 70 136.315810
144 70 135.897020
146 70 135.491697
148 70 135.099963
150 70 134.721936
152 70 134.357731
154 70 134.007462
156 70 133.671238
158 70 133.349166
160 70 133.041347
162 70 132.747881
164 70 132.468864
166 70 132.204387
168 70 131.954538
170 70 131.719399
172 70 131.499049
174 70 131.293564
176 70 131.103013
178 70 130.927461
180 70 130.766968
182 70 130.621591
184 70 130.491379
186 70 130.376378
188 70 130.276629
190 70 130.192166
192 70 130.123019
194 70 130.069212
196 70 130.030766
198 70 130.007692
200 70 130.000000
202 70 130.007692
204 70 130.030766
206 70 130.069212
208 70 130.123019
210 70 130.192166
212 70 130.276629
214 70 130.376378
216 70 130.491379
218 70 130.621591
220 70 130.766968
222 70 130.927461
224 70 131.103013
226 70 131.293564
228 70 131.499049
230 70 131.719399
232 70 131.954538
234 70 132.204387
236 70 132.468864
238 70 132.747881
240 70 133.041347
242 70 133.349166
244 70 133.671238
246 70 134.007462
248 70 134.357731
250 70 134.721936
252 70 135.099963
254 70 135.491697
256 70 135.897020
258 70 136.315810
260 70 136.747943
262 70 137.193294
264 70 137.651734
266 70 138.123133
268 70 138.607359
270 70 139.104277
272 70 139.613753
274 70 140.135649
276 70 140.669826
278 70 141.216146
280 70 141.774469
282 70 142.344652
284 70 142.926555
286 70 143.520033
288 70 144.124946
290 70 144.741148
292 70 145.368497
294 70 146.006849
296 70 146.656060
298 70 147.315987
300 70 147.986486
302 70 148.667414
304 70 149.358629
306 70 150.059988
308 70 150.771350
310 70 151.492574
312 70 152.223520
314 70 152.964048
316 70 153.714020
318 70 154.473299
320 70 155.241747
322 70 156.019230
324 70 156.805612
326 70 157.600761
328 70 158.404545
330 70 159.216833
332 70 160.037496
334 70 160.866404
336 70 161.703432
338 70 162.548454
340 70 163.401346
342 70 164.261986
344 70 165.130252
346 70 166.006024
348 70 166.889185
350 70 167.779617
352 70 168.677207
354 70 169.581839
356 70 170.493402
358 70 171.411785
360 70 172.336879
362 70 173.268578
364 70 174.206774
366 70 175.151363
368 70 176.102243
370 70 177.059312
372 70 178.022470
374 70 178.991620
376 70 179.966664
378 70 180.947506
380 70 181.934054
382 70 182.926215
384 70 183.923897
386 70 184.927013
388 70 185.935473
390 70 186.949191
392 70 187.968082
394 70 188.992063
396 70 190.021051
398 70 191.054966
0 72 190.745904
2 72 189.699763
4 72 188.658421
6 72 187.621960
8 72 186.590461
10 72 185.564005
12 72 184.542678
14 72 183.526565
16 72 182.515753
18 72 181.510330
20 72 180.510388
22 72 179.516016
24 72 178.527309
26 72 177.544361
28 72 176.567268
30 72 175.596128
32 72 174.631040
34 72 173.672105
36 72 172.719426
38 72 171.773106
40 72 170.833252
42 72 169.899971
44 72 168.973371
46 72 168.053563
48 72 167.140659
50 72 166.234774
52 72 165.336021
54 72 164.444520
56 72 163.560386
58 72 162.683742
60 72 161.814709
62 72 160.953409
64 72 160.099969
66 72 159.254513
68 72 158.417171
70 72 157.588071
72 72 156.767344
74 72 155.955122
76 72 155.151539
78 72 154.356730
80 72 153.570831
82 72 152.793979
84 72 152.026314
86 72 151.267974
88 72 150.519102
90 72 149.779838
92 72 149.050327
94 72 148.330712
96 72 147.621137
98 72 146.921748
100 72 146.232691
102 72 145.554114
104 72 144.886162
106 72 144.228985
108 72 143.582729
110 72 142.947543
112 72 142.323575
114 72 141.710973
116 72 141.109886
118 72 140.520461
120 72 139.942845
122 72 139.377186
124 72 138.823629
126 72 138.282320
128 72 137.753403
130 72 137.237021
132 72 136.733317
134 72 136.242431
136 72 135.764502
138 72 135.299667
140 72 134.848063
142 72 134.409821
144 72 133.985074
146 72 133.573950
148 72 133.176575
150 72 132.793072
152 72 132.423563
154 72 132.068164
156 72 131.726990
158 72 131.400152
160 72 131.087757
162 72 130.789908
164 72 130.506705
166 72 130.238243
168 72 129.984614
170 72 129.745906
172 72 129.522199
174 72 129.313572
176 72 129.120099
178 72 128.941847
180 72 128.778880
182 72 128.631256
184 72 128.499027
186 72 128.382242
188 72 128.280942
190 72 128.195164
192 72 128.124939
194 72 128.070293
196 72 128.031246
198 72 128.007812
200 72 128.000000
202 72 128.007812
204 72 128.031246
206 72 128.070293
208 72 128.124939
210 72 128.195164
212 72 128.280942
214 72 128.382242
216 72 128.499027
218 72 128.631256
220 72 128.778880
222 72 128.941847
224 72 129.120099
226 72 129.313572
228 72 129.522199
230 72 129.745906
232 72 129.984614
234 72 130.238243
236 72 130.506705
238 72 130.789908
240 72 131.087757
242 72 131.400152
244 72 131.726990
246 72 132.068164
248 72 132.423563
250 72 132.793072
252 72 133.176575
254 72 133.573950
256 72 133.985074
258 72 134.409821
260 72 134.848063
262 72 135.299667
264 72 135.764502
266 72 136.242431
268 72 136.733317
270 72 137.237021
272 72 137.753403
274 72 138.282320
276 72 138.823629
278 72 139.377186
280 72 139.942845
282 72 140.520461
284 72 141.109886
286 72 141.710973
288 72 142.323575
290 72 142.947543
292 72 143.582729
294 72 144.228985
296 72 144.886162
298 72 145.554114
300 72 146.232691
302 72 146.921748
304 72 147.621137
306 72 148.330712
308 72 149.050327
310 72 149.779838
312 72 150.519102
314 72 151.267974
316 72 152.026314
318 72 152.793979
320 72 153.570831
322 72 154.356730
324 72 155.151539
326 72 155.955122
328 72 156.767344
330 72 157.588071
332 72 158.417171
334 72 159.254513
336 72 160.099969
338 72 160.953409
340 72 161.814709
342 72 162.683742
344 72 163.560386
346 72 164.444520
348 72 165.336021
350 72 166.234774
352 72 167.140659
354 72 168.053563
356 72 168.973371
358 72 169.899971
360 72 170.833252
362 72 171.773106
364 72 172.719426
366 72 173.672105
368 72 174.631040
370 72 175.596128
372 72 176.567268
374 72 177.544361
376 72 178.527309
378 72 179.516016
380 72 180.510388
382 72 181.510330
384 72 182.515753
386 72 183.526565
388 72 184.542678
390 72 185.564005
392 72 186.590461
394 72 187.621960
396 72 188.658421
398 72 189.699763
0 74 189.409609
2 74 188.356046
4 74 187.307234
6 74 186.263255
8 74 185.224188
10 74 184.190119
12 74 183.161131
14 74 182.137311
16 74 181.118746
18 74 180.105525
20 74 179.097739
22 74 178.095480
24 74 177.098842
26 74 176.107921
28 74 175.122814
30 74 174.143619
32 74 173.170436
34 74 172.203368
36 74 171.242518
38 74 170.287991
40 74 169.339895
42 74 168.398337
44 74 167.463429
46 74 166.535282
48 74 165.614009
50 74 164.699727
52 74 163.792552
54 74 162.892603
56 74 162.000000
58 74 161.114866
60 74 160.237324
62 74 159.367500
64 74 158.505520
66 74 157.651514
68 74 156.805612
70 74 155.967945
72 74 155.138648
74 74 154.317854
76 74 153.505700
78 74 152.702325
80 74 151.907867
82 74 151.122467
84 74 150.346267
86 74 149.579410
88 74 148.822041
90 74 148.074306
92 74 147.336350
94 74 146.608322
96 74 145.890370
98 74 145.182644
100 74 144.485293
102 74 143.798470
104 74 143.122325
106 74 142.457011
108 74 141.802680
110 74 141.159484
112 74 140.527577
114 74 139.907112
116 74 139.298241
118 74 138.701118
120 74 138.115893
122 74 137.542721
124 74 136.981751
126 74 136.433134
128 74 135.897020
130 74 135.373557
132 74 134.862893
134 74 134.365174
136 74 133.880544
138 74 133.409145
140 74 132.951119
142 74 132.506604
144 74 132.075736
146 74 131.658650
148 74 131.255476
150 74 130.866344
152 74 130.491379
154 74 130.130704
156 74 129.784437
158 74 129.452694
160 74 129.135588
162 74 128.833226
164 74 128.545712
166 74 128.273146
168 74 128.015624
170 74 127.773237
172 74 127.546070
174 74 127.334206
176 74 127.137721
178 74 126.956686
180 74 126.791167
182 74 126.641226
184 74 126.506917
186 74 126.388291
188 74 126.285391
190 74 126.198257
192 74 126.126920
194 74 126.071408
196 74 126.031742
198 74 126.007936
200 74 126.000000
202 74 126.007936
204 74 126.031742
206 74 126.071408
208 74 126.126920
210 74 126.198257
212 74 126.285391
214 74 126.388291
216 74 126.506917
218 74 126.641226
220 74 126.791167
222 74 126.956686
224 74 127.137721
226 74 127.334206
228 74 127.546070
230 74 127.773237
232 74 128.015624
234 74 128.273146
236 74 128.545712
238 74 128.833226
240 74 129.135588
242 74 129.452694
244 74 129.784437
246 74 130.130704
248 74 130.491379
250 74 130.866344
252 74 131.255476
254 74 131.658650
256 74 132.075736
258 74 132.506604
260 74 132.951119
262 74 133.409145
264 74 133.880544
266 74 134.365174
268 74 134.862893
270 74 135.373557
272 74 135.897020
274 74 136.433134
276 74 136.981751
278 74 137.542721
280 74 138.115893
282 74 138.701118
284 74 139.298241
286 74 139.907112
288 74 140.527577
290 74 141.159484
292 74 141.802680
294 74 142.457011
296 74 143.122325
298 74 143.798470
300 74 144.485293
302 74 145.182644
304 74 145.890370
306 74 146.608322
308 74 147.336350
310 74 148.074306
312 74 148.822041
314 74 149.579410
316 74 150.346267
318 74 151.122467
320 74 151.907867
322 74 152.702325
324 74 153.505700
326 74 154.317854
328 74 155.138648
330 74 155.967945
332 74 156.805612
334 74 157.651514
336 74 158.505520
338 74 159.367500
340 74 160.237324
342 74 161.114866
344 74 162.000000
346 74 162.892603
348 74 163.792552
350 74 164.699727
352 74 165.614009
354 74 166.535282
356 74 167.463429
358 74 168.398337
360 74 169.339895
362 74 170.287991
364 74 171.242518
366 74 172.203368
368 74 173.170436
370 74 174.143619
372 74 175.122814
374 74 176.107921
376 74 177.098842
378 74 178.095480
380 74 179.097739
382 74 180.105525
384 74 181.118746
386 74 182.137311
388 74 183.161131
390 74 184.190119
392 74 185.224188
394 74 186.263255
396 74 187.307234
398 74 188.356046
0 76 188.085087
2 76 187.024063
4 76 185.967739
6 76 184.916197
8 76 183.869519
10 76 182.827788
12 76 181.791089
14 76 180.759509
16 76 179.733136
18 76 178.712059
20 76 177.696370
22 76 176.686162
24 76 175.681530
26 76 174.682569
28 76 173.689378
30 76 172.702056
32 76 171.720703
34 76 170.745425
36 76 169.776323
38 76 168.813507
40 76 167.857082
42 76 166.907160
44 76 165.963851
46 76 165.027270
48 76 164.097532
50 76 163.174753
52 76 162.259052
54 76 161.350550
56 76 160.449369
58 76 159.555633
60 76 158.669468
62 76 157.791001
64 76 156.920362
66 76 156.057682
68 76 155.203093
70 76 154.356730
72 76 153.518728
74 76 152.689227
76 76 151.868364
78 76 151.056281
80 76 150.253120
82 76 149.459024
84 76 148.674140
86 76 147.898614
88 76 147.132593
90 76 146.376228
92 76 145.629667
94 76 144.893064
96 76 144.166570
98 76 143.450340
100 76 142.744527
102 76 142.049287
104 76 141.364776
106 76 140.691151
108 76 140.028569
110 76 139.377186
112 76 138.737162
114 76 138.108653
116 76 137.491818
118 76 136.886815
120 76 136.293800
122 76 135.712932
124 76 135.144367
126 76 134.588261
128 76 134.044769
130 76 133.514044
132 76 132.996241
134 76 132.491509
136 76 132.000000
138 76 131.521861
140 76 131.057239
142 76 130.606279
144 76 130.169121
146 76 129.745906
148 76 129.336770
150 76 128.941847
152 76 128.561269
154 76 128.195164
156 76 127.843655
158 76 127.506863
160 76 127.184905
162 76 126.877894
164 76 126.585939
166 76 126.309145
168 76 126.047610
170 76 125.801431
172 76 125.570697
174 76 125.355494
176 76 125.155903
178 76 124.971997
180 76 124.803846
182 76 124.651514
184 76 124.515059
186 76 124.394534
188 76 124.289984
190 76 124.201449
192 76 124.128965
194 76 124.072559
196 76 124.032254
198 76 124.008064
200 76 124.000000
202 76 124.008064
204 76 124.032254
206 76 124.072559
208 76 124.128965
210 76 124.201449
212 76 124.289984
214 76 124.394534
216 76 124.515059
218 76 124.651514
220 76 124.803846
222 76 124.971997
224 76 125.155903
226 76 125.355494
228 76 125.570697
230 76 125.801431
232 76 126.047610
234 76 126.309145
236 76 126.585939
238 76 126.877894
240 76 127.184905
242 76 127.506863
244 76 127.843655
246 76 128.195164
248 76 128.561269
250 76 128.941847
252 76 129.336770
254 76 129.745906
256 76 130.169121
258 76 130.606279
260 76 131.057239
262 76 131.521861
264 76 132.000000
266 76 132.491509
268 76 132.996241
270 76 133.514044
272 76 134.044769
274 76 134.588261
276 76 135.144367
278 76 135.712932
280 76 136.293800
282 76 136.886815
284 76 137.491818
286 76 138.108653
288 76 138.737162
290 76 139.377186
292 76 140.028569
294 76 140.691151
296 76 141.364776
298 76 142.049287
300 76 142.744527
302 76 143.450340
304 76 144.166570
306 76 144.893064
308 76 145.629667
310 76 146.376228
312 76 147.132593
314 76 147.898614
316 76 148.674140
318 76 149.459024
320 76 150.253120
322 76 151.056281
324 76 151.868364
326 76 152.689227
328 76 153.518728
330 76 154.356730
332 76 155.203093
334 76 156.057682
336 76 156.920362
338 76 157.791001
340 76 158.669468
342 76 159.555633
344 76 160.449369
346 76 161.350550
348 76 162.259052
350 76 163.174753
352 76 164.097532
354 76 165.027270
356 76 165.963851
358 76 166.907160
360 76 167.857082
362 76 168.813507
364 76 169.776323
366 76 170.745425
368 76 171.720703
370 76 172.702056
372 76 173.689378
374 76 174.682569
376 76 175.681530
378 76 176.686162
380 76 177.696370
382 76 178.712059
384 76 179.733136
386 76 180.759509
388 76 181.791089
390 76 182.827788
392 76 183.869519
394 76 184.916197
396 76 185.967739
398 76 187.024063
0 78 186.772589
2 78 185.704066
4 78 184.640191
6 78 183.581045
8 78 182.526710
10 78 181.477271
12 78 180.432813
14 78 179.393422
16 78 178.359188
18 78 177.330200
20 78 176.306551
22 78 175.288334
24 78 174.275644
26 78 173.268578
28 78 172.267234
30 78 171.271714
32 78 170.282119
34 78 169.298553
36 78 168.321122
38 78 167.349933
40 78 166.385095
42 78 165.426721
44 78 164.474922
46 78 163.529814
48 78 162.591513
50 78 161.660137
52 78 160.735808
54 78 159.818647
56 78 158.908779
58 78 158.006329
60 78 157.111425
62 78 156.224198
64 78 155.344778
66 78 154.473299
68 78 153.609896
70 78 152.754705
72 78 151.907867
74 78 151.069520
76 78 150.239808
78 78 149.418874
80 78 148.606864
82 78 147.803924
84 78 147.010204
86 78 146.225853
88 78 145.451023
90 78 144.685867
92 78 143.930539
94 78 143.185195
96 78 142.449991
98 78 141.725086
100 78 141.010638
102 78 140.306807
104 78 139.613753
106 78 138.931638
108 78 138.260623
110 78 137.600872
112 78 136.952547
114 78 136.315810
116 78 135.690825
118 78 135.077755
120 78 134.476764
122 78 133.888013
124 78 133.311665
126 78 132.747881
128 78 132.196823
130 78 131.658650
132 78 131.133520
134 78 130.621591
136 78 130.123019
138 78 129.637957
140 78 129.166559
142 78 128.708974
144 78 128.265350
146 78 127.835832
148 78 127.420563
150 78 127.019684
152 78 126.633329
154 78 126.261633
156 78 125.904726
158 78 125.562733
160 78 125.235778
162 78 124.923977
164 78 124.627445
166 78 124.346291
168 78 124.080619
170 78 123.830529
172 78 123.596116
174 78 123.377470
176 78 123.174673
178 78 122.987804
180 78 122.816937
182 78 122.662138
184 78 122.523467
186 78 122.400980
188 78 122.294726
190 78 122.204746
192 78 122.131077
194 78 122.073748
196 78 122.032782
198 78 122.008196
200 78 122.000000
202 78 122.008196
204 78 122.032782
206 78 122.073748
208 78 122.131077
210 78 122.204746
212 78 122.294726
214 78 122.400980
216 78 122.523467
218 78 122.662138
220 78 122.816937
222 78 122.987804
224 78 123.174673
226 78 123.377470
228 78 123.596116
230 78 123.830529
232 78 124.080619
234 78 124.346291
236 78 124.627445
238 78 124.923977
240 78 125.235778
242 78 125.562733
244 78 125.904726
246 78 126.261633
248 78 126.633329
250 78 127.019684
252 78 127.420563
254 78 127.835832
256 78 128.265350
258 78 128.708974
260 78 129.166559
262 78 129.637957
264 78 130.123019
266 78 130.621591
268 78 131.133520
270 78 131.658650
272 78 132.196823
274 78 132.747881
276 78 133.311665
278 78 133.888013
280 78 134.476764
282 78 135.077755
284 78 135.690825
286 78 136.315810
288 78 136.952547
290 78 137.600872
292 78 138.260623
294 78 138.931638
296 78 139.613753
298 78 140.306807
300 78 141.010638
302 78 141.725086
304 78 142.449991
306 78 143.185195
308 78 143.930539
310 78 144.685867
312 78 145.451023
314 78 146.225853
316 78 147.010204
318 78 147.803924
320 78 148.606864
322 78 149.418874
324 78 150.239808
326 78 151.069520
328 78 151.907867
330 78 152.754705
332 78 153.609896
334 78 154.473299
336 78 155.344778
338 78 156.224198
340 78 157.111425
342 78 158.006329
344 78 158.908779
346 78 159.818647
348 78 160.735808
350 78 161.660137
352 78 162.591513
354 78 163.529814
356 78 164.474922
358 78 165.426721
360 78 166.385095
362 78 167.349933
364 78 168.321122
366 78 169.298553
368 78 170.282119
370 78 171.271714
372 78 172.267234
374 78 173.268578
376 78 174.275644
378 78 175.288334
380 78 176.306551
382 78 177.330200
384 78 178.359188
386 78 179.393422
388 78 180.432813
390 78 181.477271
392 78 182.526710
394 78 183.581045
396 78 184.640191
398 78 185.704066
0 80 185.472370
2 80 184.396312
4 80 183.324848
6 80 182.258059
8 80 181.196026
10 80 180.138835
12 80 179.086571
14 80 178.039321
16 80 176.997175
18 80 175.960223
20 80 174.928557
22 80 173.902271
24 80 172.881462
26 80 171.866227
28 80 170.856665
30 80 169.852878
32 80 168.854967
34 80 167.863039
36 80 166.877200
38 80 165.897559
40 80 164.924225
42 80 163.957312
44 80 162.996932
46 80 162.043204
48 80 161.096245
50 80 160.156174
52 80 159.223114
54 80 158.297189
56 80 157.378525
58 80 156.467249
60 80 155.563492
62 80 154.667385
64 80 153.779062
66 80 152.898659
68 80 152.026314
70 80 151.162165
72 80 150.306354
74 80 149.459024
76 80 148.620322
78 80 147.790392
80 80 146.969385
82 80 146.157449
84 80 145.354738
86 80 144.561406
88 80 143.777606
90 80 143.003496
92 80 142.239235
94 80 141.484982
96 80 140.740897
98 80 140.007143
100 80 139.283883
102 80 138.571281
104 80 137.869504
106 80 137.178716
108 80 136.499084
110 80 135.830777
112 80 135.173962
114 80 134.528807
116 80 133.895482
118 80 133.274154
120 80 132.664992
122 80 132.068164
124 80 131.483839
126 80 130.912184
128 80 130.353366
130 80 129.807550
132 80 129.274901
134 80 128.755582
136 80 128.249756
138 80 127.757583
140 80 127.279221
142 80 126.814826
144 80 126.364552
146 80 125.928551
148 80 125.506972
150 80 125.099960
152 80 124.707658
154 80 124.330206
156 80 123.967738
158 80 123.620387
160 80 123.288280
162 80 122.971541
164 80 122.670290
166 80 122.384640
168 80 122.114700
170 80 121.860576
172 80 121.622366
174 80 121.400165
176 80 121.194059
178 80 121.004132
180 80 120.830460
182 80 120.673112
184 80 120.532153
186 80 120.407641
188 80 120.299626
190 80 120.208153
192 80 120.133259
194 80 120.074977
196 80 120.033329
198 80 120.008333
200 80 120.000000
202 80 120.008333
204 80 120.033329
206 80 120.074977
208 80 120.133259
210 80 120.208153
212 80 120.299626
214 80 120.407641
216 80 120.532153
218 80 120.673112
220 80 120.830460
222 80 121.004132
224 80 121.194059
226 80 121.400165
228 80 121.622366
230 80 121.860576
232 80 122.114700
234 80 122.384640
236 80 122.670290
238 80 122.971541
240 80 123.288280
242 80 123.620387
244 80 123.967738
246 80 124.330206
248 80 124.707658
250 80 125.099960
252 80 125.506972
254 80 125.928551
256 80 126.364552
258 80 126.814826
260 80 127.279221
262 80 127.757583
264 80 128.249756
266 80 128.755582
268 80 129.274901
270 80 129.807550
272 80 130.353366
274 80 130.912184
276 80 131.483839
278 80 132.068164
280 80 132.664992
282 80 133.274154
284 80 133.895482
286 80 134.528807
288 80 135.173962
290 80 135.830777
292 80 136.499084
294 80 137.178716
296 80 137.869504
298 80 138.571281
300 80 139.283883
302 80 140.007143
304 80 140.740897
306 80 141.484982
308 80 142.239235
310 80 143.003496
312 80 143.777606
314 80 144.561406
316 80 145.354738
318 80 146.157449
320 80 146.969385
322 80 147.790392
324 80 148.620322
326 80 149.459024
328 80 150.306354
330 80 151.162165
332 80 152.026314
334 80 152.898659
336 80 153.779062
338 80 154.667385
340 80 155.563492
342 80 156.467249
344 80 157.378525
346 80 158.297189
348 80 159.223114
350 80 160.156174
352 80 161.096245
354 80 162.043204
356 80 162.996932
358 80 163.957312
360 80 164.924225
362 80 165.897559
364 80 166.877200
366 80 167.863039
368 80 168.854967
370 80 169.852878
372 80 170.856665
374 80 171.866227
376 80 172.881462
378 80 173.902271
380 80 174.928557
382 80 175.960223
384 80 176.997175
386 80 178.039321
388 80 179.086571
390 80 180.138835
392 80 181.196026
394 80 182.258059
396 80 183.324848
398 80 184.396312
0 82 184.184690
2 82 183.101065
4 82 182.021977
6 82 180.947506
8 82 179.877736
10 82 178.812751
12 82 177.752637
14 82 176.697482
16 82 175.647374
18 82 174.602405
20 82 173.562669
22 82 172.528259
24 82 171.499271
26 82 170.475805
28 82 169.457959
30 82 168.445837
32 82 167.439541
34 82 166.439178
36 82 165.444855
38 82 164.456681
40 82 163.474769
42 82 162.499231
44 82 161.530183
46 82 160.567743
48 82 159.612030
50 82 158.663165
52 82 157.721273
54 82 156.786479
56 82 155.858911
58 82 154.938698
60 82 154.025972
62 82 153.120867
64 82 152.223520
66 82 151.334068
68 82 150.452650
70 82 149.579410
72 82 148.714492
74 82 147.858040
76 82 147.010204
78 82 146.171133
80 82 145.340978
82 82 144.519895
84 82 143.708037
86 82 142.905563
88 82 142.112631
90 82 141.329402
92 82 140.556039
94 82 139.792704
96 82 139.039563
98 82 138.296782
100 82 137.564530
102 82 136.842976
104 82 136.132289
106 82 135.432640
108 82 134.744202
110 82 134.067147
112 82 133.401649
114 82 132.747881
116 82 132.106018
118 82 131.476234
120 82 130.858702
122 82 130.253599
124 82 129.661097
126 82 129.081370
128 82 128.514591
130 82 127.960932
132 82 127.420563
134 82 126.893656
136 82 126.380378
138 82 125.880896
140 82 125.395375
142 82 124.923977
144 82 124.466863
146 82 124.024191
148 82 123.596116
150 82 123.182791
152 82 122.784364
154 82 122.400980
156 82 122.032782
158 82 121.679908
160 82 121.342490
162 82 121.020659
164 82 120.714539
166 82 120.424250
168 82 120.149906
170 82 119.891618
172 82 119.649488
174 82 119.423616
176 82 119.214093
178 82 119.021007
180 82 118.844436
182 82 118.684456
184 82 118.541132
186 82 118.414526
188 82 118.304691
190 82 118.211675
192 82 118.135515
194 82 118.076247
196 82 118.033893
198 82 118.008474
200 82 118.000000
202 82 118.008474
204 82 118.033893
206 82 118.076247
208 82 118.135515
210 82 118.211675
212 82 118.304691
214 82 118.414526
216 82 118.541132
218 82 118.684456
220 82 118.844436
222 82 119.021007
224 82 119.214093
226 82 119.423616
228 82 119.649488
230 82 119.891618
232 82 120.149906
234 82 120.424250
236 82 120.714539
238 82 121.020659
240 82 121.342490
242 82 121.679908
244 82 122.032782
246 82 122.400980
248 82 122.784364
250 82 123.182791
252 82 123.596116
254 82 124.024191
256 82 124.466863
258 82 124.923977
260 82 125.395375
262 82 125.880896
264 82 126.380378
266 82 126.893656
268 82 127.420563
270 82 127.960932
272 82 128.514591
274 82 129.081370
276 82 129.661097
278 82 130.253599
280 82 130.858702
282 82 131.476234
284 82 132.106018
286 82 132.747881
288 82 133.401649
290 82 134.067147
292 82 134.744202
294 82 135.432640
296 82 136.132289
298 82 136.842976
300 82 137.564530
302 82 138.296782
304 82 139.039563
306 82 139.792704
308 82 140.556039
310 82 141.329402
312 82 142.112631
314 82 142.905563
316 82 143.708037
318 82 144.519895
320 82 145.340978
322 82 146.171133
324 82 147.010204
326 82 147.858040
328 82 148.714492
330 82 149.579410
332 82 150.452650
334 82 151.334068
336 82 152.223520
338 82 153.120867
340 82 154.025972
342 82 154.938698
344 82 155.858911
346 82 156.786479
348 82 157.721273
350 82 158.663165
352 82 159.612030
354 82 160.567743
356 82 161.530183
358 82 162.499231
360 82 163.474769
362 82 164.456681
364 82 165.444855
366 82 166.439178
368 82 167.439541
370 82 168.445837
372 82 169.457959
374 82 170.475805
376 82 171.499271
378 82 172.528259
380 82 173.562669
382 82 174.602405
384 82 175.647374
386 82 176.697482
388 82 177.752637
390 82 178.812751
392 82 179.877736
394 82 180.947506
396 82 182.021977
398 82 183.101065
0 84 182.909814
2 84 181.818591
4 84 180.731846
6 84 179.649659
8 84 178.572114
10 84 177.499296
12 84 176.431290
14 84 175.368184
16 84 174.310069
18 84 173.257034
20 84 172.209175
22 84 171.166586
24 84 170.129363
26 84 169.097605
28 84 168.071413
30 84 167.050890
32 84 166.036141
34 84 165.027270
36 84 164.024388
38 84 163.027605
40 84 162.037033
42 84 161.052786
44 84 160.074982
46 84 159.103740
48 84 158.139179
50 84 157.181424
52 84 156.230599
54 84 155.286831
56 84 154.350251
58 84 153.420989
60 84 152.499180
62 84 151.584960
64 84 150.678466
66 84 149.779838
68 84 148.889221
70 84 148.006757
72 84 147.132593
74 84 146.266879
76 84 145.409766
78 84 144.561406
80 84 143.721954
82 84 142.891567
84 84 142.070405
86 84 141.258628
88 84 140.456399
90 84 139.663882
92 84 138.881244
94 84 138.108653
96 84 137.346278
98 84 136.594290
100 84 135.852862
102 84 135.122167
104 84 134.402381
106 84 133.693680
108 84 132.996241
110 84 132.310241
112 84 131.635861
114 84 130.973280
116 84 130.322676
118 84 129.684232
120 84 129.058126
122 84 128.444541
124 84 127.843655
126 84 127.255648
128 84 126.680701
130 84 126.118991
132 84 125.570697
134 84 125.035995
136 84 124.515059
138 84 124.008064
140 84 123.515181
142 84 123.036580
144 84 122.572428
146 84 122.122889
148 84 121.688126
150 84 121.268298
152 84 120.863559
154 84 120.474064
156 84 120.099958
158 84 119.741388
160 84 119.398492
162 84 119.071407
164 84 118.760263
166 84 118.465185
168 84 118.186294
170 84 117.923704
172 84 117.677525
174 84 117.447861
176 84 117.234807
178 84 117.038455
180 84 116.858889
182 84 116.696187
184 84 116.550418
186 84 116.421647
188 84 116.309931
190 84 116.215317
192 84 116.137849
194 84 116.077560
196 84 116.034478
198 84 116.008620
200 84 116.000000
202 84 116.008620
204 84 116.034478
206 84 116.077560
208 84 116.137849
210 84 116.215317
212 84 116.309931
214 84 116.421647
216 84 116.550418
218 84 116.696187
220 84 116.858889
222 84 117.038455
224 84 117.234807
226 84 117.447861
228 84 117.677525
230 84 117.923704
232 84 118.186294
234 84 118.465185
236 84 118.760263
238 84 119.071407
240 84 119.398492
242 84 119.741388
244 84 120.099958
246 84 120.474064
248 84 120.863559
250 84 121.268298
252 84 121.688126
254 84 122.122889
256 84 122.572428
258 84 123.036580
260 84 123.515181
262 84 124.008064
264 84 124.515059
266 84 125.035995
268 84 125.570697
270 84 126.118991
272 84 126.680701
274 84 127.255648
276 84 127.843655
278 84 128.444541
280 84 129.058126
282 84 129.684232
284 84 130.322676
286 84 130.973280
288 84 131.635861
290 84 132.310241
292 84 132.996241
294 84 133.693680
296 84 134.402381
298 84 135.122167
300 84 135.852862
302 84 136.594290
304 84 137.346278
306 84 138.108653
308 84 138.881244
310 84 139.663882
312 84 140.456399
314 84 141.258628
316 84 142.070405
318 84 142.891567
320 84 143.721954
322 84 144.561406
324 84 145.409766
326 84 146.266879
328 84 147.132593
330 84 148.006757
332 84 148.889221
334 84 149.779838
336 84 150.678466
338 84 151.584960
340 84 152.499180
342 84 153.420989
344 84 154.350251
346 84 155.286831
348 84 156.230599
350 84 157.181424
352 84 158.139179
354 84 159.103740
356 84 160.074982
358 84 161.052786
360 84 162.037033
362 84 163.027605
364 84 164.024388
366 84 165.027270
368 84 166.036141
370 84 167.050890
372 84 168.071413
374 84 169.097605
376 84 170.129363
378 84 171.166586
380 84 172.209175
382 84 173.257034
384 84 174.310069
386 84 175.368184
388 84 176.431290
390 84 177.499296
392 84 178.572114
394 84 179.649659
396 84 180.731846
398 84 181.818591
0 86 181.648011
2 86 180.549162
4 86 179.454730
6 86 178.364795
8 86 177.279440
10 86 176.198751
12 86 175.122814
14 86 174.051716
16 86 172.985549
18 86 171.924402
20 86 170.868370
22 86 169.817549
24 86 168.772036
26 86 167.731929
28 86 166.697331
30 86 165.668343
32 86 164.645073
34 86 163.627626
36 86 162.616112
38 86 161.610643
40 86 160.611332
42 86 159.618295
44 86 158.631649
46 86 157.651514
48 86 156.678014
50 86 155.711271
52 86 154.751414
54 86 153.798570
56 86 152.852870
58 86 151.914450
60 86 150.983443
62 86 150.059988
64 86 149.144226
66 86 148.236298
68 86 147.336350
70 86 146.444529
72 86 145.560984
74 86 144.685867
76 86 143.819331
78 86 142.961533
80 86 142.112631
82 86 141.272786
84 86 140.442159
86 86 139.620915
88 86 138.809222
90 86 138.007246
92 86 137.215160
94 86 136.433134
96 86 135.661343
98 86 134.899963
100 86 134.149171
102 86 133.409145
104 86 132.680066
106 86 131.962116
108 86 131.255476
110 86 130.560331
112 86 129.876865
114 86 129.205263
116 86 128.545712
118 86 127.898397
120 86 127.263506
122 86 126.641226
124 86 126.031742
126 86 125.435242
128 86 124.851912
130 86 124.281938
132 86 123.725503
134 86 123.182791
136 86 122.653985
138 86 122.139265
140 86 121.638810
142 86 121.152796
144 86 120.681399
146 86 120.224789
148 86 119.783137
150 86 119.356609
152 86 118.945366
154 86 118.549568
156 86 118.169370
158 86 117.804923
160 86 117.456375
162 86 117.123866
164 86 116.807534
166 86 116.507510
168 86 116.223922
170 86 115.956889
172 86 115.706525
174 86 115.472941
176 86 115.256236
178 86 115.056508
180 86 114.873844
182 86 114.708326
184 86 114.560028
186 86 114.429017
188 86 114.315353
190 86 114.219088
192 86 114.140265
194 86 114.078920
196 86 114.035082
198 86 114.008772
200 86 114.000000
202 86 114.008772
204 86 114.035082
206 86 114.078920
208 86 114.140265
210 86 114.219088
212 86 114.315353
214 86 114.429017
216 86 114.560028
218 86 114.708326
220 86 114.873844
222 86 115.056508
224 86 115.256236
226 86 115.472941
228 86 115.706525
230 86 115.956889
232 86 116.223922
234 86 116.507510
236 86 116.807534
238 86 117.123866
240 86 117.456375
242 86 117.804923
244 86 118.169370
246 86 118.549568
248 86 118.945366
250 86 119.356609
252 86 119.783137
254 86 120.224789
256 86 120.681399
258 86 121.152796
260 86 121.638810
262 86 122.139265
264 86 122.653985
266 86 123.182791
268 86 123.725503
270 86 124.281938
272 86 124.851912
274 86 125.435242
276 86 126.031742
278 86 126.641226
280 86 127.263506
282 86 127.898397
284 86 128.545712
286 86 129.205263
288 86 129.876865
290 86 130.560331
292 86 131.255476
294 86 131.962116
296 86 132.680066
298 86 133.409145
300 86 134.149171
302 86 134.899963
304 86 135.661343
306 86 136.433134
308 86 137.215160
310 86 138.007246
312 86 138.809222
314 86 139.620915
316 86 140.442159
318 86 141.272786
320 86 142.112631
322 86 142.961533
324 86 143.819331
326 86 144.685867
328 86 145.560984
330 86 146.444529
332 86 147.336350
334 86 148.236298
336 86 149.144226
338 86 150.059988
340 86 150.983443
342 86 151.914450
344 86 152.852870
346 86 153.798570
348 86 154.751414
350 86 155.711271
352 86 156.678014
354 86 157.651514
356 86 158.631649
358 86 159.618295
360 86 160.611332
362 86 161.610643
364 86 162.616112
366 86 163.627626
368 86 164.645073
370 86 165.668343
372 86 166.697331
374 86 167.731929
376 86 168.772036
378 86 169.817549
380 86 170.868370
382 86 171.924402
384 86 172.985549
386 86 174.051716
388 86 175.122814
390 86 176.198751
392 86 177.279440
394 86 178.364795
396 86 179.454730
398 86 180.549162
0 88 180.399557
2 88 179.293056
4 88 178.190909
6 88 177.093196
8 88 176.000000
10 88 174.911406
12 88 173.827501
14 88 172.748372
16 88 171.674110
18 88 170.604806
20 88 169.540556
22 88 168.481453
24 88 167.427596
26 88 166.379085
28 88 165.336021
30 88 164.298509
32 88 163.266653
34 88 162.240562
36 88 161.220346
38 88 160.206117
40 88 159.197990
42 88 158.196081
44 88 157.200509
46 88 156.211395
48 88 155.228863
50 88 154.253039
52 88 153.284050
54 88 152.322027
56 88 151.367103
58 88 150.419414
60 88 149.479096
62 88 148.546289
64 88 147.621137
66 88 146.703783
68 88 145.794376
70 88 144.893064
72 88 144.000000
74 88 143.115338
76 88 142.239235
78 88 141.371850
80 88 140.513345
82 88 139.663882
84 88 138.823629
86 88 137.992753
88 88 137.171426
90 88 136.359818
92 88 135.558106
94 88 134.766465
96 88 133.985074
98 88 133.214113
100 88 132.453766
102 88 131.704214
104 88 130.965644
106 88 130.238243
108 88 129.522199
110 88 128.817701
112 88 128.124939
114 88 127.444105
116 88 126.775392
118 88 126.118991
120 88 125.475097
122 88 124.843903
124 88 124.225601
126 88 123.620387
128 88 123.028452
130 88 122.449990
132 88 121.885192
134 88 121.334249
136 88 120.797351
138 88 120.274686
140 88 119.766439
142 88 119.272797
144 88 118.793939
146 88 118.330047
148 88 117.881296
150 88 117.447861
152 88 117.029911
154 88 116.627613
156 88 116.241129
158 88 115.870618
160 88 115.516233
162 88 115.178123
164 88 114.856432
166 88 114.551299
168 88 114.262855
170 88 113.991228
172 88 113.736538
174 88 113.498899
176 88 113.278418
178 88 113.075196
180 88 112.889326
182 88 112.720894
184 88 112.569978
186 88 112.436649
188 88 112.320969
190 88 112.222992
192 88 112.142766
194 88 112.080328
196 88 112.035709
198 88 112.008928
200 88 112.000000
202 88 112.008928
204 88 112.035709
206 88 112.080328
208 88 112.142766
210 88 112.222992
212 88 112.320969
214 88 112.436649
216 88 112.569978
218 88 112.720894
220 88 112.889326
222 88 113.075196
224 88 113.278418
226 88 113.498899
228 88 113.736538
230 88 113.991228
232 88 114.262855
234 88 114.551299
236 88 114.856432
238 88 115.178123
240 88 115.516233
242 88 115.870618
244 88 116.241129
246 88 116.627613
248 88 117.029911
250 88 117.447861
252 88 117.881296
254 88 118.330047
256 88 118.793939
258 88 119.272797
260 88 119.766439
262 88 120.274686
264 88 120.797351
266 88 121.334249
268 88 121.885192
270 88 122.449990
272 88 123.028452
274 88 123.620387
276 88 124.225601
278 88 124.843903
280 88 125.475097
282 88 126.118991
284 88 126.775392
286 88 127.444105
288 88 128.124939
290 88 128.817701
292 88 129.522199
294 88 130.238243
296 88 130.965644
298 88 131.704214
300 88 132.453766
302 88 133.214113
304 88 133.985074
306 88 134.766465
308 88 135.558106
310 88 136.359818
312 88 137.171426
314 88 137.992753
316 88 138.823629
318 88 139.663882
320 88 140.513345
322 88 141.371850
324 88 142.239235
326 88 143.115338
328 88 144.000000
330 88 144.893064
332 88 145.794376
334 88 146.703783
336 88 147.621137
338 88 148.546289
340 88 149.479096
342 88 150.419414
344 88 151.367103
346 88 152.322027
348 88 153.284050
350 88 154.253039
352 88 155.228863
354 88 156.211395
356 88 157.200509
358 88 158.196081
360 88 159.197990
362 88 160.206117
364 88 161.220346
366 88 162.240562
368 88 163.266653
370 88 164.298509
372 88 165.336021
374 88 166.379085
376 88 167.427596
378 88 168.481453
380 88 169.540556
382 88 170.604806
384 88 171.674110
386 88 172.748372
388 88 173.827501
390 88 174.911406
392 88 176.000000
394 88 177.093196
396 88 178.190909
398 88 179.293056
0 90 179.164729
2 90 178.050555
4 90 176.940668
6 90 175.835150
8 90 174.734084
10 90 173.637554
12 90 172.545646
14 90 171.458450
16 90 170.376055
18 90 169.298553
20 90 168.226038
22 90 167.158607
24 90 166.096358
26 90 165.039389
28 90 163.987804
30 90 162.941707
32 90 161.901204
34 90 160.866404
36 90 159.837417
38 90 158.814357
40 90 157.797338
42 90 156.786479
44 90 155.781899
46 90 154.783720
48 90 153.792067
50 90 152.807068
52 90 151.828851
54 90 150.857549
56 90 149.893295
58 90 148.936228
60 90 147.986486
62 90 147.044211
64 90 146.109548
66 90 145.182644
68 90 144.263648
70 90 143.352712
72 90 142.449991
74 90 141.555643
76 90 140.669826
78 90 139.792704
80 90 138.924440
82 90 138.065202
84 90 137.215160
86 90 136.374484
88 90 135.543351
90 90 134.721936
92 90 133.910418
94 90 133.108978
96 90 132.317799
98 90 131.537067
100 90 130.766968
102 90 130.007692
104 90 129.259429
106 90 128.522372
108 90 127.796714
110 90 127.082650
112 90 126.380378
114 90 125.690095
116 90 125.011999
118 90 124.346291
120 90 123.693169
122 90 123.052834
124 90 122.425488
126 90 121.811330
128 90 121.210561
130 90 120.623381
132 90 120.049990
134 90 119.490585
136 90 118.945366
138 90 118.414526
140 90 117.898261
142 90 117.396763
144 90 116.910222
146 90 116.438825
148 90 115.982757
150 90 115.542200
152 90 115.117331
154 90 114.708326
156 90 114.315353
158 90 113.938580
160 90 113.578167
162 90 113.234270
164 90 112.907041
166 90 112.596625
168 90 112.303161
170 90 112.026783
172 90 111.767616
174 90 111.525782
176 90 111.301393
178 90 111.094554
180 90 110.905365
182 90 110.733915
184 90 110.580288
186 90 110.444556
188 90 110.326787
190 90 110.227038
192 90 110.145359
194 90 110.081788
196 90 110.036358
198 90 110.009091
200 90 110.000000
202 90 110.009091
204 90 110.036358
206 90 110.081788
208 90 110.145359
210 90 110.227038
212 90 110.326787
214 90 110.444556
216 90 110.580288
218 90 110.733915
220 90 110.905365
222 90 111.094554
224 90 111.301393
226 90 111.525782
228 90 111.767616
230 90 112.026783
232 90 112.303161
234 90 112.596625
236 90 112.907041
238 90 113.234270
240 90 113.578167
242 90 113.938580
244 90 114.315353
246 90 114.708326
248 90 115.117331
250 90 115.542200
252 90 115.982757
254 90 116.438825
256 90 116.910222
258 90 117.396763
260 90 117.898261
262 90 118.414526
264 90 118.945366
266 90 119.490585
268 90 120.049990
270 90 120.623381
272 90 121.210561
274 90 121.811330
276 90 122.425488
278 90 123.052834
280 90 123.693169
282 90 124.346291
284 90 125.011999
286 90 125.690095
288 90 126.380378
290 90 127.082650
292 90 127.796714
294 90 128.522372
296 90 129.259429
298 90 130.007692
300 90 130.766968
302 90 131.537067
304 90 132.317799
306 90 133.108978
308 90 133.910418
310 90 134.721936
312 90 135.543351
314 90 136.374484
316 90 137.215160
318 90 138.065202
320 90 138.924440
322 90 139.792704
324 90 140.669826
326 90 141.555643
328 90 142.449991
330 90 143.352712
332 90 144.263648
334 90 145.182644
336 90 146.109548
338 90 147.044211
340 90 147.986486
342 90 148.936228
344 90 149.893295
346 90 150.857549
348 90 151.828851
350 90 152.807068
352 90 153.792067
354 90 154.783720
356 90 155.781899
358 90 156.786479
360 90 157.797338
362 90 158.814357
364 90 159.837417
366 90 160.866404
368 90 161.901204
370 90 162.941707
372 90 163.987804
374 90 165.039389
376 90 166.096358
378 90 167.158607
380 90 168.226038
382 90 169.298553
384 90 170.376055
386 90 171.458450
388 90 172.545646
390 90 173.637554
392 90 174.734084
394 90 175.835150
396 90 176.940668
398 90 178.050555
0 92 177.943811
2 92 176.821944
4 92 175.704297
6 92 174.590951
8 92 173.481988
10 92 172.377493
12 92 171.277553
14 92 170.182255
16 92 169.091691
18 92 168.005952
20 92 166.925133
22 92 165.849329
24 92 164.778639
26 92 163.713164
28 92 162.653005
30 92 161.598267
32 92 160.549058
34 92 159.505486
36 92 158.467662
38 92 157.435701
40 92 156.409718
42 92 155.389832
44 92 154.376164
46 92 153.368836
48 92 152.367976
50 92 151.373710
52 92 150.386170
54 92 149.405489
56 92 148.431803
58 92 147.465250
60 92 146.505973
62 92 145.554114
64 92 144.609820
66 92 143.673240
68 92 142.744527
70 92 141.823834
72 92 140.911320
74 92 140.007143
76 92 139.111466
78 92 138.224455
80 92 137.346278
82 92 136.477104
84 92 135.617108
86 92 134.766465
88 92 133.925352
90 92 133.093952
92 92 132.272446
94 92 131.461021
96 92 130.659864
98 92 129.869165
100 92 129.089117
102 92 128.319913
104 92 127.561750
106 92 126.814826
108 92 126.079340
110 92 125.355494
112 92 124.643492
114 92 123.943536
116 92 123.255832
118 92 122.580586
120 92 121.918005
122 92 121.268298
124 92 120.631671
126 92 120.008333
128 92 119.398492
130 92 118.802357
132 92 118.220134
134 92 117.652029
136 92 117.098249
138 92 116.558998
140 92 116.034478
142 92 115.524889
144 92 115.030431
146 92 114.551299
148 92 114.087686
150 92 113.639782
152 92 113.207774
154 92 112.791844
156 92 112.392171
158 92 112.008928
160 92 111.642286
162 92 111.292408
164 92 110.959452
166 92 110.643572
168 92 110.344914
170 92 110.063618
172 92 109.799818
174 92 109.553640
176 92 109.325203
178 92 109.114619
180 92 108.921990
182 92 108.747414
184 92 108.590976
186 92 108.452755
188 92 108.332821
190 92 108.231234
192 92 108.148047
194 92 108.083301
196 92 108.037031
198 92 108.009259
200 92 108.000000
202 92 108.009259
204 92 108.037031
206 92 108.083301
208 92 108.148047
210 92 108.231234
212 92 108.332821
214 92 108.452755
216 92 108.590976
218 92 108.747414
220 92 108.921990
222 92 109.114619
224 92 109.325203
226 92 109.553640
228 92 109.799818
230 92 110.063618
232 92 110.344914
234 92 110.643572
236 92 110.959452
238 92 111.292408
240 92 111.642286
242 92 112.008928
244 92 112.392171
246 92 112.791844
248 92 113.207774
250 92 113.639782
252 92 114.087686
254 92 114.551299
256 92 115.030431
258 92 115.524889
260 92 116.034478
262 92 116.558998
264 92 117.098249
266 92 117.652029
268 92 118.220134
270 92 118.802357
272 92 119.398492
274 92 120.008333
276 92 120.631671
278 92 121.268298
280 92 121.918005
282 92 122.580586
284 92 123.255832
286 92 123.943536
288 92 124.643492
290 92 125.355494
292 92 126.079340
294 92 126.814826
296 92 127.561750
298 92 128.319913
300 92 129.089117
302 92 129.869165
304 92 130.659864
306 92 131.461021
308 92 132.272446
310 92 133.093952
312 92 133.925352
314 92 134.766465
316 92 135.617108
318 92 136.477104
320 92 137.346278
322 92 138.224455
324 92 139.111466
326 92 140.007143
328 92 140.911320
330 92 141.823834
332 92 142.744527
334 92 143.673240
336 92 144.609820
338 92 145.554114
340 92 146.505973
342 92 147.465250
344 92 148.431803
346 92 149.405489
348 92 150.386170
350 92 151.373710
352 92 152.367976
354 92 153.368836
356 92 154.376164
358 92 155.389832
360 92 156.409718
362 92 157.435701
364 92 158.467662
366 92 159.505486
368 92 160.549058
370 92 161.598267
372 92 162.653005
374 92 163.713164
376 92 164.778639
378 92 165.849329
380 92 166.925133
382 92 168.005952
384 92 169.091691
386 92 170.182255
388 92 171.277553
390 92 172.377493
392 92 173.481988
394 92 174.590951
396 92 175.704297
398 92 176.821944
0 94 176.737093
2 94 175.607517
4 94 174.482091
6 94 173.360895
8 94 172.244013
10 94 171.131528
12 94 170.023528
14 94 168.920099
16 94 167.821334
18 94 166.727322
20 94 165.638160
22 94 164.553943
24 94 163.474769
26 94 162.400739
28 94 161.331956
30 94 160.268525
32 94 159.210552
34 94 158.158149
36 94 157.111425
38 94 156.070497
40 94 155.035480
42 94 154.006493
44 94 152.983659
46 94 151.967102
48 94 150.956948
50 94 149.953326
52 94 148.956369
54 94 147.966212
56 94 146.982992
58 94 146.006849
60 94 145.037926
62 94 144.076369
64 94 143.122325
66 94 142.175947
68 94 141.237389
70 94 140.306807
72 94 139.384361
74 94 138.470213
76 94 137.564530
78 94 136.667480
80 94 135.779233
82 94 134.899963
84 94 134.029847
86 94 133.169065
88 94 132.317799
90 94 131.476234
92 94 130.644556
94 94 129.822956
96 94 129.011627
98 94 128.210764
100 94 127.420563
102 94 126.641226
104 94 125.872952
106 94 125.115946
108 94 124.370414
110 94 123.636564
112 94 122.914605
114 94 122.204746
116 94 121.507201
118 94 120.822183
120 94 120.149906
122 94 119.490585
124 94 118.844436
126 94 118.211675
128 94 117.592517
130 94 116.987179
132 94 116.395876
134 94 115.818824
136 94 115.256236
138 94 114.708326
140 94 114.175304
142 94 113.657380
144 94 113.154761
146 94 112.667653
148 94 112.196257
150 94 111.740771
152 94 111.301393
154 94 110.878312
156 94 110.471716
158 94 110.081788
160 94 109.708705
162 94 109.352641
164 94 109.013761
166 94 108.692226
168 94 108.388191
170 94 108.101804
172 94 107.833205
174 94 107.582526
176 94 107.349895
178 94 107.135428
180 94 106.939235
182 94 106.761416
184 94 106.602064
186 94 106.461261
188 94 106.339080
190 94 106.235587
192 94 106.150836
194 94 106.084872
196 94 106.037729
198 94 106.009434
200 94 106.000000
202 94 106.009434
204 94 106.037729
206 94 106.084872
208 94 106.150836
210 94 106.235587
212 94 106.339080
214 94 106.461261
216 94 106.602064
218 94 106.761416
220 94 106.939235
222 94 107.135428
224 94 107.349895
226 94 107.582526
228 94 107.833205
230 94 108.101804
232 94 108.388191
234 94 108.692226
236 94 109.013761
238 94 109.352641
240 94 109.708705
242 94 110.081788
244 94 110.471716
246 94 110.878312
248 94 111.301393
250 94 111.740771
252 94 112.196257
254 94 112.667653
256 94 113.154761
258 94 113.657380
260 94 114.175304
262 94 114.708326
264 94 115.256236
266 94 115.818824
268 94 116.395876
270 94 116.987179
272 94 117.592517
274 94 118.211675
276 94 118.844436
278 94 119.490585
280 94 120.149906
282 94 120.822183
284 94 121.507201
286 94 122.204746
288 94 122.914605
290 94 123.636564
292 94 124.370414
294 94 125.115946
296 94 125.872952
298 94 126.641226
300 94 127.420563
302 94 128.210764
304 94 129.011627
306 94 129.822956
308 94 130.644556
310 94 131.476234
312 94 132.317799
314 94 133.169065
316 94 134.029847
318 94 134.899963
320 94 135.779233
322 94 136.667480
324 94 137.564530
326 94 138.470213
328 94 139.384361
330 94 140.306807
332 94 141.237389
334 94 142.175947
336 94 143.122325
338 94 144.076369
340 94 145.037926
342 94 146.006849
344 94 146.982992
346 94 147.966212
348 94 148.956369
350 94 149.953326
352 94 150.956948
354 94 151.967102
356 94 152.983659
358 94 154.006493
360 94 155.035480
362 94 156.070497
364 94 157.111425
366 94 158.158149
368 94 159.210552
370 94 160.268525
372 94 161.331956
374 94 162.400739
376 94 163.474769
378 94 164.553943
380 94 165.638160
382 94 166.727322
384 94 167.821334
386 94 168.920099
388 94 170.023528
390 94 171.131528
392 94 172.244013
394 94 173.360895
396 94 174.482091
398 94 175.607517
0 96 175.544866
2 96 174.407569
4 96 173.274349
6 96 172.145287
8 96 171.020467
10 96 169.899971
12 96 168.783885
14 96 167.672299
16 96 166.565303
18 96 165.462987
20 96 164.365446
22 96 163.272778
24 96 162.185079
26 96 161.102452
28 96 160.024998
30 96 158.952823
32 96 157.886035
34 96 156.824743
36 96 155.769060
38 96 154.719100
40 96 153.674982
42 96 152.636824
44 96 151.604749
46 96 150.578883
48 96 149.559353
50 96 148.546289
52 96 147.539825
54 96 146.540097
56 96 145.547243
58 96 144.561406
60 96 143.582729
62 96 142.611360
64 96 141.647450
66 96 140.691151
68 96 139.742621
70 96 138.802017
72 96 137.869504
74 96 136.945245
76 96 136.029409
78 96 135.122167
80 96 134.223694
82 96 133.334167
84 96 132.453766
86 96 131.582674
88 96 130.721077
90 96 129.869165
92 96 129.027129
94 96 128.195164
96 96 127.373467
98 96 126.562238
100 96 125.761679
102 96 124.971997
104 96 124.193398
106 96 123.426091
108 96 122.670290
110 96 121.926207
112 96 121.194059
114 96 120.474064
116 96 119.766439
118 96 119.071407
120 96 118.389189
122 96 117.720007
124 96 117.064085
126 96 116.421647
128 96 115.792919
130 96 115.178123
132 96 114.577485
134 96 113.991228
136 96 113.419575
138 96 112.862749
140 96 112.320969
142 96 111.794454
144 96 111.283422
146 96 110.788086
148 96 110.308658
150 96 109.845346
152 96 109.398355
154 96 108.967885
156 96 108.554134
158 96 108.157293
160 96 107.777549
162 96 107.415083
164 96 107.070071
166 96 106.742681
168 96 106.433078
170 96 106.141415
172 96 105.867842
174 96 105.612499
176 96 105.375519
178 96 105.157025
180 96 104.957134
182 96 104.775951
184 96 104.613575
186 96 104.470091
188 96 104.345580
190 96 104.240107
192 96 104.153733
194 96 104.086502
196 96 104.038454
198 96 104.009615
200 96 104.000000
202 96 104.009615
204 96 104.038454
206 96 104.086502
208 96 104.153733
210 96 104.240107
212 96 104.345580
214 96 104.470091
216 96 104.613575
218 96 104.775951
220 96 104.957134
222 96 105.157025
224 96 105.375519
226 96 105.612499
228 96 105.867842
230 96 106.141415
232 96 106.433078
234 96 106.742681
236 96 107.070071
238 96 107.415083
240 96 107.777549
242 96 108.157293
244 96 108.554134
246 96 108.967885
248 96 109.398355
250 96 109.845346
252 96 110.308658
254 96 110.788086
256 96 111.283422
258 96 111.794454
260 96 112.320969
262 96 112.862749
264 96 113.419575
266 96 113.991228
268 96 114.577485
270 96 115.178123
272 96 115.792919
274 96 116.421647
276 96 117.064085
278 96 117.720007
280 96 118.389189
282 96 119.071407
284 96 119.766439
286 96 120.474064
288 96 121.194059
290 96 121.926207
292 96 122.670290
294 96 123.426091
296 96 124.193398
298 96 124.971997
300 96 125.761679
302 96 126.562238
304 96 127.373467
306 96 128.195164
308 96 129.027129
310 96 129.869165
312 96 130.721077
314 96 131.582674
316 96 132.453766
318 96 133.334167
320 96 134.223694
322 96 135.122167
324 96 136.029409
326 96 136.945245
328 96 137.869504
330 96 138.802017
332 96 139.742621
334 96 140.691151
336 96 141.647450
338 96 142.611360
340 96 143.582729
342 96 144.561406
344 96 145.547243
346 96 146.540097
348 96 147.539825
350 96 148.546289
352 96 149.559353
354 96 150.578883
356 96 151.604749
358 96 152.636824
360 96 153.674982
362 96 154.719100
364 96 155.769060
366 96 156.824743
368 96 157.886035
370 96 158.952823
372 96 160.024998
374 96 161.102452
376 96 162.185079
378 96 163.272778
380 96 164.365446
382 96 165.462987
384 96 166.565303
386 96 167.672299
388 96 168.783885
390 96 169.899971
392 96 171.020467
394 96 172.145287
396 96 173.274349
398 96 174.407569
0 98 174.367428
2 98 173.222400
4 98 172.081376
6 98 170.944435
8 98 169.811660
10 98 168.683135
12 98 167.558945
14 98 166.439178
16 98 165.323924
18 98 164.213276
20 98 163.107327
22 98 162.006173
24 98 160.909913
26 98 159.818647
28 98 158.732479
30 98 157.651514
32 98 156.575860
34 98 155.505627
36 98 154.440927
38 98 153.381876
40 98 152.328592
42 98 151.281195
44 98 150.239808
46 98 149.204558
48 98 148.175572
50 98 147.152982
52 98 146.136922
54 98 145.127530
56 98 144.124946
58 98 143.129312
60 98 142.140775
62 98 141.159484
64 98 140.185591
66 98 139.219252
68 98 138.260623
70 98 137.309869
72 98 136.367151
74 98 135.432640
76 98 134.506505
78 98 133.588922
80 98 132.680066
82 98 131.780120
84 98 130.889266
86 98 130.007692
88 98 129.135588
90 98 128.273146
92 98 127.420563
94 98 126.578039
96 98 125.745775
98 98 124.923977
100 98 124.112852
102 98 123.312611
104 98 122.523467
106 98 121.745636
108 98 120.979337
110 98 120.224789
112 98 119.482216
114 98 118.751842
116 98 118.033893
118 98 117.328598
120 98 116.636186
122 98 115.956889
124 98 115.290936
126 98 114.638562
128 98 114.000000
130 98 113.375482
132 98 112.765243
134 98 112.169515
136 98 111.588530
138 98 111.022520
140 98 110.471716
142 98 109.936345
144 98 109.416635
146 98 108.912809
148 98 108.425089
150 98 107.953694
152 98 107.498837
154 98 107.060730
156 98 106.639580
158 98 106.235587
160 98 105.848949
162 98 105.479856
164 98 105.128493
166 98 104.795038
168 98 104.479663
170 98 104.182532
172 98 103.903802
174 98 103.643620
176 98 103.402128
178 98 103.179455
180 98 102.975725
182 98 102.791050
184 98 102.625533
186 98 102.479266
188 98 102.352333
190 98 102.244804
192 98 102.156742
194 98 102.088197
196 98 102.039208
198 98 102.009803
200 98 102.000000
202 98 102.009803
204 98 102.039208
206 98 102.088197
208 98 102.156742
210 98 102.244804
212 98 102.352333
214 98 102.479266
216 98 102.625533
218 98 102.791050
220 98 102.975725
222 98 103.179455
224 98 103.402128
226 98 103.643620
228 98 103.903802
230 98 104.182532
232 98 104.479663
234 98 104.795038
236 98 105.128493
238 98 105.479856
240 98 105.848949
242 98 106.235587
244 98 106.639580
246 98 107.060730
248 98 107.498837
250 98 107.953694
252 98 108.425089
254 98 108.912809
256 98 109.416635
258 98 109.936345
260 98 110.471716
262 98 111.022520
264 98 111.588530
266 98 112.169515
268 98 112.765243
270 98 113.375482
272 98 114.000000
274 98 114.638562
276 98 115.290936
278 98 115.956889
280 98 116.636186
282 98 117.328598
284 98 118.033893
286 98 118.751842
288 98 119.482216
290 98 120.224789
292 98 120.979337
294 98 121.745636
296 98 122.523467
298 98 123.312611
300 98 124.112852
302 98 124.923977
304 98 125.745775
306 98 126.578039
308 98 127.420563
310 98 128.273146
312 98 129.135588
314 98 130.007692
316 98 130.889266
318 98 131.780120
320 98 132.680066
322 98 133.588922
324 98 134.506505
326 98 135.432640
328 98 136.367151
330 98 137.309869
332 98 138.260623
334 98 139.219252
336 98 140.185591
338 98 141.159484
340 98 142.140775
342 98 143.129312
344 98 144.124946
346 98 145.127530
348 98 146.136922
350 98 147.152982
352 98 148.175572
354 98 149.204558
356 98 150.239808
358 98 151.281195
360 98 152.328592
362 98 153.381876
364 98 154.440927
366 98 155.505627
368 98 156.575860
370 98 157.651514
372 98 158.732479
374 98 159.818647
376 98 160.909913
378 98 162.006173
380 98 163.107327
382 98 164.213276
384 98 165.323924
386 98 166.439178
388 98 167.558945
390 98 168.683135
392 98 169.811660
394 98 170.944435
396 98 172.081376
398 98 173.222400
0 100 173.205081
2 100 172.052318
4 100 170.903482
6 100 169.758652
8 100 168.617911
10 100 167.481342
12 100 166.349031
14 100 165.221064
16 100 164.097532
18 100 162.978526
20 100 161.864141
22 100 160.754471
24 100 159.649616
26 100 158.549677
28 100 157.454755
30 100 156.364958
32 100 155.280392
34 100 154.201167
36 100 153.127398
38 100 152.059199
40 100 150.996689
42 100 149.939988
44 100 148.889221
46 100 147.844513
48 100 146.805994
50 100 145.773797
52 100 144.748057
54 100 143.728911
56 100 142.716502
58 100 141.710973
60 100 140.712473
62 100 139.721151
64 100 138.737162
66 100 137.760662
68 100 136.791813
70 100 135.830777
72 100 134.877722
74 100 133.932819
76 100 132.996241
78 100 132.068164
80 100 131.148770
82 100 130.238243
84 100 129.336770
86 100 128.444541
88 100 127.561750
90 100 126.688595
92 100 125.825276
94 100 124.971997
96 100 124.128965
98 100 123.296391
100 100 122.474487
102 100 121.663470
104 100 120.863559
106 100 120.074977
108 100 119.297946
110 100 118.532696
112 100 117.779455
114 100 117.038455
116 100 116.309931
118 100 115.594117
120 100 114.891253
122 100 114.201576
124 100 113.525328
126 100 112.862749
128 100 112.214081
130 100 111.579568
132 100 110.959452
134 100 110.353976
136 100 109.763382
138 100 109.187911
140 100 108.627805
142 100 108.083301
144 100 107.554637
146 100 107.042048
148 100 106.545765
150 100 106.066017
152 100 105.603030
154 100 105.157025
156 100 104.728220
158 100 104.316825
160 100 103.923048
162 100 103.547091
164 100 103.189147
166 100 102.849404
168 100 102.528045
170 100 102.225242
172 100 101.941159
174 100 101.675956
176 100 101.429779
178 100 101.202767
180 100 100.995049
182 100 100.806746
184 100 100.637965
186 100 100.488805
188 100 100.359354
190 100 100.249688
192 100 100.159872
194 100 100.089960
196 100 100.039992
198 100 100.010000
200 100 100.000000
202 100 100.010000
204 100 100.039992
206 100 100.089960
208 100 100.159872
210 100 100.249688
212 100 100.359354
214 100 100.488805
216 100 100.637965
218 100 100.806746
220 100 100.995049
222 100 101.202767
224 100 101.429779
226 100 101.675956
228 100 101.941159
230 100 102.225242
232 100 102.528045
234 100 102.849404
236 100 103.189147
238 100 103.547091
240 100 103.923048
242 100 104.316825
244 100 104.728220
246 100 105.157025
248 100 105.603030
250 100 106.066017
252 100 106.545765
254 100 107.042048
256 100 107.554637
258 100 108.083301
260 100 108.627805
262 100 109.187911
264 100 109.763382
266 100 110.353976
268 100 110.959452
270 100 111.579568
272 100 112.214081
274 100 112.862749
276 100 113.525328
278 100 114.201576
280 100 114.891253
282 100 115.594117
284 100 116.309931
286 100 117.038455
288 100 117.779455
290 100 118.532696
292 100 119.297946
294 100 120.074977
296 100 120.863559
298 100 121.663470
300 100 122.474487
302 100 123.296391
304 100 124.128965
306 100 124.971997
308 100 125.825276
310 100 126.688595
312 100 127.561750
314 100 128.444541
316 100 129.336770
318 100 130.238243
320 100 131.148770
322 100 132.068164
324 100 132.996241
326 100 133.932819
328 100 134.877722
330 100 135.830777
332 100 136.791813
334 100 137.760662
336 100 138.737162
338 100 139.721151
340 100 140.712473
342 100 141.710973
344 100 142.716502
346 100 143.728911
348 100 144.748057
350 100 145.773797
352 100 146.805994
354 100 147.844513
356 100 148.889221
358 100 149.939988
360 100 150.996689
362 100 152.059199
364 100 153.127398
366 100 154.201167
368 100 155.280392
370 100 156.364958
372 100 157.454755
374 100 158.549677
376 100 159.649616
378 100 160.754471
380 100 161.864141
382 100 162.978526
384 100 164.097532
386 100 165.221064
388 100 166.349031
390 100 167.481342
392 100 168.617911
394 100 169.758652
396 100 170.903482
398 100 172.052318
0 102 172.058130
2 102 170.897630
4 102 169.740979
6 102 168.588256
8 102 167.439541
10 102 166.294919
12 102 165.154473
14 102 164.018292
16 102 162.886464
18 102 161.759080
20 102 160.636235
22 102 159.518024
24 102 158.404545
26 102 157.295900
28 102 156.192189
30 102 155.093520
32 102 154.000000
34 102 152.911739
36 102 151.828851
38 102 150.751451
40 102 149.679658
42 102 148.613593
44 102 147.553380
46 102 146.499147
48 102 145.451023
50 102 144.409141
52 102 143.373638
54 102 142.344652
56 102 141.322327
58 102 140.306807
60 102 139.298241
62 102 138.296782
64 102 137.302586
66 102 136.315810
68 102 135.336617
70 102 134.365174
72 102 133.401649
74 102 132.446215
76 102 131.499049
78 102 130.560331
80 102 129.630243
82 102 128.708974
84 102 127.796714
86 102 126.893656
88 102 126.000000
90 102 125.115946
92 102 124.241700
94 102 123.377470
96 102 122.523467
98 102 121.679908
100 102 120.847011
102 102 120.024997
104 102 119.214093
106 102 118.414526
108 102 117.626528
110 102 116.850332
112 102 116.086175
114 102 115.334297
116 102 114.594939
118 102 113.868345
120 102 113.154761
122 102 112.454435
124 102 111.767616
126 102 111.094554
128 102 110.435502
130 102 109.790710
132 102 109.160432
134 102 108.544922
136 102 107.944430
138 102 107.359210
140 102 106.789513
142 102 106.235587
144 102 105.697682
146 102 105.176043
148 102 104.670913
150 102 104.182532
152 102 103.711137
154 102 103.256961
156 102 102.820231
158 102 102.401172
160 102 102.000000
162 102 101.616928
164 102 101.252160
166 102 100.905897
168 102 100.578328
170 102 100.269636
172 102 99.979998
174 102 99.709578
176 102 99.458534
178 102 99.227012
180 102 99.015150
182 102 98.823074
184 102 98.650900
186 102 98.498731
188 102 98.366661
190 102 98.254771
192 102 98.163130
194 102 98.091794
196 102 98.040808
198 102 98.010204
200 102 98.000000
202 102 98.010204
204 102 98.040808
206 102 98.091794
208 102 98.163130
210 102 98.254771
212 102 98.366661
214 102 98.498731
216 102 98.650900
218 102 98.823074
220 102 99.015150
222 102 99.227012
224 102 99.458534
226 102 99.709578
228 102 99.979998
230 102 100.269636
232 102 100.578328
234 102 100.905897
236 102 101.252160
238 102 101.616928
240 102 102.000000
242 102 102.401172
244 102 102.820231
246 102 103.256961
248 102 103.711137
250 102 104.182532
252 102 104.670913
254 102 105.176043
256 102 105.697682
258 102 106.235587
260 102 106.789513
262 102 107.359210
264 102 107.944430
266 102 108.544922
268 102 109.160432
270 102 109.790710
272 102 110.435502
274 102 111.094554
276 102 111.767616
278 102 112.454435
280 102 113.154761
282 102 113.868345
284 102 114.594939
286 102 115.334297
288 102 116.086175
290 102 116.850332
292 102 117.626528
294 102 118.414526
296 102 119.214093
298 102 120.024997
300 102 120.847011
302 102 121.679908
304 102 122.523467
306 102 123.377470
308 102 124.241700
310 102 125.115946
312 102 126.000000
314 102 126.893656
316 102 127.796714
318 102 128.708974
320 102 129.630243
322 102 130.560331
324 102 131.499049
326 102 132.446215
328 102 133.401649
330 102 134.365174
332 102 135.336617
334 102 136.315810
336 102 137.302586
338 102 138.296782
340 102 139.298241
342 102 140.306807
344 102 141.322327
346 102 142.344652
348 102 143.373638
350 102 144.409141
352 102 145.451023
354 102 146.499147
356 102 147.553380
358 102 148.613593
360 102 149.679658
362 102 150.751451
364 102 151.828851
366 102 152.911739
368 102 154.000000
370 102 155.093520
372 102 156.192189
374 102 157.295900
376 102 158.404545
378 102 159.518024
380 102 160.636235
382 102 161.759080
384 102 162.886464
386 102 164.018292
388 102 165.154473
390 102 166.294919
392 102 167.439541
394 102 168.588256
396 102 169.740979
398 102 170.897630
0 104 170.926885
2 104 169.758652
4 104 168.594187
6 104 167.433569
8 104 166.276878
10 104 165.124196
12 104 163.975608
14 104 162.831201
16 104 161.691063
18 104 160.555286
20 104 159.423963
22 104 158.297189
24 104 157.175062
26 104 156.057682
28 104 154.945152
30 104 153.837577
32 104 152.735065
34 104 151.637726
36 104 150.545674
38 104 149.459024
40 104 148.377896
42 104 147.302410
44 104 146.232691
46 104 145.168867
48 104 144.111068
50 104 143.059428
52 104 142.014084
54 104 140.975175
56 104 139.942845
58 104 138.917242
60 104 137.898513
62 104 136.886815
64 104 135.882302
66 104 134.885136
68 104 133.895482
70 104 132.913506
72 104 131.939380
74 104 130.973280
76 104 130.015384
78 104 129.065875
80 104 128.124939
82 104 127.192767
84 104 126.269553
86 104 125.355494
88 104 124.450793
90 104 123.555655
92 104 122.670290
94 104 121.794910
96 104 120.929732
98 104 120.074977
100 104 119.230868
102 104 118.397635
104 104 117.575508
106 104 116.764721
108 104 115.965512
110 104 115.178123
112 104 114.402797
114 104 113.639782
116 104 112.889326
118 104 112.151683
120 104 111.427106
122 104 110.715853
124 104 110.018180
126 104 109.334350
128 104 108.664622
130 104 108.009259
132 104 107.368524
134 104 106.742681
136 104 106.131993
138 104 105.536723
140 104 104.957134
142 104 104.393486
144 104 103.846040
146 104 103.315052
148 104 102.800778
150 104 102.303470
152 104 101.823376
154 104 101.360742
156 104 100.915806
158 104 100.488805
160 104 100.079968
162 104 99.689518
164 104 99.317672
166 104 98.964640
168 104 98.630624
170 104 98.315818
172 104 98.020406
174 104 97.744565
176 104 97.488461
178 104 97.252249
180 104 97.036076
182 104 96.840074
184 104 96.664368
186 104 96.509067
188 104 96.374270
190 104 96.260064
192 104 96.166522
194 104 96.093704
196 104 96.041658
198 104 96.010416
200 104 96.000000
202 104 96.010416
204 104 96.041658
206 104 96.093704
208 104 96.166522
210 104 96.260064
212 104 96.374270
214 104 96.509067
216 104 96.664368
218 104 96.840074
220 104 97.036076
222 104 97.252249
224 104 97.488461
226 104 97.744565
228 104 98.020406
230 104 98.315818
232 104 98.630624
234 104 98.964640
236 104 99.317672
238 104 99.689518
240 104 100.079968
242 104 100.488805
244 104 100.915806
246 104 101.360742
248 104 101.823376
250 104 102.303470
252 104 102.800778
254 104 103.315052
256 104 103.846040
258 104 104.393486
260 104 104.957134
262 104 105.536723
264 104 106.131993
266 104 106.742681
268 104 107.368524
270 104 108.009259
272 104 108.664622
274 104 109.334350
276 104 110.018180
278 104 110.715853
280 104 111.427106
282 104 112.151683
284 104 112.889326
286 104 113.639782
288 104 114.402797
290 104 115.178123
292 104 115.965512
294 104 116.764721
296 104 117.575508
298 104 118.397635
300 104 119.230868
302 104 120.074977
304 104 120.929732
306 104 121.794910
308 104 122.670290
310 104 123.555655
312 104 124.450793
314 104 125.355494
316 104 126.269553
318 104 127.192767
320 104 128.124939
322 104 129.065875
324 104 130.015384
326 104 130.973280
328 104 131.939380
330 104 132.913506
332 104 133.895482
334 104 134.885136
336 104 135.882302
338 104 136.886815
340 104 137.898513
342 104 138.917242
344 104 139.942845
346 104 140.975175
348 104 142.014084
350 104 143.059428
352 104 144.111068
354 104 145.168867
356 104 146.232691
358 104 147.302410
360 104 148.377896
362 104 149.459024
364 104 150.545674
366 104 151.637726
368 104 152.735065
370 104 153.837577
372 104 154.945152
374 104 156.057682
376 104 157.175062
378 104 158.297189
380 104 159.423963
382 104 160.555286
384 104 161.691063
386 104 162.831201
388 104 163.975608
390 104 165.124196
392 104 166.276878
394 104 167.433569
396 104 168.594187
398 104 169.758652
0 106 169.811660
2 106 168.635702
4 106 167.463429
6 106 166.294919
8 106 165.130252
10 106 163.969509
12 106 162.812776
14 106 161.660137
16 106 160.511682
18 106 159.367500
20 106 158.227684
22 106 157.092330
24 106 155.961534
26 106 154.835396
28 106 153.714020
30 106 152.597510
32 106 151.485973
34 106 150.379520
36 106 149.278264
38 106 148.182320
40 106 147.091808
42 106 146.006849
44 106 144.927568
46 106 143.854093
48 106 142.786554
50 106 141.725086
52 106 140.669826
54 106 139.620915
56 106 138.578498
58 106 137.542721
60 106 136.513736
62 106 135.491697
64 106 134.476764
66 106 133.469098
68 106 132.468864
70 106 131.476234
72 106 130.491379
74 106 129.514478
76 106 128.545712
78 106 127.585266
80 106 126.633329
82 106 125.690095
84 106 124.755761
86 106 123.830529
88 106 122.914605
90 106 122.008196
92 106 121.111519
94 106 120.224789
96 106 119.348230
98 106 118.482066
100 106 117.626528
102 106 116.781848
104 106 115.948264
106 106 115.126018
108 106 114.315353
110 106 113.516519
112 106 112.729765
114 106 111.955348
116 106 111.193525
118 106 110.444556
120 106 109.708705
122 106 108.986238
124 106 108.277421
126 106 107.582526
128 106 106.901824
130 106 106.235587
132 106 105.584090
134 106 104.947606
136 106 104.326411
138 106 103.720779
140 106 103.130985
142 106 102.557301
144 106 102.000000
146 106 101.459351
148 106 100.935623
150 106 100.429079
152 106 99.939982
154 106 99.468588
156 106 99.015150
158 106 98.579917
160 106 98.163130
162 106 97.765024
164 106 97.385831
166 106 97.025770
168 106 96.685056
170 106 96.363894
172 106 96.062480
174 106 95.781000
176 106 95.519631
178 106 95.278539
180 106 95.057877
182 106 94.857788
184 106 94.678403
186 106 94.519839
188 106 94.382202
190 106 94.265582
192 106 94.170059
194 106 94.095696
196 106 94.042544
198 106 94.010638
200 106 94.000000
202 106 94.010638
204 106 94.042544
206 106 94.095696
208 106 94.170059
210 106 94.265582
212 106 94.382202
214 106 94.519839
216 106 94.678403
218 106 94.857788
220 106 95.057877
222 106 95.278539
224 106 95.519631
226 106 95.781000
228 106 96.062480
230 106 96.363894
232 106 96.685056
234 106 97.025770
236 106 97.385831
238 106 97.765024
240 106 98.163130
242 106 98.579917
244 106 99.015150
246 106 99.468588
248 106 99.939982
250 106 100.429079
252 106 100.935623
254 106 101.459351
256 106 102.000000
258 106 102.557301
260 106 103.130985
262 106 103.720779
264 106 104.326411
266 106 104.947606
268 106 105.584090
270 106 106.235587
272 106 106.901824
274 106 107.582526
276 106 108.277421
278 106 108.986238
280 106 109.708705
282 106 110.444556
284 106 111.193525
286 106 111.955348
288 106 112.729765
290 106 113.516519
292 106 114.315353
294 106 115.126018
296 106 115.948264
298 106 116.781848
300 106 117.626528
302 106 118.482066
304 106 119.348230
306 106 120.224789
308 106 121.111519
310 106 122.008196
312 106 122.914605
314 106 123.830529
316 106 124.755761
318 106 125.690095
320 106 126.633329
322 106 127.585266
324 106 128.545712
326 106 129.514478
328 106 130.491379
330 106 131.476234
332 106 132.468864
334 106 133.469098
336 106 134.476764
338 106 135.491697
340 106 136.513736
342 106 137.542721
344 106 138.578498
346 106 139.620915
348 106 140.669826
350 106 141.725086
352 106 142.786554
354 106 143.854093
356 106 144.927568
358 106 146.006849
360 106 147.091808
362 106 148.182320
364 106 149.278264
366 106 150.379520
368 106 151.485973
370 106 152.597510
372 106 153.714020
374 106 154.835396
376 106 155.961534
378 106 157.092330
380 106 158.227684
382 106 159.367500
384 106 160.511682
386 106 161.660137
388 106 162.812776
390 106 163.969509
392 106 165.130252
394 106 166.294919
396 106 167.463429
398 106 168.635702
0 108 168.712774
2 108 167.529102
4 108 166.349031
6 108 165.172637
8 108 164.000000
10 108 162.831201
12 108 161.666323
14 108 160.505452
16 108 159.348674
18 108 158.196081
20 108 157.047763
22 108 155.903817
24 108 154.764337
26 108 153.629424
28 108 152.499180
30 108 151.373710
32 108 150.253120
34 108 149.137520
36 108 148.027025
38 108 146.921748
40 108 145.821809
42 108 144.727330
44 108 143.638435
46 108 142.555252
48 108 141.477913
50 108 140.406553
52 108 139.341308
54 108 138.282320
56 108 137.229734
58 108 136.183699
60 108 135.144367
62 108 134.111894
64 108 133.086438
66 108 132.068164
68 108 131.057239
70 108 130.053835
72 108 129.058126
74 108 128.070293
76 108 127.090519
78 108 126.118991
80 108 125.155903
82 108 124.201449
84 108 123.255832
86 108 122.319254
88 108 121.391927
90 108 120.474064
92 108 119.565881
94 108 118.667603
96 108 117.779455
98 108 116.901668
100 108 116.034478
102 108 115.178123
104 108 114.332847
106 108 113.498899
108 108 112.676528
110 108 111.865991
112 108 111.067547
114 108 110.281458
116 108 109.507991
118 108 108.747414
120 108 108.000000
122 108 107.266024
124 108 106.545765
126 108 105.839501
128 108 105.147515
130 108 104.470091
132 108 103.807514
134 108 103.160070
136 108 102.528045
138 108 101.911727
140 108 101.311401
142 108 100.727355
144 108 100.159872
146 108 99.609237
148 108 99.075729
150 108 98.559627
152 108 98.061205
154 108 97.580736
156 108 97.118484
158 108 96.674712
160 108 96.249675
162 108 95.843623
164 108 95.456797
166 108 95.089432
168 108 94.741754
170 108 94.413982
172 108 94.106323
174 108 93.818975
176 108 93.552125
178 108 93.305948
180 108 93.080610
182 108 92.876262
184 108 92.693042
186 108 92.531076
188 108 92.390476
190 108 92.271339
192 108 92.173749
194 108 92.097774
196 108 92.043468
198 108 92.010869
200 108 92.000000
202 108 92.010869
204 108 92.043468
206 108 92.097774
208 108 92.173749
210 108 92.271339
212 108 92.390476
214 108 92.531076
216 108 92.693042
218 108 92.876262
220 108 93.080610
222 108 93.305948
224 108 93.552125
226 108 93.818975
228 108 94.106323
230 108 94.413982
232 108 94.741754
234 108 95.089432
236 108 95.456797
238 108 95.843623
240 108 96.249675
242 108 96.674712
244 108 97.118484
246 108 97.580736
248 108 98.061205
250 108 98.559627
252 108 99.075729
254 108 99.609237
256 108 100.159872
258 108 100.727355
260 108 101.311401
262 108 101.911727
264 108 102.528045
266 108 103.160070
268 108 103.807514
270 108 104.470091
272 108 105.147515
274 108 105.839501
276 108 106.545765
278 108 107.266024
280 108 108.000000
282 108 108.747414
284 108 109.507991
286 108 110.281458
288 108 111.067547
290 108 111.865991
292 108 112.676528
294 108 113.498899
296 108 114.332847
298 108 115.178123
300 108 116.034478
302 108 116.901668
304 108 117.779455
306 108 118.667603
308 108 119.565881
310 108 120.474064
312 108 121.391927
314 108 122.319254
316 108 123.255832
318 108 124.201449
320 108 125.155903
322 108 126.118991
324 108 127.090519
326 108 128.070293
328 108 129.058126
330 108 130.053835
332 108 131.057239
334 108 132.068164
336 108 133.086438
338 108 134.111894
340 108 135.144367
342 108 136.183699
344 108 137.229734
346 108 138.282320
348 108 139.341308
350 108 140.406553
352 108 141.477913
354 108 142.555252
356 108 143.638435
358 108 144.727330
360 108 145.821809
362 108 146.921748
364 108 148.027025
366 108 149.137520
368 108 150.253120
370 108 151.373710
372 108 152.499180
374 108 153.629424
376 108 154.764337
378 108 155.903817
380 108 157.047763
382 108 158.196081
384 108 159.348674
386 108 160.505452
388 108 161.666323
390 108 162.831201
392 108 164.000000
394 108 165.172637
396 108 166.349031
398 108 167.529102
0 110 167.630546
2 110 166.439178
4 110 165.251324
6 110 164.067059
8 110 162.886464
10 110 161.709616
12 110 160.536600
14 110 159.367500
16 110 158.202402
18 110 157.041396
20 110 155.884573
22 110 154.732026
24 110 153.583853
26 110 152.440152
28 110 151.301024
30 110 150.166574
32 110 149.036908
34 110 147.912136
36 110 146.792370
38 110 145.677727
40 110 144.568323
42 110 143.464281
44 110 142.365726
46 110 141.272786
48 110 140.185591
50 110 139.104277
52 110 138.028982
54 110 136.959848
56 110 135.897020
58 110 134.840647
60 110 133.790882
62 110 132.747881
64 110 131.711807
66 110 130.682822
68 110 129.661097
70 110 128.646803
72 110 127.640119
74 110 126.641226
76 110 125.650308
78 110 124.667558
80 110 123.693169
82 110 122.727340
84 110 121.770276
86 110 120.822183
88 110 119.883277
90 110 118.953773
92 110 118.033893
94 110 117.123866
96 110 116.223922
98 110 115.334297
100 110 114.455231
102 110 113.586971
104 110 112.729765
106 110 111.883868
108 110 111.049538
110 110 110.227038
112 110 109.416635
114 110 108.618599
116 110 107.833205
118 110 107.060730
120 110 106.301458
122 110 105.555673
124 110 104.823661
126 110 104.105716
128 110 103.402128
130 110 102.713193
132 110 102.039208
134 110 101.380471
136 110 100.737282
138 110 100.109940
140 110 99.498744
142 110 98.903994
144 110 98.325988
146 110 97.765024
148 110 97.221397
150 110 96.695398
152 110 96.187317
154 110 95.697440
156 110 95.226047
158 110 94.773414
160 110 94.339811
162 110 93.925502
164 110 93.530744
166 110 93.155784
168 110 92.800862
170 110 92.466210
172 110 92.152048
174 110 91.858587
176 110 91.586025
178 110 91.334550
180 110 91.104336
182 110 90.895544
184 110 90.708324
186 110 90.542808
188 110 90.399115
190 110 90.277350
192 110 90.177603
194 110 90.099945
196 110 90.044433
198 110 90.011110
200 110 90.000000
202 110 90.011110
204 110 90.044433
206 110 90.099945
208 110 90.177603
210 110 90.277350
212 110 90.399115
214 110 90.542808
216 110 90.708324
218 110 90.895544
220 110 91.104336
222 110 91.334550
224 110 91.586025
226 110 91.858587
228 110 92.152048
230 110 92.466210
232 110 92.800862
234 110 93.155784
236 110 93.530744
238 110 93.925502
240 110 94.339811
242 110 94.773414
244 110 95.226047
246 110 95.697440
248 110 96.187317
250 110 96.695398
252 110 97.221397
254 110 97.765024
256 110 98.325988
258 110 98.903994
260 110 99.498744
262 110 100.109940
264 110 100.737282
266 110 101.380471
268 110 102.039208
270 110 102.713193
272 110 103.402128
274 110 104.105716
276 110 104.823661
278 110 105.555673
280 110 106.301458
282 110 107.060730
284 110 107.833205
286 110 108.618599
288 110 109.416635
290 110 110.227038
292 110 111.049538
294 110 111.883868
296 110 112.729765
298 110 113.586971
300 110 114.455231
302 110 115.334297
304 110 116.223922
306 110 117.123866
308 110 118.033893
310 110 118.953773
312 110 119.883277
314 110 120.822183
316 110 121.770276
318 110 122.727340
320 110 123.693169
322 110 124.667558
324 110 125.650308
326 110 126.641226
328 110 127.640119
330 110 128.646803
332 110 129.661097
334 110 130.682822
336 110 131.711807
338 110 132.747881
340 110 133.790882
342 110 134.840647
344 110 135.897020
346 110 136.959848
348 110 138.028982
350 110 139.104277
352 110 140.185591
354 110 141.272786
356 110 142.365726
358 110 143.464281
360 110 144.568323
362 110 145.677727
364 110 146.792370
366 110 147.912136
368 110 149.036908
370 110 150.166574
372 110 151.301024
374 110 152.440152
376 110 153.583853
378 110 154.732026
380 110 155.884573
382 110 157.041396
384 110 158.202402
386 110 159.367500
388 110 160.536600
390 110 161.709616
392 110 162.886464
394 110 164.067059
396 110 165.251324
398 110 166.439178
0 112 166.565303
2 112 165.366260
4 112 164.170643
6 112 162.978526
8 112 161.789987
10 112 160.605106
12 112 159.423963
14 112 158.246643
16 112 157.073231
18 112 155.903817
20 112 154.738489
22 112 153.577342
24 112 152.420471
26 112 151.267974
28 112 150.119952
30 112 148.976508
32 112 147.837749
34 112 146.703783
36 112 145.574723
38 112 144.450684
40 112 143.331783
42 112 142.218142
44 112 141.109886
46 112 140.007143
48 112 138.910043
50 112 137.818722
52 112 136.733317
54 112 135.653972
56 112 134.580831
58 112 133.514044
60 112 132.453766
62 112 131.400152
64 112 130.353366
66 112 129.313572
68 112 128.280942
70 112 127.255648
72 112 126.237871
74 112 125.227792
76 112 124.225601
78 112 123.231489
80 112 122.245654
82 112 121.268298
84 112 120.299626
86 112 119.339851
88 112 118.389189
90 112 117.447861
92 112 116.516093
94 112 115.594117
96 112 114.682169
98 112 113.780490
100 112 112.889326
102 112 112.008928
104 112 111.139552
106 112 110.281458
108 112 109.434912
110 112 108.600184
112 112 107.777549
114 112 106.967285
116 112 106.169676
118 112 105.385008
120 112 104.613575
122 112 103.855669
124 112 103.111590
126 112 102.381639
128 112 101.666120
130 112 100.965341
132 112 100.279609
134 112 99.609237
136 112 98.954535
138 112 98.315818
140 112 97.693398
142 112 97.087589
144 112 96.498705
146 112 95.927056
148 112 95.372952
150 112 94.836702
152 112 94.318609
154 112 93.818975
156 112 93.338095
158 112 92.876262
160 112 92.433760
162 112 92.010869
164 112 91.607860
166 112 91.224997
168 112 90.862534
170 112 90.520716
172 112 90.199778
174 112 89.899944
176 112 89.621426
178 112 89.364422
180 112 89.129120
182 112 88.915690
184 112 88.724292
186 112 88.555068
188 112 88.408144
190 112 88.283634
192 112 88.181631
194 112 88.102213
196 112 88.045443
198 112 88.011363
200 112 88.000000
202 112 88.011363
204 112 88.045443
206 112 88.102213
208 112 88.181631
210 112 88.283634
212 112 88.408144
214 112 88.555068
216 112 88.724292
218 112 88.915690
220 112 89.129120
222 112 89.364422
224 112 89.621426
226 112 89.899944
228 112 90.199778
230 112 90.520716
232 112 90.862534
234 112 91.224997
236 112 91.607860
238 112 92.010869
240 112 92.433760
242 112 92.876262
244 112 93.338095
246 112 93.818975
248 112 94.318609
250 112 94.836702
252 112 95.372952
254 112 95.927056
256 112 96.498705
258 112 97.087589
260 112 97.693398
262 112 98.315818
264 112 98.954535
266 112 99.609237
268 112 100.279609
270 112 100.965341
272 112 101.666120
274 112 102.381639
276 112 103.111590
278 112 103.855669
280 112 104.613575
282 112 105.385008
284 112 106.169676
286 112 106.967285
288 112 107.777549
290 112 108.600184
292 112 109.434912
294 112 110.281458
296 112 111.139552
298 112 112.008928
300 112 112.889326
302 112 113.780490
304 112 114.682169
306 112 115.594117
308 112 116.516093
310 112 117.447861
312 112 118.389189
314 112 119.339851
316 112 120.299626
318 112 121.268298
320 112 122.245654
322 112 123.231489
324 112 124.225601
326 112 125.227792
328 112 126.237871
330 112 127.255648
332 112 128.280942
334 112 129.313572
336 112 130.353366
338 112 131.400152
340 112 132.453766
342 112 133.514044
344 112 134.580831
346 112 135.653972
348 112 136.733317
350 112 137.818722
352 112 138.910043
354 112 140.007143
356 112 141.109886
358 112 142.218142
360 112 143.331783
362 112 144.450684
364 112 145.574723
366 112 146.703783
368 112 147.837749
370 112 148.976508
372 112 150.119952
374 112 151.267974
376 112 152.420471
378 112 153.577342
380 112 154.738489
382 112 155.903817
384 112 157.073231
386 112 158.246643
388 112 159.423963
390 112 160.605106
392 112 161.789987
394 112 162.978526
396 112 164.170643
398 112 165.366260
0 114 165.517371
2 114 164.310681
4 114 163.107327
6 114 161.907381
8 114 160.710921
10 114 159.518024
12 114 158.328772
14 114 157.143247
16 114 155.961534
18 114 154.783720
20 114 153.609896
22 114 152.440152
24 114 151.274585
26 114 150.113291
28 114 148.956369
30 114 147.803924
32 114 146.656060
34 114 145.512886
36 114 144.374513
38 114 143.241056
40 114 142.112631
42 114 140.989361
44 114 139.871369
46 114 138.758784
48 114 137.651734
50 114 136.550357
52 114 135.454790
54 114 134.365174
56 114 133.281657
58 114 132.204387
60 114 131.133520
62 114 130.069212
64 114 129.011627
66 114 127.960932
68 114 126.917296
70 114 125.880896
72 114 124.851912
74 114 123.830529
76 114 122.816937
78 114 121.811330
80 114 120.813906
82 114 119.824872
84 114 118.844436
86 114 117.872813
88 114 116.910222
90 114 115.956889
92 114 115.013043
94 114 114.078920
96 114 113.154761
98 114 112.240813
100 114 111.337325
102 114 110.444556
104 114 109.562767
106 114 108.692226
108 114 107.833205
110 114 106.985980
112 114 106.150836
114 114 105.328059
116 114 104.517941
118 114 103.720779
120 114 102.936874
122 114 102.166531
124 114 101.410059
126 114 100.667770
128 114 99.939982
130 114 99.227012
132 114 98.529183
134 114 97.846819
136 114 97.180245
138 114 96.529788
140 114 95.895777
142 114 95.278539
144 114 94.678403
146 114 94.095696
148 114 93.530744
150 114 92.983870
152 114 92.455395
154 114 91.945636
156 114 91.454907
158 114 90.983515
160 114 90.531762
162 114 90.099945
164 114 89.688349
166 114 89.297256
168 114 88.926936
170 114 88.577650
172 114 88.249646
174 114 87.943163
176 114 87.658428
178 114 87.395652
180 114 87.155034
182 114 86.936759
184 114 86.740994
186 114 86.567892
188 114 86.417591
190 114 86.290208
192 114 86.185846
194 114 86.104588
196 114 86.046499
198 114 86.011627
200 114 86.000000
202 114 86.011627
204 114 86.046499
206 114 86.104588
208 114 86.185846
210 114 86.290208
212 114 86.417591
214 114 86.567892
216 114 86.740994
218 114 86.936759
220 114 87.155034
222 114 87.395652
224 114 87.658428
226 114 87.943163
228 114 88.249646
230 114 88.577650
232 114 88.926936
234 114 89.297256
236 114 89.688349
238 114 90.099945
240 114 90.531762
242 114 90.983515
244 114 91.454907
246 114 91.945636
248 114 92.455395
250 114 92.983870
252 114 93.530744
254 114 94.095696
256 114 94.678403
258 114 95.278539
260 114 95.895777
262 114 96.529788
264 114 97.180245
266 114 97.846819
268 114 98.529183
270 114 99.227012
272 114 99.939982
274 114 100.667770
276 114 101.410059
278 114 102.166531
280 114 102.936874
282 114 103.720779
284 114 104.517941
286 114 105.328059
288 114 106.150836
290 114 106.985980
292 114 107.833205
294 114 108.692226
296 114 109.562767
298 114 110.444556
300 114 111.337325
302 114 112.240813
304 114 113.154761
306 114 114.078920
308 114 115.013043
310 114 115.956889
312 114 116.910222
314 114 117.872813
316 114 118.844436
318 114 119.824872
320 114 120.813906
322 114 121.811330
324 114 122.816937
326 114 123.830529
328 114 124.851912
330 114 125.880896
332 114 126.917296
334 114 127.960932
336 114 129.011627
338 114 130.069212
340 114 131.133520
342 114 132.204387
344 114 133.281657
346 114 134.365174
348 114 135.454790
350 114 136.550357
352 114 137.651734
354 114 138.758784
356 114 139.871369
358 114 140.989361
360 114 142.112631
362 114 143.241056
364 114 144.374513
366 114 145.512886
368 114 146.656060
370 114 147.803924
372 114 148.956369
374 114 150.113291
376 114 151.274585
378 114 152.440152
380 114 153.609896
382 114 154.783720
384 114 155.961534
386 114 157.143247
388 114 158.328772
390 114 159.518024
392 114 160.710921
394 114 161.907381
396 114 163.107327
398 114 164.310681
0 116 164.487082
2 116 163.272778
4 116 162.061717
6 116 160.853971
8 116 159.649616
10 116 158.448730
12 116 157.251391
14 116 156.057682
16 116 154.867685
18 116 153.681489
20 116 152.499180
22 116 151.320851
24 116 150.146595
26 116 148.976508
28 116 147.810690
30 116 146.649241
32 116 145.492268
34 116 144.339877
36 116 143.192179
38 116 142.049287
40 116 140.911320
42 116 139.778396
44 116 138.650640
46 116 137.528179
48 116 136.411143
50 116 135.299667
52 116 134.193890
54 116 133.093952
56 116 132.000000
58 116 130.912184
60 116 129.830659
62 116 128.755582
64 116 127.687118
66 116 126.625432
68 116 125.570697
70 116 124.523090
72 116 123.482792
74 116 122.449990
76 116 121.424874
78 116 120.407641
80 116 119.398492
82 116 118.397635
84 116 117.405281
86 116 116.421647
88 116 115.446958
90 116 114.481440
92 116 113.525328
94 116 112.578861
96 116 111.642286
98 116 110.715853
100 116 109.799818
102 116 108.894444
104 116 108.000000
106 116 107.116759
108 116 106.245000
110 116 105.385008
112 116 104.537075
114 116 103.701495
116 116 102.878569
118 116 102.068604
120 116 101.271911
122 116 100.488805
124 116 99.719607
126 116 98.964640
128 116 98.224233
130 116 97.498718
132 116 96.788429
134 116 96.093704
136 116 95.414884
138 116 94.752309
140 116 94.106323
142 116 93.477270
144 116 92.865494
146 116 92.271339
148 116 91.695147
150 116 91.137259
152 116 90.598013
154 116 90.077744
156 116 89.576783
158 116 89.095454
160 116 88.634079
162 116 88.192970
164 116 87.772433
166 116 87.372765
168 116 86.994253
170 116 86.637174
172 116 86.301796
174 116 85.988371
176 116 85.697141
178 116 85.428333
180 116 85.182158
182 116 84.958814
184 116 84.758480
186 116 84.581322
188 116 84.427484
190 116 84.297094
192 116 84.190261
194 116 84.107075
196 116 84.047606
198 116 84.011904
200 116 84.000000
202 116 84.011904
204 116 84.047606
206 116 84.107075
208 116 84.190261
210 116 84.297094
212 116 84.427484
214 116 84.581322
216 116 84.758480
218 116 84.958814
220 116 85.182158
222 116 85.428333
224 116 85.697141
226 116 85.988371
228 116 86.301796
230 116 86.637174
232 116 86.994253
234 116 87.372765
236 116 87.772433
238 116 88.192970
240 116 88.634079
242 116 89.095454
244 116 89.576783
246 116 90.077744
248 116 90.598013
250 116 91.137259
252 116 91.695147
254 116 92.271339
256 116 92.865494
258 116 93.477270
260 116 94.106323
262 116 94.752309
264 116 95.414884
266 116 96.093704
268 116 96.788429
270 116 97.498718
272 116 98.224233
274 116 98.964640
276 116 99.719607
278 116 100.488805
280 116 101.271911
282 116 102.068604
284 116 102.878569
286 116 103.701495
288 116 104.537075
290 116 105.385008
292 116 106.245000
294 116 107.116759
296 116 108.000000
298 116 108.894444
300 116 109.799818
302 116 110.715853
304 116 111.642286
306 116 112.578861
308 116 113.525328
310 116 114.481440
312 116 115.446958
314 116 116.421647
316 116 117.405281
318 116 118.397635
320 116 119.398492
322 116 120.407641
324 116 121.424874
326 116 122.449990
328 116 123.482792
330 116 124.523090
332 116 125.570697
334 116 126.625432
336 116 127.687118
338 116 128.755582
340 116 129.830659
342 116 130.912184
344 116 132.000000
346 116 133.093952
348 116 134.193890
350 116 135.299667
352 116 136.411143
354 116 137.528179
356 116 138.650640
358 116 139.778396
360 116 140.911320
362 116 142.049287
364 116 143.192179
366 116 144.339877
368 116 145.492268
370 116 146.649241
372 116 147.810690
374 116 148.976508
376 116 150.146595
378 116 151.320851
380 116 152.499180
382 116 153.681489
384 116 154.867685
386 116 156.057682
388 116 157.251391
390 116 158.448730
392 116 159.649616
394 116 160.853971
396 116 162.061717
398 116 163.272778
0 118 163.474769
2 118 162.252889
4 118 161.034158
6 118 159.818647
8 118 158.606431
10 118 157.397586
12 118 156.192189
14 118 154.990322
16 118 153.792067
18 118 152.597510
20 118 151.406737
22 118 150.219839
24 118 149.036908
26 118 147.858040
28 118 146.683332
30 118 145.512886
32 118 144.346805
34 118 143.185195
36 118 142.028166
38 118 140.875832
40 118 139.728308
42 118 138.585714
44 118 137.448172
46 118 136.315810
48 118 135.188757
50 118 134.067147
52 118 132.951119
54 118 131.840813
56 118 130.736376
58 118 129.637957
60 118 128.545712
62 118 127.459798
64 118 126.380378
66 118 125.307621
68 118 124.241700
70 118 123.182791
72 118 122.131077
74 118 121.086746
76 118 120.049990
78 118 119.021007
80 118 118.000000
82 118 116.987179
84 118 115.982757
86 118 114.986956
88 118 114.000000
90 118 113.022122
92 118 112.053559
94 118 111.094554
96 118 110.145359
98 118 109.206227
100 118 108.277421
102 118 107.359210
104 118 106.451867
106 118 105.555673
108 118 104.670913
110 118 103.797881
112 118 102.936874
114 118 102.088197
116 118 101.252160
118 118 100.429079
120 118 99.619275
122 118 98.823074
124 118 98.040808
126 118 97.272812
128 118 96.519428
130 118 95.781000
132 118 95.057877
134 118 94.350411
136 118 93.658956
138 118 92.983870
140 118 92.325511
142 118 91.684241
144 118 91.060420
146 118 90.454408
148 118 89.866568
150 118 89.297256
152 118 88.746831
154 118 88.215645
156 118 87.704048
158 118 87.212384
160 118 86.740994
162 118 86.290208
164 118 85.860352
166 118 85.451741
168 118 85.064681
170 118 84.699469
172 118 84.356387
174 118 84.035707
176 118 83.737686
178 118 83.462566
180 118 83.210576
182 118 82.981926
184 118 82.776808
186 118 82.595399
188 118 82.437855
190 118 82.304313
192 118 82.194890
194 118 82.109683
196 118 82.048766
198 118 82.012194
200 118 82.000000
202 118 82.012194
204 118 82.048766
206 118 82.109683
208 118 82.194890
210 118 82.304313
212 118 82.437855
214 118 82.595399
216 118 82.776808
218 118 82.981926
220 118 83.210576
222 118 83.462566
224 118 83.737686
226 118 84.035707
228 118 84.356387
230 118 84.699469
232 118 85.064681
234 118 85.451741
236 118 85.860352
238 118 86.290208
240 118 86.740994
242 118 87.212384
244 118 87.704048
246 118 88.215645
248 118 88.746831
250 118 89.297256
252 118 89.866568
254 118 90.454408
256 118 91.060420
258 118 91.684241
260 118 92.325511
262 118 92.983870
264 118 93.658956
266 118 94.350411
268 118 95.057877
270 118 95.781000
272 118 96.519428
274 118 97.272812
276 118 98.040808
278 118 98.823074
280 118 99.619275
282 118 100.429079
284 118 101.252160
286 118 102.088197
288 118 102.936874
290 118 103.797881
292 118 104.670913
294 118 105.555673
296 118 106.451867
298 118 107.359210
300 118 108.277421
302 118 109.206227
304 118 110.145359
306 118 111.094554
308 118 112.053559
310 118 113.022122
312 118 114.000000
314 118 114.986956
316 118 115.982757
318 118 116.987179
320 118 118.000000
322 118 119.021007
324 118 120.049990
326 118 121.086746
328 118 122.131077
330 118 123.182791
332 118 124.241700
334 118 125.307621
336 118 126.380378
338 118 127.459798
340 118 128.545712
342 118 129.637957
344 118 130.736376
346 118 131.840813
348 118 132.951119
350 118 134.067147
352 118 135.188757
354 118 136.315810
356 118 137.448172
358 118 138.585714
360 118 139.728308
362 118 140.875832
364 118 142.028166
366 118 143.185195
368 118 144.346805
370 118 145.512886
372 118 146.683332
374 118 147.858040
376 118 149.036908
378 118 150.219839
380 118 151.406737
382 118 152.597510
384 118 153.792067
386 118 154.990322
388 118 156.192189
390 118 157.397586
392 118 158.606431
394 118 159.818647
396 118 161.034158
398 118 162.252889
0 120 162.480768
2 120 161.251357
4 120 160.024998
6 120 158.801763
8 120 157.581725
10 120 156.364958
12 120 155.151539
14 120 153.941547
16 120 152.735065
18 120 151.532175
20 120 150.332964
22 120 149.137520
24 120 147.945936
26 120 146.758305
28 120 145.574723
30 120 144.395291
32 120 143.220110
34 120 142.049287
36 120 140.882930
38 120 139.721151
40 120 138.564065
42 120 137.411790
44 120 136.264449
46 120 135.122167
48 120 133.985074
50 120 132.853303
52 120 131.726990
54 120 130.606279
56 120 129.491312
58 120 128.382242
60 120 127.279221
62 120 126.182408
64 120 125.091966
66 120 124.008064
68 120 122.930875
70 120 121.860576
72 120 120.797351
74 120 119.741388
76 120 118.692881
78 120 117.652029
80 120 116.619038
82 120 115.594117
84 120 114.577485
86 120 113.569362
88 120 112.569978
90 120 111.579568
92 120 110.598373
94 120 109.626639
96 120 108.664622
98 120 107.712581
100 120 106.770783
102 120 105.839501
104 120 104.919016
106 120 104.009615
108 120 103.111590
110 120 102.225242
112 120 101.350876
114 120 100.488805
116 120 99.639350
118 120 98.802834
120 120 97.979590
122 120 97.169954
124 120 96.374270
126 120 95.592887
128 120 94.826157
130 120 94.074439
132 120 93.338095
134 120 92.617493
136 120 91.913002
138 120 91.224997
140 120 90.553851
142 120 89.899944
144 120 89.263654
146 120 88.645361
148 120 88.045443
150 120 87.464278
152 120 86.902244
154 120 86.359713
156 120 85.837055
158 120 85.334635
160 120 84.852814
162 120 84.391943
164 120 83.952367
166 120 83.534424
168 120 83.138439
170 120 82.764727
172 120 82.413591
174 120 82.085321
176 120 81.780193
178 120 81.498466
180 120 81.240384
182 120 81.006173
184 120 80.796040
186 120 80.610173
188 120 80.448741
190 120 80.311892
192 120 80.199751
194 120 80.112421
196 120 80.049984
198 120 80.012499
200 120 80.000000
202 120 80.012499
204 120 80.049984
206 120 80.112421
208 120 80.199751
210 120 80.311892
212 120 80.448741
214 120 80.610173
216 120 80.796040
218 120 81.006173
220 120 81.240384
222 120 81.498466
224 120 81.780193
226 120 82.085321
228 120 82.413591
230 120 82.764727
232 120 83.138439
234 120 83.534424
236 120 83.952367
238 120 84.391943
240 120 84.852814
242 120 85.334635
244 120 85.837055
246 120 86.359713
248 120 86.902244
250 120 87.464278
252 120 88.045443
254 120 88.645361
256 120 89.263654
258 120 89.899944
260 120 90.553851
262 120 91.224997
264 120 91.913002
266 120 92.617493
268 120 93.338095
270 120 94.074439
272 120 94.826157
274 120 95.592887
276 120 96.374270
278 120 97.169954
280 120 97.979590
282 120 98.802834
284 120 99.639350
286 120 100.488805
288 120 101.350876
290 120 102.225242
292 120 103.111590
294 120 104.009615
296 120 104.919016
298 120 105.839501
300 120 106.770783
302 120 107.712581
304 120 108.664622
306 120 109.626639
308 120 110.598373
310 120 111.579568
312 120 112.569978
314 120 113.569362
316 120 114.577485
318 120 115.594117
320 120 116.619038
322 120 117.652029
324 120 118.692881
326 120 119.741388
328 120 120.797351
330 120 121.860576
332 120 122.930875
334 120 124.008064
336 120 125.091966
338 120 126.182408
340 120 127.279221
342 120 128.382242
344 120 129.491312
346 120 130.606279
348 120 131.726990
350 120 132.853303
352 120 133.985074
354 120 135.122167
356 120 136.264449
358 120 137.411790
360 120 138.564065
362 120 139.721151
364 120 140.882930
366 120 142.049287
368 120 143.220110
370 120 144.395291
372 120 145.574723
374 120 146.758305
376 120 147.945936
378 120 149.137520
380 120 150.332964
382 120 151.532175
384 120 152.735065
386 120 153.941547
388 120 155.151539
390 120 156.364958
392 120 157.581725
394 120 158.801763
396 120 160.024998
398 120 161.251357
0 122 161.505418
2 122 160.268525
4 122 159.034587
6 122 157.803675
8 122 156.575860
10 122 155.351215
12 122 154.129815
14 122 152.911739
16 122 151.697067
18 122 150.485880
20 122 149.278264
22 122 148.074306
24 122 146.874096
26 122 145.677727
28 122 144.485293
30 122 143.296895
32 122 142.112631
34 122 140.932608
36 122 139.756932
38 122 138.585714
40 122 137.419067
42 122 136.257110
44 122 135.099963
46 122 133.947751
48 122 132.800602
50 122 131.658650
52 122 130.522029
54 122 129.390881
56 122 128.265350
58 122 127.145586
60 122 126.031742
62 122 124.923977
64 122 123.822454
66 122 122.727340
68 122 121.638810
70 122 120.557040
72 122 119.482216
74 122 118.414526
76 122 117.354165
78 122 116.301333
80 122 115.256236
82 122 114.219088
84 122 113.190106
86 122 112.169515
88 122 111.157546
90 122 110.154437
92 122 109.160432
94 122 108.175783
96 122 107.200746
98 122 106.235587
100 122 105.280578
102 122 104.335996
104 122 103.402128
106 122 102.479266
108 122 101.567711
110 122 100.667770
112 122 99.779757
114 122 98.903994
116 122 98.040808
118 122 97.190535
120 122 96.353516
122 122 95.530100
124 122 94.720642
126 122 93.925502
128 122 93.145048
130 122 92.379651
132 122 91.629690
134 122 90.895544
136 122 90.177603
138 122 89.476254
140 122 88.791892
142 122 88.124911
144 122 87.475711
146 122 86.844689
148 122 86.232245
150 122 85.638776
152 122 85.064681
154 122 84.510354
156 122 83.976187
158 122 83.462566
160 122 82.969874
162 122 82.498485
164 122 82.048766
166 122 81.621076
168 122 81.215762
170 122 80.833162
172 122 80.473598
174 122 80.137382
176 122 79.824808
178 122 79.536155
180 122 79.271685
182 122 79.031639
184 122 78.816242
186 122 78.625696
188 122 78.460181
190 122 78.319857
192 122 78.204859
194 122 78.115299
196 122 78.051265
198 122 78.012819
200 122 78.000000
202 122 78.012819
204 122 78.051265
206 122 78.115299
208 122 78.204859
210 122 78.319857
212 122 78.460181
214 122 78.625696
216 122 78.816242
218 122 79.031639
220 122 79.271685
222 122 79.536155
224 122 79.824808
226 122 80.137382
228 122 80.473598
230 122 80.833162
232 122 81.215762
234 122 81.621076
236 122 82.048766
238 122 82.498485
240 122 82.969874
242 122 83.462566
244 122 83.976187
246 122 84.510354
248 122 85.064681
250 122 85.638776
252 122 86.232245
254 122 86.844689
256 122 87.475711
258 122 88.124911
260 122 88.791892
262 122 89.476254
264 122 90.177603
266 122 90.895544
268 122 91.629690
270 122 92.379651
272 122 93.145048
274 122 93.925502
276 122 94.720642
278 122 95.530100
280 122 96.353516
282 122 97.190535
284 122 98.040808
286 122 98.903994
288 122 99.779757
290 122 100.667770
292 122 101.567711
294 122 102.479266
296 122 103.402128
298 122 104.335996
300 122 105.280578
302 122 106.235587
304 122 107.200746
306 122 108.175783
308 122 109.160432
310 122 110.154437
312 122 111.157546
314 122 112.169515
316 122 113.190106
318 122 114.219088
320 122 115.256236
322 122 116.301333
324 122 117.354165
326 122 118.414526
328 122 119.482216
330 122 120.557040
332 122 121.638810
334 122 122.727340
336 122 123.822454
338 122 124.923977
340 122 126.031742
342 122 127.145586
344 122 128.265350
346 122 129.390881
348 122 130.522029
350 122 131.658650
352 122 132.800602
354 122 133.947751
356 122 135.099963
358 122 136.257110
360 122 137.419067
362 122 138.585714
364 122 139.756932
366 122 140.932608
368 122 142.112631
370 122 143.296895
372 122 144.485293
374 122 145.677727
376 122 146.874096
378 122 148.074306
380 122 149.278264
382 122 150.485880
384 122 151.697067
386 122 152.911739
388 122 154.129815
390 122 155.351215
392 122 156.575860
394 122 157.803675
396 122 159.034587
398 122 160.268525
0 124 160.549058
2 124 159.304739
4 124 158.063278
6 124 156.824743
8 124 155.589203
10 124 154.356730
12 124 153.127398
14 124 151.901284
16 124 150.678466
18 124 149.459024
20 124 148.243044
22 124 147.030609
24 124 145.821809
26 124 144.616735
28 124 143.415480
30 124 142.218142
32 124 141.024821
34 124 139.835618
36 124 138.650640
38 124 137.469997
40 124 136.293800
42 124 135.122167
44 124 133.955216
46 124 132.793072
48 124 131.635861
50 124 130.483715
52 124 129.336770
54 124 128.195164
56 124 127.059041
58 124 125.928551
60 124 124.803846
62 124 123.685084
64 124 122.572428
66 124 121.466045
68 124 120.366108
70 124 119.272797
72 124 118.186294
74 124 117.106789
76 124 116.034478
78 124 114.969561
80 124 113.912247
82 124 112.862749
84 124 111.821286
86 124 110.788086
88 124 109.763382
90 124 108.747414
92 124 107.740429
94 124 106.742681
96 124 105.754433
98 124 104.775951
100 124 103.807514
102 124 102.849404
104 124 101.901914
106 124 100.965341
108 124 100.039992
110 124 99.126182
112 124 98.224233
114 124 97.334475
116 124 96.457244
118 124 95.592887
120 124 94.741754
122 124 93.904207
124 124 93.080610
126 124 92.271339
128 124 91.476773
130 124 90.697299
132 124 89.933309
134 124 89.185201
136 124 88.453378
138 124 87.738247
140 124 87.040221
142 124 86.359713
144 124 85.697141
146 124 85.052925
148 124 84.427484
150 124 83.821238
152 124 83.234608
154 124 82.668011
156 124 82.121861
158 124 81.596569
160 124 81.092540
162 124 80.610173
164 124 80.149860
166 124 79.711982
168 124 79.296910
170 124 78.905006
172 124 78.536616
174 124 78.192071
176 124 77.871689
178 124 77.575769
180 124 77.304592
182 124 77.058419
184 124 76.837491
186 124 76.642025
188 124 76.472217
190 124 76.328239
192 124 76.210236
194 124 76.118329
196 124 76.052613
198 124 76.013157
200 124 76.000000
202 124 76.013157
204 124 76.052613
206 124 76.118329
208 124 76.210236
210 124 76.328239
212 124 76.472217
214 124 76.642025
216 124 76.837491
218 124 77.058419
220 124 77.304592
222 124 77.575769
224 124 77.871689
226 124 78.192071
228 124 78.536616
230 124 78.905006
232 124 79.296910
234 124 79.711982
236 124 80.149860
238 124 80.610173
240 124 81.092540
242 124 81.596569
244 124 82.121861
246 124 82.668011
248 124 83.234608
250 124 83.821238
252 124 84.427484
254 124 85.052925
256 124 85.697141
258 124 86.359713
260 124 87.040221
262 124 87.738247
264 124 88.453378
266 124 89.185201
268 124 89.933309
270 124 90.697299
272 124 91.476773
274 124 92.271339
276 124 93.080610
278 124 93.904207
280 124 94.741754
282 124 95.592887
284 124 96.457244
286 124 97.334475
288 124 98.224233
290 124 99.126182
292 124 100.039992
294 124 100.965341
296 124 101.901914
298 124 102.849404
300 124 103.807514
302 124 104.775951
304 124 105.754433
306 124 106.742681
308 124 107.740429
310 124 108.747414
312 124 109.763382
314 124 110.788086
316 124 111.821286
318 124 112.862749
320 124 113.912247
322 124 114.969561
324 124 116.034478
326 124 117.106789
328 124 118.186294
330 124 119.272797
332 124 120.366108
334 124 121.466045
336 124 122.572428
338 124 123.685084
340 124 124.803846
342 124 125.928551
344 124 127.059041
346 124 128.195164
348 124 129.336770
350 124 130.483715
352 124 131.635861
354 124 132.793072
356 124 133.955216
358 124 135.122167
360 124 136.293800
362 124 137.469997
364 124 138.650640
366 124 139.835618
368 124 141.024821
370 124 142.218142
372 124 143.415480
374 124 144.616735
376 124 145.821809
378 124 147.030609
380 124 148.243044
382 124 149.459024
384 124 150.678466
386 124 151.901284
388 124 153.127398
390 124 154.356730
392 124 155.589203
394 124 156.824743
396 124 158.063278
398 124 159.304739
0 126 159.612030
2 126 158.360349
4 126 157.111425
6 126 155.865326
8 126 154.622120
10 126 153.381876
12 126 152.144668
14 126 150.910570
16 126 149.679658
18 126 148.452012
20 126 147.227715
22 126 146.006849
24 126 144.789502
26 126 143.575764
28 126 142.365726
30 126 141.159484
32 126 139.957136
34 126 138.758784
36 126 137.564530
38 126 136.374484
40 126 135.188757
42 126 134.007462
44 126 132.830719
46 126 131.658650
48 126 130.491379
50 126 129.329038
52 126 128.171760
54 126 127.019684
56 126 125.872952
58 126 124.731712
60 126 123.596116
62 126 122.466322
64 126 121.342490
66 126 120.224789
68 126 119.113391
70 126 118.008474
72 126 116.910222
74 126 115.818824
76 126 114.734476
78 126 113.657380
80 126 112.587744
82 126 111.525782
84 126 110.471716
86 126 109.425774
88 126 108.388191
90 126 107.359210
92 126 106.339080
94 126 105.328059
96 126 104.326411
98 126 103.334409
100 126 102.352333
102 126 101.380471
104 126 100.419122
106 126 99.468588
108 126 98.529183
110 126 97.601230
112 126 96.685056
114 126 95.781000
116 126 94.889409
118 126 94.010638
120 126 93.145048
122 126 92.293012
124 126 91.454907
126 126 90.631120
128 126 89.822046
130 126 89.028085
132 126 88.249646
134 126 87.487142
136 126 86.740994
138 126 86.011627
140 126 85.299472
142 126 84.604964
144 126 83.928541
146 126 83.270643
148 126 82.631713
150 126 82.012194
152 126 81.412530
154 126 80.833162
156 126 80.274529
158 126 79.737068
160 126 79.221209
162 126 78.727378
164 126 78.255990
166 126 77.807455
168 126 77.382168
170 126 76.980517
172 126 76.602872
174 126 76.249590
176 126 75.921012
178 126 75.617458
180 126 75.339233
182 126 75.086617
184 126 74.859869
186 126 74.659226
188 126 74.484898
190 126 74.337070
192 126 74.215901
194 126 74.121522
196 126 74.054034
198 126 74.013512
200 126 74.000000
202 126 74.013512
204 126 74.054034
206 126 74.121522
208 126 74.215901
210 126 74.337070
212 126 74.484898
214 126 74.659226
216 126 74.859869
218 126 75.086617
220 126 75.339233
222 126 75.617458
224 126 75.921012
226 126 76.249590
228 126 76.602872
230 126 76.980517
232 126 77.382168
234 126 77.807455
236 126 78.255990
238 126 78.727378
240 126 79.221209
242 126 79.737068
244 126 80.274529
246 126 80.833162
248 126 81.412530
250 126 82.012194
252 126 82.631713
254 126 83.270643
256 126 83.928541
258 126 84.604964
260 126 85.299472
262 126 86.011627
264 126 86.740994
266 126 87.487142
268 126 88.249646
270 126 89.028085
272 126 89.822046
274 126 90.631120
276 126 91.454907
278 126 92.293012
280 126 93.145048
282 126 94.010638
284 126 94.889409
286 126 95.781000
288 126 96.685056
290 126 97.601230
292 126 98.529183
294 126 99.468588
296 126 100.419122
298 126 101.380471
300 126 102.352333
302 126 103.334409
304 126 104.326411
306 126 105.328059
308 126 106.339080
310 126 107.359210
312 126 108.388191
314 126 109.425774
316 126 110.471716
318 126 111.525782
320 126 112.587744
322 126 113.657380
324 126 114.734476
326 126 115.818824
328 126 116.910222
330 126 118.008474
332 126 119.113391
334 126 120.224789
336 126 121.342490
338 126 122.466322
340 126 123.596116
342 126 124.731712
344 126 125.872952
346 126 127.019684
348 126 128.171760
350 126 129.329038
352 126 130.491379
354 126 131.658650
356 126 132.830719
358 126 134.007462
360 126 135.188757
362 126 136.374484
364 126 137.564530
366 126 138.758784
368 126 139.957136
370 126 141.159484
372 126 142.365726
374 126 143.575764
376 126 144.789502
378 126 146.006849
380 126 147.227715
382 126 148.452012
384 126 149.679658
386 126 150.910570
388 126 152.144668
390 126 153.381876
392 126 154.622120
394 126 155.865326
396 126 157.111425
398 126 158.360349
0 128 158.694675
2 128 157.435701
4 128 156.179384
6 128 154.925789
8 128 153.674982
10 128 152.427032
12 128 151.182010
14 128 149.939988
16 128 148.701042
18 128 147.465250
20 128 146.232691
22 128 145.003448
24 128 143.777606
26 128 142.555252
28 128 141.336478
30 128 140.121376
32 128 138.910043
34 128 137.702578
36 128 136.499084
38 128 135.299667
40 128 134.104437
42 128 132.913506
44 128 131.726990
46 128 130.545011
48 128 129.367693
50 128 128.195164
52 128 127.027556
54 128 125.865007
56 128 124.707658
58 128 123.555655
60 128 122.409150
62 128 121.268298
64 128 120.133259
66 128 119.004202
68 128 117.881296
70 128 116.764721
72 128 115.654658
74 128 114.551299
76 128 113.454837
78 128 112.365475
80 128 111.283422
82 128 110.208893
84 128 109.142109
86 128 108.083301
88 128 107.032705
90 128 105.990566
92 128 104.957134
94 128 103.932671
96 128 102.917443
98 128 101.911727
100 128 100.915806
102 128 99.929975
104 128 98.954535
106 128 97.989795
108 128 97.036076
110 128 96.093704
112 128 95.163018
114 128 94.244363
116 128 93.338095
118 128 92.444578
120 128 91.564185
122 128 90.697299
124 128 89.844310
126 128 89.005618
128 128 88.181631
130 128 87.372765
132 128 86.579443
134 128 85.802098
136 128 85.041167
138 128 84.297094
140 128 83.570330
142 128 82.861330
144 128 82.170554
146 128 81.498466
148 128 80.845532
150 128 80.212219
152 128 79.598995
154 128 79.006329
156 128 78.434686
158 128 77.884530
160 128 77.356318
162 128 76.850504
164 128 76.367532
166 128 75.907839
168 128 75.471849
170 128 75.059976
172 128 74.672619
174 128 74.310161
176 128 73.972968
178 128 73.661387
180 128 73.375745
182 128 73.116346
184 128 72.883469
186 128 72.677369
188 128 72.498276
190 128 72.346389
192 128 72.221880
194 128 72.124892
196 128 72.055534
198 128 72.013888
200 128 72.000000
202 128 72.013888
204 128 72.055534
206 128 72.124892
208 128 72.221880
210 128 72.346389
212 128 72.498276
214 128 72.677369
216 128 72.883469
218 128 73.116346
220 128 73.375745
222 128 73.661387
224 128 73.972968
226 128 74.310161
228 128 74.672619
230 128 75.059976
232 128 75.471849
234 128 75.907839
236 128 76.367532
238 128 76.850504
240 128 77.356318
242 128 77.884530
244 128 78.434686
246 128 79.006329
248 128 79.598995
250 128 80.212219
252 128 80.845532
254 128 81.498466
256 128 82.170554
258 128 82.861330
260 128 83.570330
262 128 84.297094
264 128 85.041167
266 128 85.802098
268 128 86.579443
270 128 87.372765
272 128 88.181631
274 128 89.005618
276 128 89.844310
278 128 90.697299
280 128 91.564185
282 128 92.444578
284 128 93.338095
286 128 94.244363
288 128 95.163018
290 128 96.093704
292 128 97.036076
294 128 97.989795
296 128 98.954535
298 128 99.929975
300 128 100.915806
302 128 101.911727
304 128 102.917443
306 128 103.932671
308 128 104.957134
310 128 105.990566
312 128 107.032705
314 128 108.083301
316 128 109.142109
318 128 110.208893
320 128 111.283422
322 128 112.365475
324 128 113.454837
326 128 114.551299
328 128 115.654658
330 128 116.764721
332 128 117.881296
334 128 119.004202
336 128 120.133259
338 128 121.268298
340 128 122.409150
342 128 123.555655
344 128 124.707658
346 128 125.865007
348 128 127.027556
350 128 128.195164
352 128 129.367693
354 128 130.545011
356 128 131.726990
358 128 132.913506
360 128 134.104437
362 128 135.299667
364 128 136.499084
366 128 137.702578
368 128 138.910043
370 128 140.121376
372 128 141.336478
374 128 142.555252
376 128 143.777606
378 128 145.003448
380 128 146.232691
382 128 147.465250
384 128 148.701042
386 128 149.939988
388 128 151.182010
390 128 152.427032
392 128 153.674982
394 128 154.925789
396 128 156.179384
398 128 157.435701
0 130 157.797338
2 130 156.531147
4 130 155.267511
6 130 154.006493
8 130 152.748159
10 130 151.492574
12 130 150.239808
14 130 148.989933
16 130 147.743020
18 130 146.499147
20 130 145.258390
22 130 144.020832
24 130 142.786554
26 130 141.555643
28 130 140.328187
30 130 139.104277
32 130 137.884009
34 130 136.667480
36 130 135.454790
38 130 134.246043
40 130 133.041347
42 130 131.840813
44 130 130.644556
46 130 129.452694
48 130 128.265350
50 130 127.082650
52 130 125.904726
54 130 124.731712
56 130 123.563749
58 130 122.400980
60 130 121.243557
62 130 120.091632
64 130 118.945366
66 130 117.804923
68 130 116.670476
70 130 115.542200
72 130 114.420278
74 130 113.304898
76 130 112.196257
78 130 111.094554
80 130 110.000000
82 130 108.912809
84 130 107.833205
86 130 106.761416
88 130 105.697682
90 130 104.642248
92 130 103.595367
94 130 102.557301
96 130 101.528321
98 130 100.508706
100 130 99.498744
102 130 98.498731
104 130 97.508974
106 130 96.529788
108 130 95.561499
110 130 94.604440
112 130 93.658956
114 130 92.725401
116 130 91.804139
118 130 90.895544
120 130 90.000000
122 130 89.117899
124 130 88.249646
126 130 87.395652
128 130 86.556340
130 130 85.732141
132 130 84.923495
134 130 84.130850
136 130 83.354664
138 130 82.595399
140 130 81.853528
142 130 81.129526
144 130 80.423877
146 130 79.737068
148 130 79.069590
150 130 78.421936
152 130 77.794601
154 130 77.188082
156 130 76.602872
158 130 76.039463
160 130 75.498344
162 130 74.979997
164 130 74.484898
166 130 74.013512
168 130 73.566297
170 130 73.143694
172 130 72.746134
174 130 72.374028
176 130 72.027772
178 130 71.707740
180 130 71.414284
182 130 71.147734
184 130 70.908392
186 130 70.696535
188 130 70.512410
190 130 70.356236
192 130 70.228199
194 130 70.128454
196 130 70.057120
198 130 70.014284
200 130 70.000000
202 130 70.014284
204 130 70.057120
206 130 70.128454
208 130 70.228199
210 130 70.356236
212 130 70.512410
214 130 70.696535
216 130 70.908392
218 130 71.147734
220 130 71.414284
222 130 71.707740
224 130 72.027772
226 130 72.374028
228 130 72.746134
230 130 73.143694
232 130 73.566297
234 130 74.013512
236 130 74.484898
238 130 74.979997
240 130 75.498344
242 130 76.039463
244 130 76.602872
246 130 77.188082
248 130 77.794601
250 130 78.421936
252 130 79.069590
254 130 79.737068
256 130 80.423877
258 130 81.129526
260 130 81.853528
262 130 82.595399
264 130 83.354664
266 130 84.130850
268 130 84.923495
270 130 85.732141
272 130 86.556340
274 130 87.395652
276 130 88.249646
278 130 89.117899
280 130 90.000000
282 130 90.895544
284 130 91.804139
286 130 92.725401
288 130 93.658956
290 130 94.604440
292 130 95.561499
294 130 96.529788
296 130 97.508974
298 130 98.498731
300 130 99.498744
302 130 100.508706
304 130 101.528321
306 130 102.557301
308 130 103.595367
310 130 104.642248
312 130 105.697682
314 130 106.761416
316 130 107.833205
318 130 108.912809
320 130 110.000000
322 130 111.094554
324 130 112.196257
326 130 113.304898
328 130 114.420278
330 130 115.542200
332 130 116.670476
334 130 117.804923
336 130 118.945366
338 130 120.091632
340 130 121.243557
342 130 122.400980
344 130 123.563749
346 130 124.731712
348 130 125.904726
350 130 127.082650
352 130 128.265350
354 130 129.452694
356 130 130.644556
358 130 131.840813
360 130 133.041347
362 130 134.246043
364 130 135.454790
366 130 136.667480
368 130 137.884009
370 130 139.104277
372 130 140.328187
374 130 141.555643
376 130 142.786554
378 130 144.020832
380 130 145.258390
382 130 146.499147
384 130 147.743020
386 130 148.989933
388 130 150.239808
390 130 151.492574
392 130 152.748159
394 130 154.006493
396 130 155.267511
398 130 156.531147
0 132 156.920362
2 132 155.647037
4 132 154.376164
6 132 153.107805
8 132 151.842023
10 132 150.578883
12 132 149.318452
14 132 148.060798
16 132 146.805994
18 132 145.554114
20 132 144.305232
22 132 143.059428
24 132 141.816783
26 132 140.577381
28 132 139.341308
30 132 138.108653
32 132 136.879509
34 132 135.653972
36 132 134.432139
38 132 133.214113
40 132 132.000000
42 132 130.789908
44 132 129.583950
46 132 128.382242
48 132 127.184905
50 132 125.992063
52 132 124.803846
54 132 123.620387
56 132 122.441823
58 132 121.268298
60 132 120.099958
62 132 118.936958
64 132 117.779455
66 132 116.627613
68 132 115.481600
70 132 114.341593
72 132 113.207774
74 132 112.080328
76 132 110.959452
78 132 109.845346
80 132 108.738218
82 132 107.638283
84 132 106.545765
86 132 105.460893
88 132 104.383907
90 132 103.315052
92 132 102.254584
94 132 101.202767
96 132 100.159872
98 132 99.126182
100 132 98.101988
102 132 97.087589
104 132 96.083297
106 132 95.089432
108 132 94.106323
110 132 93.134312
112 132 92.173749
114 132 91.224997
116 132 90.288427
118 132 89.364422
120 132 88.453378
122 132 87.555697
124 132 86.671795
126 132 85.802098
128 132 84.947042
130 132 84.107075
132 132 83.282651
134 132 82.474238
136 132 81.682311
138 132 80.907354
140 132 80.149860
142 132 79.410327
144 132 78.689262
146 132 77.987178
148 132 77.304592
150 132 76.642025
152 132 76.000000
154 132 75.379042
156 132 74.779676
158 132 74.202426
160 132 73.647811
162 132 73.116346
164 132 72.608539
166 132 72.124892
168 132 71.665891
170 132 71.232015
172 132 70.823725
174 132 70.441465
176 132 70.085662
178 132 69.756720
180 132 69.455021
182 132 69.180922
184 132 68.934752
186 132 68.716810
188 132 68.527367
190 132 68.366659
192 132 68.234888
194 132 68.132224
196 132 68.058798
198 132 68.014704
200 132 68.000000
202 132 68.014704
204 132 68.058798
206 132 68.132224
208 132 68.234888
210 132 68.366659
212 132 68.527367
214 132 68.716810
216 132 68.934752
218 132 69.180922
220 132 69.455021
222 132 69.756720
224 132 70.085662
226 132 70.441465
228 132 70.823725
230 132 71.232015
232 132 71.665891
234 132 72.124892
236 132 72.608539
238 132 73.116346
240 132 73.647811
242 132 74.202426
244 132 74.779676
246 132 75.379042
248 132 76.000000
250 132 76.642025
252 132 77.304592
254 132 77.987178
256 132 78.689262
258 132 79.410327
260 132 80.149860
262 132 80.907354
264 132 81.682311
266 132 82.474238
268 132 83.282651
270 132 84.107075
272 132 84.947042
274 132 85.802098
276 132 86.671795
278 132 87.555697
280 132 88.453378
282 132 89.364422
284 132 90.288427
286 132 91.224997
288 132 92.173749
290 132 93.134312
292 132 94.106323
294 132 95.089432
296 132 96.083297
298 132 97.087589
300 132 98.101988
302 132 99.126182
304 132 100.159872
306 132 101.202767
308 132 102.254584
310 132 103.315052
312 132 104.383907
314 132 105.460893
316 132 106.545765
318 132 107.638283
320 132 108.738218
322 132 109.845346
324 132 110.959452
326 132 112.080328
328 132 113.207774
330 132 114.341593
332 132 115.481600
334 132 116.627613
336 132 117.779455
338 132 118.936958
340 132 120.099958
342 132 121.268298
344 132 122.441823
346 132 123.620387
348 132 124.803846
350 132 125.992063
352 132 127.184905
354 132 128.382242
356 132 129.583950
358 132 130.789908
360 132 132.000000
362 132 133.214113
364 132 134.432139
366 132 135.653972
368 132 136.879509
370 132 138.108653
372 132 139.341308
374 132 140.577381
376 132 141.816783
378 132 143.059428
380 132 144.305232
382 132 145.554114
384 132 146.805994
386 132 148.060798
388 132 149.318452
390 132 150.578883
392 132 151.842023
394 132 153.107805
396 132 154.376164
398 132 155.647037
0 134 156.064089
2 134 154.783720
4 134 153.505700
6 134 152.230089
8 134 150.956948
10 134 149.686339
12 134 148.418328
14 134 147.152982
16 134 145.890370
18 134 144.630564
20 134 143.373638
22 134 142.119668
24 134 140.868733
26 134 139.620915
28 134 138.376299
30 134 137.134970
32 134 135.897020
34 134 134.662541
36 134 133.431630
38 134 132.204387
40 134 130.980915
42 134 129.761319
44 134 128.545712
46 134 127.334206
48 134 126.126920
50 134 124.923977
52 134 123.725503
54 134 122.531629
56 134 121.342490
58 134 120.158229
60 134 118.978990
62 134 117.804923
64 134 116.636186
66 134 115.472941
68 134 114.315353
70 134 113.163598
72 134 112.017856
74 134 110.878312
76 134 109.745159
78 134 108.618599
80 134 107.498837
82 134 106.386089
84 134 105.280578
86 134 104.182532
88 134 103.092192
90 134 102.009803
92 134 100.935623
94 134 99.869915
96 134 98.812955
98 134 97.765024
100 134 96.726418
102 134 95.697440
104 134 94.678403
106 134 93.669632
108 134 92.671463
110 134 91.684241
112 134 90.708324
114 134 89.744081
116 134 88.791892
118 134 87.852149
120 134 86.925255
122 134 86.011627
124 134 85.111691
126 134 84.225887
128 134 83.354664
130 134 82.498485
132 134 81.657823
134 134 80.833162
136 134 80.024996
138 134 79.233831
140 134 78.460181
142 134 77.704569
144 134 76.967526
146 134 76.249590
148 134 75.551307
150 134 74.873226
152 134 74.215901
154 134 73.579889
156 134 72.965745
158 134 72.374028
160 134 71.805292
162 134 71.260087
164 134 70.738957
166 134 70.242437
168 134 69.771054
170 134 69.325320
172 134 68.905733
174 134 68.512773
176 134 68.146900
178 134 67.808554
180 134 67.498148
182 134 67.216070
184 134 66.962676
186 134 66.738295
188 134 66.543219
190 134 66.377707
192 134 66.241981
194 134 66.136223
196 134 66.060578
198 134 66.015150
200 134 66.000000
202 134 66.015150
204 134 66.060578
206 134 66.136223
208 134 66.241981
210 134 66.377707
212 134 66.543219
214 134 66.738295
216 134 66.962676
218 134 67.216070
220 134 67.498148
222 134 67.808554
224 134 68.146900
226 134 68.512773
228 134 68.905733
230 134 69.325320
232 134 69.771054
234 134 70.242437
236 134 70.738957
238 134 71.260087
240 134 71.805292
242 134 72.374028
244 134 72.965745
246 134 73.579889
248 134 74.215901
250 134 74.873226
252 134 75.551307
254 134 76.249590
256 134 76.967526
258 134 77.704569
260 134 78.460181
262 134 79.233831
264 134 80.024996
266 134 80.833162
268 134 81.657823
270 134 82.498485
272 134 83.354664
274 134 84.225887
276 134 85.111691
278 134 86.011627
280 134 86.925255
282 134 87.852149
284 134 88.791892
286 134 89.744081
288 134 90.708324
290 134 91.684241
292 134 92.671463
294 134 93.669632
296 134 94.678403
298 134 95.697440
300 134 96.726418
302 134 97.765024
304 134 98.812955
306 134 99.869915
308 134 100.935623
310 134 102.009803
312 134 103.092192
314 134 104.182532
316 134 105.280578
318 134 106.386089
320 134 107.498837
322 134 108.618599
324 134 109.745159
326 134 110.878312
328 134 112.017856
330 134 113.163598
332 134 114.315353
334 134 115.472941
336 134 116.636186
338 134 117.804923
340 134 118.978990
342 134 120.158229
344 134 121.342490
346 134 122.531629
348 134 123.725503
350 134 124.923977
352 134 126.126920
354 134 127.334206
356 134 128.545712
358 134 129.761319
360 134 130.980915
362 134 132.204387
364 134 133.431630
366 134 134.662541
368 134 135.897020
370 134 137.134970
372 134 138.376299
374 134 139.620915
376 134 140.868733
378 134 142.119668
380 134 143.373638
382 134 144.630564
384 134 145.890370
386 134 147.152982
388 134 148.418328
390 134 149.686339
392 134 150.956948
394 134 152.230089
396 134 153.505700
398 134 154.783720
0 136 155.228863
2 136 153.941547
4 136 152.656477
6 136 151.373710
8 136 150.093304
10 136 148.815322
12 136 147.539825
14 136 146.266879
16 136 144.996552
18 136 143.728911
20 136 142.464031
22 136 141.201983
24 136 139.942845
26 136 138.686697
28 136 137.433620
30 136 136.183699
32 136 134.937022
34 136 133.693680
36 136 132.453766
38 136 131.217377
40 136 129.984614
42 136 128.755582
44 136 127.530389
46 136 126.309145
48 136 125.091966
50 136 123.878973
52 136 122.670290
54 136 121.466045
56 136 120.266371
58 136 119.071407
60 136 117.881296
62 136 116.696187
64 136 115.516233
66 136 114.341593
68 136 113.172435
70 136 112.008928
72 136 110.851252
74 136 109.699590
76 136 108.554134
78 136 107.415083
80 136 106.282642
82 136 105.157025
84 136 104.038454
86 136 102.927159
88 136 101.823376
90 136 100.727355
92 136 99.639350
94 136 98.559627
96 136 97.488461
98 136 96.426138
100 136 95.372952
102 136 94.329211
104 136 93.295230
106 136 92.271339
108 136 91.257876
110 136 90.255194
112 136 89.263654
114 136 88.283634
116 136 87.315520
118 136 86.359713
120 136 85.416626
122 136 84.486685
124 136 83.570330
126 136 82.668011
128 136 81.780193
130 136 80.907354
132 136 80.049984
134 136 79.208585
136 136 78.383672
138 136 77.575769
140 136 76.785415
142 136 76.013157
144 136 75.259551
146 136 74.525164
148 136 73.810568
150 136 73.116346
152 136 72.443081
154 136 71.791364
156 136 71.161787
158 136 70.554943
160 136 69.971423
162 136 69.411815
164 136 68.876701
166 136 68.366659
168 136 67.882251
170 136 67.424031
172 136 66.992537
174 136 66.588287
176 136 66.211781
178 136 65.863495
180 136 65.543878
182 136 65.253352
184 136 64.992307
186 136 64.761099
188 136 64.560050
190 136 64.389440
192 136 64.249514
194 136 64.140471
196 136 64.062470
198 136 64.015623
200 136 64.000000
202 136 64.015623
204 136 64.062470
206 136 64.140471
208 136 64.249514
210 136 64.389440
212 136 64.560050
214 136 64.761099
216 136 64.992307
218 136 65.253352
220 136 65.543878
222 136 65.863495
224 136 66.211781
226 136 66.588287
228 136 66.992537
230 136 67.424031
232 136 67.882251
234 136 68.366659
236 136 68.876701
238 136 69.411815
240 136 69.971423
242 136 70.554943
244 136 71.161787
246 136 71.791364
248 136 72.443081
250 136 73.116346
252 136 73.810568
254 136 74.525164
256 136 75.259551
258 136 76.013157
260 136 76.785415
262 136 77.575769
264 136 78.383672
266 136 79.208585
268 136 80.049984
270 136 80.907354
272 136 81.780193
274 136 82.668011
276 136 83.570330
278 136 84.486685
280 136 85.416626
282 136 86.359713
284 136 87.315520
286 136 88.283634
288 136 89.263654
290 136 90.255194
292 136 91.257876
294 136 92.271339
296 136 93.295230
298 136 94.329211
300 136 95.372952
302 136 96.426138
304 136 97.488461
306 136 98.559627
308 136 99.639350
310 136 100.727355
312 136 101.823376
314 136 102.927159
316 136 104.038454
318 136 105.157025
320 136 106.282642
322 136 107.415083
324 136 108.554134
326 136 109.699590
328 136 110.851252
330 136 112.008928
332 136 113.172435
334 136 114.341593
336 136 115.516233
338 136 116.696187
340 136 117.881296
342 136 119.071407
344 136 120.266371
346 136 121.466045
348 136 122.670290
350 136 123.878973
352 136 125.091966
354 136 126.309145
356 136 127.530389
358 136 128.755582
360 136 129.984614
362 136 131.217377
364 136 132.453766
366 136 133.693680
368 136 134.937022
370 136 136.183699
372 136 137.433620
374 136 138.686697
376 136 139.942845
378 136 141.201983
380 136 142.464031
382 136 143.728911
384 136 144.996552
386 136 146.266879
388 136 147.539825
390 136 148.815322
392 136 150.093304
394 136 151.373710
396 136 152.656477
398 136 153.941547
0 138 154.415025
2 138 153.120867
4 138 151.828851
6 138 150.539031
8 138 149.251466
10 138 147.966212
12 138 146.683332
14 138 145.402889
16 138 144.124946
18 138 142.849571
20 138 141.576834
22 138 140.306807
24 138 139.039563
26 138 137.775179
28 138 136.513736
30 138 135.255314
32 138 134.000000
34 138 132.747881
36 138 131.499049
38 138 130.253599
40 138 129.011627
42 138 127.773237
44 138 126.538532
46 138 125.307621
48 138 124.080619
50 138 122.857641
52 138 121.638810
54 138 120.424250
56 138 119.214093
58 138 118.008474
60 138 116.807534
62 138 115.611418
64 138 114.420278
66 138 113.234270
68 138 112.053559
70 138 110.878312
72 138 109.708705
74 138 108.544922
76 138 107.387150
78 138 106.235587
80 138 105.090437
82 138 103.951912
84 138 102.820231
86 138 101.695624
88 138 100.578328
90 138 99.468588
92 138 98.366661
94 138 97.272812
96 138 96.187317
98 138 95.110462
100 138 94.042544
102 138 92.983870
104 138 91.934759
106 138 90.895544
108 138 89.866568
110 138 88.848185
112 138 87.840765
114 138 86.844689
116 138 85.860352
118 138 84.888162
120 138 83.928541
122 138 82.981926
124 138 82.048766
126 138 81.129526
128 138 80.224684
130 138 79.334734
132 138 78.460181
134 138 77.601546
136 138 76.759364
138 138 75.934182
140 138 75.126560
142 138 74.337070
144 138 73.566297
146 138 72.814834
148 138 72.083285
150 138 71.372264
152 138 70.682388
154 138 70.014284
156 138 69.368581
158 138 68.745909
160 138 68.146900
162 138 67.572184
164 138 67.022384
166 138 66.498120
168 138 66.000000
170 138 65.528620
172 138 65.084560
174 138 64.668385
176 138 64.280635
178 138 63.921827
180 138 63.592452
182 138 63.292970
184 138 63.023805
186 138 62.785349
188 138 62.577951
190 138 62.401923
192 138 62.257530
194 138 62.144992
196 138 62.064483
198 138 62.016127
200 138 62.000000
202 138 62.016127
204 138 62.064483
206 138 62.144992
208 138 62.257530
210 138 62.401923
212 138 62.577951
214 138 62.785349
216 138 63.023805
218 138 63.292970
220 138 63.592452
222 138 63.921827
224 138 64.280635
226 138 64.668385
228 138 65.084560
230 138 65.528620
232 138 66.000000
234 138 66.498120
236 138 67.022384
238 138 67.572184
240 138 68.146900
242 138 68.745909
244 138 69.368581
246 138 70.014284
248 138 70.682388
250 138 71.372264
252 138 72.083285
254 138 72.814834
256 138 73.566297
258 138 74.337070
260 138 75.126560
262 138 75.934182
264 138 76.759364
266 138 77.601546
268 138 78.460181
270 138 79.334734
272 138 80.224684
274 138 81.129526
276 138 82.048766
278 138 82.981926
280 138 83.928541
282 138 84.888162
284 138 85.860352
286 138 86.844689
288 138 87.840765
290 138 88.848185
292 138 89.866568
294 138 90.895544
296 138 91.934759
298 138 92.983870
300 138 94.042544
302 138 95.110462
304 138 96.187317
306 138 97.272812
308 138 98.366661
310 138 99.468588
312 138 100.578328
314 138 101.695624
316 138 102.820231
318 138 103.951912
320 138 105.090437
322 138 106.235587
324 138 107.387150
326 138 108.544922
328 138 109.708705
330 138 110.878312
332 138 112.053559
334 138 113.234270
336 138 114.420278
338 138 115.611418
340 138 116.807534
342 138 118.008474
344 138 119.214093
346 138 120.424250
348 138 121.638810
350 138 122.857641
352 138 124.080619
354 138 125.307621
356 138 126.538532
358 138 127.773237
360 138 129.011627
362 138 130.253599
364 138 131.499049
366 138 132.747881
368 138 134.000000
370 138 135.255314
372 138 136.513736
374 138 137.775179
376 138 139.039563
378 138 140.306807
380 138 141.576834
382 138 142.849571
384 138 144.124946
386 138 145.402889
388 138 146.683332
390 138 147.966212
392 138 149.251466
394 138 150.539031
396 138 151.828851
398 138 153.120867
0 140 153.622915
2 140 152.322027
4 140 151.023177
6 140 149.726417
8 140 148.431803
10 140 147.139390
12 140 145.849237
14 140 144.561406
16 140 143.275958
18 140 141.992958
20 140 140.712473
22 140 139.434572
24 140 138.159328
26 140 136.886815
28 140 135.617108
30 140 134.350288
32 140 133.086438
34 140 131.825642
36 140 130.567990
38 140 129.313572
40 140 128.062485
42 140 126.814826
44 140 125.570697
46 140 124.330206
48 140 123.093460
50 140 121.860576
52 140 120.631671
54 140 119.406867
56 140 118.186294
58 140 116.970082
60 140 115.758369
62 140 114.551299
64 140 113.349019
66 140 112.151683
68 140 110.959452
70 140 109.772492
72 140 108.590976
74 140 107.415083
76 140 106.245000
78 140 105.080921
80 140 103.923048
82 140 102.771591
84 140 101.626768
86 140 100.488805
88 140 99.357939
90 140 98.234414
92 140 97.118484
94 140 96.010416
96 140 94.910484
98 140 93.818975
100 140 92.736185
102 140 91.662424
104 140 90.598013
106 140 89.543286
108 140 88.498588
110 140 87.464278
112 140 86.440731
114 140 85.428333
116 140 84.427484
118 140 83.438600
120 140 82.462113
122 140 81.498466
124 140 80.548122
126 140 79.611557
128 140 78.689262
130 140 77.781746
132 140 76.889531
134 140 76.013157
136 140 75.153177
138 140 74.310161
140 140 73.484692
142 140 72.677369
144 140 71.888803
146 140 71.119618
148 140 70.370448
150 140 69.641941
152 140 68.934752
154 140 68.249542
156 140 67.586981
158 140 66.947741
160 140 66.332496
162 140 65.741920
164 140 65.176683
166 140 64.637450
168 140 64.124878
170 140 63.639610
172 140 63.182276
174 140 62.753486
176 140 62.353829
178 140 61.983869
180 140 61.644140
182 140 61.335145
184 140 61.057350
186 140 60.811183
188 140 60.597030
190 140 60.415230
192 140 60.266077
194 140 60.149813
196 140 60.066630
198 140 60.016664
200 140 60.000000
202 140 60.016664
204 140 60.066630
206 140 60.149813
208 140 60.266077
210 140 60.415230
212 140 60.597030
214 140 60.811183
216 140 61.057350
218 140 61.335145
220 140 61.644140
222 140 61.983869
224 140 62.353829
226 140 62.753486
228 140 63.182276
230 140 63.639610
232 140 64.124878
234 140 64.637450
236 140 65.176683
238 140 65.741920
240 140 66.332496
242 140 66.947741
244 140 67.586981
246 140 68.249542
248 140 68.934752
250 140 69.641941
252 140 70.370448
254 140 71.119618
256 140 71.888803
258 140 72.677369
260 140 73.484692
262 140 74.310161
264 140 75.153177
266 140 76.013157
268 140 76.889531
270 140 77.781746
272 140 78.689262
274 140 79.611557
276 140 80.548122
278 140 81.498466
280 140 82.462113
282 140 83.438600
284 140 84.427484
286 140 85.428333
288 140 86.440731
290 140 87.464278
292 140 88.498588
294 140 89.543286
296 140 90.598013
298 140 91.662424
300 140 92.736185
302 140 93.818975
304 140 94.910484
306 140 96.010416
308 140 97.118484
310 140 98.234414
312 140 99.357939
314 140 100.488805
316 140 101.626768
318 140 102.771591
320 140 103.923048
322 140 105.080921
324 140 106.245000
326 140 107.415083
328 140 108.590976
330 140 109.772492
332 140 110.959452
334 140 112.151683
336 140 113.349019
338 140 114.551299
340 140 115.758369
342 140 116.970082
344 140 118.186294
346 140 119.406867
348 140 120.631671
350 140 121.860576
352 140 123.093460
354 140 124.330206
356 140 125.570697
358 140 126.814826
360 140 128.062485
362 140 129.313572
364 140 130.567990
366 140 131.825642
368 140 133.086438
370 140 134.350288
372 140 135.617108
374 140 136.886815
376 140 138.159328
378 140 139.434572
380 140 140.712473
382 140 141.992958
384 140 143.275958
386 140 144.561406
388 140 145.849237
390 140 147.139390
392 140 148.431803
394 140 149.726417
396 140 151.023177
398 140 152.322027
0 142 152.852870
2 142 151.545373
4 142 150.239808
6 142 148.936228
8 142 147.634684
10 142 146.335232
12 142 145.037926
14 142 143.742826
16 142 142.449991
18 142 141.159484
20 142 139.871369
22 142 138.585714
24 142 137.302586
26 142 136.022057
28 142 134.744202
30 142 133.469098
32 142 132.196823
34 142 130.927461
36 142 129.661097
38 142 128.397819
40 142 127.137721
42 142 125.880896
44 142 124.627445
46 142 123.377470
48 142 122.131077
50 142 120.888378
52 142 119.649488
54 142 118.414526
56 142 117.183617
58 142 115.956889
60 142 114.734476
62 142 113.516519
64 142 112.303161
66 142 111.094554
68 142 109.890855
70 142 108.692226
72 142 107.498837
74 142 106.310865
76 142 105.128493
78 142 103.951912
80 142 102.781321
82 142 101.616928
84 142 100.458947
86 142 99.307603
88 142 98.163130
90 142 97.025770
92 142 95.895777
94 142 94.773414
96 142 93.658956
98 142 92.552688
100 142 91.454907
102 142 90.365923
104 142 89.286057
106 142 88.215645
108 142 87.155034
110 142 86.104588
112 142 85.064681
114 142 84.035707
116 142 83.018070
118 142 82.012194
120 142 81.018516
122 142 80.037491
124 142 79.069590
126 142 78.115299
128 142 77.175126
130 142 76.249590
132 142 75.339233
134 142 74.444610
136 142 73.566297
138 142 72.704883
140 142 71.860977
142 142 71.035203
144 142 70.228199
146 142 69.440622
148 142 68.673139
150 142 67.926431
152 142 67.201190
154 142 66.498120
156 142 65.817931
158 142 65.161338
160 142 64.529063
162 142 63.921827
164 142 63.340350
166 142 62.785349
168 142 62.257530
170 142 61.757591
172 142 61.286214
174 142 60.844063
176 142 60.431780
178 142 60.049979
180 142 59.699246
182 142 59.380131
184 142 59.093147
186 142 58.838763
188 142 58.617404
190 142 58.429445
192 142 58.275209
194 142 58.154965
196 142 58.068925
198 142 58.017239
200 142 58.000000
202 142 58.017239
204 142 58.068925
206 142 58.154965
208 142 58.275209
210 142 58.429445
212 142 58.617404
214 142 58.838763
216 142 59.093147
218 142 59.380131
220 142 59.699246
222 142 60.049979
224 142 60.431780
226 142 60.844063
228 142 61.286214
230 142 61.757591
232 142 62.257530
234 142 62.785349
236 142 63.340350
238 142 63.921827
240 142 64.529063
242 142 65.161338
244 142 65.817931
246 142 66.498120
248 142 67.201190
250 142 67.926431
252 142 68.673139
254 142 69.440622
256 142 70.228199
258 142 71.035203
260 142 71.860977
262 142 72.704883
264 142 73.566297
266 142 74.444610
268 142 75.339233
270 142 76.249590
272 142 77.175126
274 142 78.115299
276 142 79.069590
278 142 80.037491
280 142 81.018516
282 142 82.012194
284 142 83.018070
286 142 84.035707
288 142 85.064681
290 142 86.104588
292 142 87.155034
294 142 88.215645
296 142 89.286057
298 142 90.365923
300 142 91.454907
302 142 92.552688
304 142 93.658956
306 142 94.773414
308 142 95.895777
310 142 97.025770
312 142 98.163130
314 142 99.307603
316 142 100.458947
318 142 101.616928
320 142 102.781321
322 142 103.951912
324 142 105.128493
326 142 106.310865
328 142 107.498837
330 142 108.692226
332 142 109.890855
334 142 111.094554
336 142 112.303161
338 142 113.516519
340 142 114.734476
342 142 115.956889
344 142 117.183617
346 142 118.414526
348 142 119.649488
350 142 120.888378
352 142 122.131077
354 142 123.377470
356 142 124.627445
358 142 125.880896
360 142 127.137721
362 142 128.397819
364 142 129.661097
366 142 130.927461
368 142 132.196823
370 142 133.469098
372 142 134.744202
374 142 136.022057
376 142 137.302586
378 142 138.585714
380 142 139.871369
382 142 141.159484
384 142 142.449991
386 142 143.742826
388 142 145.037926
390 142 146.335232
392 142 147.634684
394 142 148.936228
396 142 150.239808
398 142 151.545373
0 144 152.105227
2 144 150.791246
4 144 149.479096
6 144 148.168823
8 144 146.860478
10 144 145.554114
12 144 144.249783
14 144 142.947543
16 144 141.647450
18 144 140.349564
20 144 139.053946
22 144 137.760662
24 144 136.469777
26 144 135.181360
28 144 133.895482
30 144 132.612217
32 144 131.331641
34 144 130.053835
36 144 128.778880
38 144 127.506863
40 144 126.237871
42 144 124.971997
44 144 123.709337
46 144 122.449990
48 144 121.194059
50 144 119.941652
52 144 118.692881
54 144 117.447861
56 144 116.206712
58 144 114.969561
60 144 113.736538
62 144 112.507778
64 144 111.283422
66 144 110.063618
68 144 108.848519
70 144 107.638283
72 144 106.433078
74 144 105.233075
76 144 104.038454
78 144 102.849404
80 144 101.666120
82 144 100.488805
84 144 99.317672
86 144 98.152942
88 144 96.994845
90 144 95.843623
92 144 94.699525
94 144 93.562813
96 144 92.433760
98 144 91.312650
100 144 90.199778
102 144 89.095454
104 144 88.000000
106 144 86.913750
108 144 85.837055
110 144 84.770278
112 144 83.713798
114 144 82.668011
116 144 81.633327
118 144 80.610173
120 144 79.598995
122 144 78.600254
124 144 77.614432
126 144 76.642025
128 144 75.683552
130 144 74.739548
132 144 73.810568
134 144 72.897188
136 144 72.000000
138 144 71.119618
140 144 70.256672
142 144 69.411815
144 144 68.585713
146 144 67.779053
148 144 66.992537
150 144 66.226883
152 144 65.482822
154 144 64.761099
156 144 64.062470
158 144 63.387696
160 144 62.737549
162 144 62.112801
164 144 61.514226
166 144 60.942596
168 144 60.398675
170 144 59.883220
172 144 59.396970
174 144 58.940648
176 144 58.514955
178 144 58.120564
180 144 57.758116
182 144 57.428216
184 144 57.131427
186 144 56.868269
188 144 56.639209
190 144 56.444663
192 144 56.284989
194 144 56.160484
196 144 56.071383
198 144 56.017854
200 144 56.000000
202 144 56.017854
204 144 56.071383
206 144 56.160484
208 144 56.284989
210 144 56.444663
212 144 56.639209
214 144 56.868269
216 144 57.131427
218 144 57.428216
220 144 57.758116
222 144 58.120564
224 144 58.514955
226 144 58.940648
228 144 59.396970
230 144 59.883220
232 144 60.398675
234 144 60.942596
236 144 61.514226
238 144 62.112801
240 144 62.737549
242 144 63.387696
244 144 64.062470
246 144 64.761099
248 144 65.482822
250 144 66.226883
252 144 66.992537
254 144 67.779053
256 144 68.585713
258 144 69.411815
260 144 70.256672
262 144 71.119618
264 144 72.000000
266 144 72.897188
268 144 73.810568
270 144 74.739548
272 144 75.683552
274 144 76.642025
276 144 77.614432
278 144 78.600254
280 144 79.598995
282 144 80.610173
284 144 81.633327
286 144 82.668011
288 144 83.713798
290 144 84.770278
292 144 85.837055
294 144 86.913750
296 144 88.000000
298 144 89.095454
300 144 90.199778
302 144 91.312650
304 144 92.433760
306 144 93.562813
308 144 94.699525
310 144 95.843623
312 144 96.994845
314 144 98.152942
316 144 99.317672
318 144 100.488805
320 144 101.666120
322 144 102.849404
324 144 104.038454
326 144 105.233075
328 144 106.433078
330 144 107.638283
332 144 108.848519
334 144 110.063618
336 144 111.283422
338 144 112.507778
340 144 113.736538
342 144 114.969561
344 144 116.206712
346 144 117.447861
348 144 118.692881
350 144 119.941652
352 144 121.194059
354 144 122.449990
356 144 123.709337
358 144 124.971997
360 144 126.237871
362 144 127.506863
364 144 128.778880
366 144 130.053835
368 144 131.331641
370 144 132.612217
372 144 133.895482
374 144 135.181360
376 144 136.469777
378 144 137.760662
380 144 139.053946
382 144 140.349564
384 144 141.647450
386 144 142.947543
388 144 144.249783
390 144 145.554114
392 144 146.860478
394 144 148.168823
396 144 149.479096
398 144 150.791246
0 146 151.380316
2 146 150.059988
4 146 148.741386
6 146 147.424557
8 146 146.109548
10 146 144.796409
12 146 143.485191
14 146 142.175947
16 146 140.868733
18 146 139.563606
20 146 138.260623
22 146 136.959848
24 146 135.661343
26 146 134.365174
28 146 133.071409
30 146 131.780120
32 146 130.491379
34 146 129.205263
36 146 127.921851
38 146 126.641226
40 146 125.363472
42 146 124.088678
44 146 122.816937
46 146 121.548344
48 146 120.283000
50 146 119.021007
52 146 117.762473
54 146 116.507510
56 146 115.256236
58 146 114.008772
60 146 112.765243
62 146 111.525782
64 146 110.290525
66 146 109.059617
68 146 107.833205
70 146 106.611444
72 146 105.394497
74 146 104.182532
76 146 102.975725
78 146 101.774260
80 146 100.578328
82 146 99.388128
84 146 98.203870
86 146 97.025770
88 146 95.854056
90 146 94.688965
92 146 93.530744
94 146 92.379651
96 146 91.235958
98 146 90.099945
100 146 88.971906
102 146 87.852149
104 146 86.740994
106 146 85.638776
108 146 84.545846
110 146 83.462566
112 146 82.389320
114 146 81.326502
116 146 80.274529
118 146 79.233831
120 146 78.204859
122 146 77.188082
124 146 76.183988
126 146 75.193085
128 146 74.215901
130 146 73.252986
132 146 72.304910
134 146 71.372264
136 146 70.455660
138 146 69.555733
140 146 68.673139
142 146 67.808554
144 146 66.962676
146 146 66.136223
148 146 65.329932
150 146 64.544558
152 146 63.780875
154 146 63.039670
156 146 62.321746
158 146 61.627916
160 146 60.959003
162 146 60.315835
164 146 59.699246
166 146 59.110067
168 146 58.549125
170 146 58.017239
172 146 57.515215
174 146 57.043843
176 146 56.603887
178 146 56.196085
180 146 55.821143
182 146 55.479726
184 146 55.172457
186 146 54.899909
188 146 54.662601
190 146 54.460995
192 146 54.295488
194 146 54.166410
196 146 54.074023
198 146 54.018515
200 146 54.000000
202 146 54.018515
204 146 54.074023
206 146 54.166410
208 146 54.295488
210 146 54.460995
212 146 54.662601
214 146 54.899909
216 146 55.172457
218 146 55.479726
220 146 55.821143
222 146 56.196085
224 146 56.603887
226 146 57.043843
228 146 57.515215
230 146 58.017239
232 146 58.549125
234 146 59.110067
236 146 59.699246
238 146 60.315835
240 146 60.959003
242 146 61.627916
244 146 62.321746
246 146 63.039670
248 146 63.780875
250 146 64.544558
252 146 65.329932
254 146 66.136223
256 146 66.962676
258 146 67.808554
260 146 68.673139
262 146 69.555733
264 146 70.455660
266 146 71.372264
268 146 72.304910
270 146 73.252986
272 146 74.215901
274 146 75.193085
276 146 76.183988
278 146 77.188082
280 146 78.204859
282 146 79.233831
284 146 80.274529
286 146 81.326502
288 146 82.389320
290 146 83.462566
292 146 84.545846
294 146 85.638776
296 146 86.740994
298 146 87.852149
300 146 88.971906
302 146 90.099945
304 146 91.235958
306 146 92.379651
308 146 93.530744
310 146 94.688965
312 146 95.854056
314 146 97.025770
316 146 98.203870
318 146 99.388128
320 146 100.578328
322 146 101.774260
324 146 102.975725
326 146 104.182532
328 146 105.394497
330 146 106.611444
332 146 107.833205
334 146 109.059617
336 146 110.290525
338 146 111.525782
340 146 112.765243
342 146 114.008772
344 146 115.256236
346 146 116.507510
348 146 117.762473
350 146 119.021007
352 146 120.283000
354 146 121.548344
356 146 122.816937
358 146 124.088678
360 146 125.363472
362 146 126.641226
364 146 127.921851
366 146 129.205263
368 146 130.491379
370 146 131.780120
372 146 133.071409
374 146 134.365174
376 146 135.661343
378 146 136.959848
380 146 138.260623
382 146 139.563606
384 146 140.868733
386 146 142.175947
388 146 143.485191
390 146 144.796409
392 146 146.109548
394 146 147.424557
396 146 148.741386
398 146 150.059988
0 148 150.678466
2 148 149.351933
4 148 148.027025
6 148 146.703783
8 148 145.382255
10 148 144.062486
12 148 142.744527
14 148 141.428427
16 148 140.114239
18 148 138.802017
20 148 137.491818
22 148 136.183699
24 148 134.877722
26 148 133.573950
28 148 132.272446
30 148 130.973280
32 148 129.676521
34 148 128.382242
36 148 127.090519
38 148 125.801431
40 148 124.515059
42 148 123.231489
44 148 121.950810
46 148 120.673112
48 148 119.398492
50 148 118.127050
52 148 116.858889
54 148 115.594117
56 148 114.332847
58 148 113.075196
60 148 111.821286
62 148 110.571244
64 148 109.325203
66 148 108.083301
68 148 106.845683
70 148 105.612499
72 148 104.383907
74 148 103.160070
76 148 101.941159
78 148 100.727355
80 148 99.518842
82 148 98.315818
84 148 97.118484
86 148 95.927056
88 148 94.741754
90 148 93.562813
92 148 92.390476
94 148 91.224997
96 148 90.066642
98 148 88.915690
100 148 87.772433
102 148 86.637174
104 148 85.510233
106 148 84.391943
108 148 83.282651
110 148 82.182723
112 148 81.092540
114 148 80.012499
116 148 78.943017
118 148 77.884530
120 148 76.837491
122 148 75.802375
124 148 74.779676
126 148 73.769913
128 148 72.773622
130 148 71.791364
132 148 70.823725
134 148 69.871310
136 148 68.934752
138 148 68.014704
140 148 67.111847
142 148 66.226883
144 148 65.360539
146 148 64.513564
148 148 63.686733
150 148 62.880840
152 148 62.096699
154 148 61.335145
156 148 60.597030
158 148 59.883220
160 148 59.194594
162 148 58.532043
164 148 57.896459
166 148 57.288742
168 148 56.709788
170 148 56.160484
172 148 55.641711
174 148 55.154329
176 148 54.699177
178 148 54.277067
180 148 53.888774
182 148 53.535035
184 148 53.216539
186 148 52.933921
188 148 52.687759
190 148 52.478567
192 148 52.306787
194 148 52.172790
196 148 52.076866
198 148 52.019227
200 148 52.000000
202 148 52.019227
204 148 52.076866
206 148 52.172790
208 148 52.306787
210 148 52.478567
212 148 52.687759
214 148 52.933921
216 148 53.216539
218 148 53.535035
220 148 53.888774
222 148 54.277067
224 148 54.699177
226 148 55.154329
228 148 55.641711
230 148 56.160484
232 148 56.709788
234 148 57.288742
236 148 57.896459
238 148 58.532043
240 148 59.194594
242 148 59.883220
244 148 60.597030
246 148 61.335145
248 148 62.096699
250 148 62.880840
252 148 63.686733
254 148 64.513564
256 148 65.360539
258 148 66.226883
260 148 67.111847
262 148 68.014704
264 148 68.934752
266 148 69.871310
268 148 70.823725
270 148 71.791364
272 148 72.773622
274 148 73.769913
276 148 74.779676
278 148 75.802375
280 148 76.837491
282 148 77.884530
284 148 78.943017
286 148 80.012499
288 148 81.092540
290 148 82.182723
292 148 83.282651
294 148 84.391943
296 148 85.510233
298 148 86.637174
300 148 87.772433
302 148 88.915690
304 148 90.066642
306 148 91.224997
308 148 92.390476
310 148 93.562813
312 148 94.741754
314 148 95.927056
316 148 97.118484
318 148 98.315818
320 148 99.518842
322 148 100.727355
324 148 101.941159
326 148 103.160070
328 148 104.383907
330 148 105.612499
332 148 106.845683
334 148 108.083301
336 148 109.325203
338 148 110.571244
340 148 111.821286
342 148 113.075196
344 148 114.332847
346 148 115.594117
348 148 116.858889
350 148 118.127050
352 148 119.398492
354 148 120.673112
356 148 121.950810
358 148 123.231489
360 148 124.515059
362 148 125.801431
364 148 127.090519
366 148 128.382242
368 148 129.676521
370 148 130.973280
372 148 132.272446
374 148 133.573950
376 148 134.877722
378 148 136.183699
380 148 137.491818
382 148 138.802017
384 148 140.114239
386 148 141.428427
388 148 142.744527
390 148 144.062486
392 148 145.382255
394 148 146.703783
396 148 148.027025
398 148 149.351933
0 150 150.000000
2 150 148.667414
4 150 147.336350
6 150 146.006849
8 150 144.678955
10 150 143.352712
12 150 142.028166
14 150 140.705366
16 150 139.384361
18 150 138.065202
20 150 136.747943
22 150 135.432640
24 150 134.119350
26 150 132.808132
28 150 131.499049
30 150 130.192166
32 150 128.887548
34 150 127.585266
36 150 126.285391
38 150 124.987999
40 150 123.693169
42 150 122.400980
44 150 121.111519
46 150 119.824872
48 150 118.541132
50 150 117.260394
52 150 115.982757
54 150 114.708326
56 150 113.437207
58 150 112.169515
60 150 110.905365
62 150 109.644881
64 150 108.388191
66 150 107.135428
68 150 105.886732
70 150 104.642248
72 150 103.402128
74 150 102.166531
76 150 100.935623
78 150 99.709578
80 150 98.488578
82 150 97.272812
84 150 96.062480
86 150 94.857788
88 150 93.658956
90 150 92.466210
92 150 91.279790
94 150 90.099945
96 150 88.926936
98 150 87.761039
100 150 86.602540
102 150 85.451741
104 150 84.308956
106 150 83.174515
108 150 82.048766
110 150 80.932070
112 150 79.824808
114 150 78.727378
116 150 77.640196
118 150 76.563699
120 150 75.498344
122 150 74.444610
124 150 73.402997
126 150 72.374028
128 150 71.358251
130 150 70.356236
132 150 69.368581
134 150 68.395906
136 150 67.438861
138 150 66.498120
140 150 65.574385
142 150 64.668385
144 150 63.780875
146 150 62.912638
148 150 62.064483
150 150 61.237244
152 150 60.431780
154 150 59.648973
156 150 58.889727
158 150 58.154965
160 150 57.445626
162 150 56.762664
164 150 56.107041
166 150 55.479726
168 150 54.881691
170 150 54.313902
172 150 53.777319
174 150 53.272882
176 150 52.801515
178 150 52.364110
180 150 51.961524
182 150 51.594573
184 150 51.264022
186 150 50.970580
188 150 50.714889
190 150 50.497525
192 150 50.318983
194 150 50.179677
196 150 50.079936
198 150 50.019996
200 150 50.000000
202 150 50.019996
204 150 50.079936
206 150 50.179677
208 150 50.318983
210 150 50.497525
212 150 50.714889
214 150 50.970580
216 150 51.264022
218 150 51.594573
220 150 51.961524
222 150 52.364110
224 150 52.801515
226 150 53.272882
228 150 53.777319
230 150 54.313902
232 150 54.881691
234 150 55.479726
236 150 56.107041
238 150 56.762664
240 150 57.445626
242 150 58.154965
244 150 58.889727
246 150 59.648973
248 150 60.431780
250 150 61.237244
252 150 62.064483
254 150 62.912638
256 150 63.780875
258 150 64.668385
260 150 65.574385
262 150 66.498120
264 150 67.438861
266 150 68.395906
268 150 69.368581
270 150 70.356236
272 150 71.358251
274 150 72.374028
276 150 73.402997
278 150 74.444610
280 150 75.498344
282 150 76.563699
284 150 77.640196
286 150 78.727378
288 150 79.824808
290 150 80.932070
292 150 82.048766
294 150 83.174515
296 150 84.308956
298 150 85.451741
300 150 86.602540
302 150 87.761039
304 150 88.926936
306 150 90.099945
308 150 91.279790
310 150 92.466210
312 150 93.658956
314 150 94.857788
316 150 96.062480
318 150 97.272812
320 150 98.488578
322 150 99.709578
324 150 100.935623
326 150 102.166531
328 150 103.402128
330 150 104.642248
332 150 105.886732
334 150 107.135428
336 150 108.388191
338 150 109.644881
340 150 110.905365
342 150 112.169515
344 150 113.437207
346 150 114.708326
348 150 115.982757
350 150 117.260394
352 150 118.541132
354 150 119.824872
356 150 121.111519
358 150 122.400980
360 150 123.693169
362 150 124.987999
364 150 126.285391
366 150 127.585266
368 150 128.887548
370 150 130.192166
372 150 131.499049
374 150 132.808132
376 150 134.119350
378 150 135.432640
380 150 136.747943
382 150 138.065202
384 150 139.384361
386 150 140.705366
388 150 142.028166
390 150 143.352712
392 150 144.678955
394 150 146.006849
396 150 147.336350
398 150 148.667414
0 152 149.345238
2 152 148.006757
4 152 146.669697
6 152 145.334098
8 152 144.000000
10 152 142.667445
12 152 141.336478
14 152 140.007143
16 152 138.679487
18 152 137.353558
20 152 136.029409
22 152 134.707090
24 152 133.386656
26 152 132.068164
28 152 130.751673
30 152 129.437243
32 152 128.124939
34 152 126.814826
36 152 125.506972
38 152 124.201449
40 152 122.898332
42 152 121.597697
44 152 120.299626
46 152 119.004202
48 152 117.711512
50 152 116.421647
52 152 115.134704
54 152 113.850780
56 152 112.569978
58 152 111.292408
60 152 110.018180
62 152 108.747414
64 152 107.480231
66 152 106.216760
68 152 104.957134
70 152 103.701495
72 152 102.449988
74 152 101.202767
76 152 99.959992
78 152 98.721831
80 152 97.488461
82 152 96.260064
84 152 95.036835
86 152 93.818975
88 152 92.606695
90 152 91.400219
92 152 90.199778
94 152 89.005618
96 152 87.817994
98 152 86.637174
100 152 85.463442
102 152 84.297094
104 152 83.138439
106 152 81.987804
108 152 80.845532
110 152 79.711982
112 152 78.587531
114 152 77.472576
116 152 76.367532
118 152 75.272837
120 152 74.188948
122 152 73.116346
124 152 72.055534
126 152 71.007042
128 152 69.971423
130 152 68.949257
132 152 67.941151
134 152 66.947741
136 152 65.969690
138 152 65.007692
140 152 64.062470
142 152 63.134776
144 152 62.225397
146 152 61.335145
148 152 60.464866
150 152 59.615434
152 152 58.787754
154 152 57.982756
156 152 57.201399
158 152 56.444663
160 152 55.713553
162 152 55.009090
164 152 54.332311
166 152 53.684262
168 152 53.065997
170 152 52.478567
172 152 51.923020
174 152 51.400389
176 152 50.911688
178 152 50.457903
180 152 50.039984
182 152 49.658836
184 152 49.315312
186 152 49.010203
188 152 48.744230
190 152 48.518038
192 152 48.332184
194 152 48.187135
196 152 48.083261
198 152 48.020829
200 152 48.000000
202 152 48.020829
204 152 48.083261
206 152 48.187135
208 152 48.332184
210 152 48.518038
212 152 48.744230
214 152 49.010203
216 152 49.315312
218 152 49.658836
220 152 50.039984
222 152 50.457903
224 152 50.911688
226 152 51.400389
228 152 51.923020
230 152 52.478567
232 152 53.065997
234 152 53.684262
236 152 54.332311
238 152 55.009090
240 152 55.713553
242 152 56.444663
244 152 57.201399
246 152 57.982756
248 152 58.787754
250 152 59.615434
252 152 60.464866
254 152 61.335145
256 152 62.225397
258 152 63.134776
260 152 64.062470
262 152 65.007692
264 152 65.969690
266 152 66.947741
268 152 67.941151
270 152 68.949257
272 152 69.971423
274 152 71.007042
276 152 72.055534
278 152 73.116346
280 152 74.188948
282 152 75.272837
284 152 76.367532
286 152 77.472576
288 152 78.587531
290 152 79.711982
292 152 80.845532
294 152 81.987804
296 152 83.138439
298 152 84.297094
300 152 85.463442
302 152 86.637174
304 152 87.817994
306 152 89.005618
308 152 90.199778
310 152 91.400219
312 152 92.606695
314 152 93.818975
316 152 95.036835
318 152 96.260064
320 152 97.488461
322 152 98.721831
324 152 99.959992
326 152 101.202767
328 152 102.449988
330 152 103.701495
332 152 104.957134
334 152 106.216760
336 152 107.480231
338 152 108.747414
340 152 110.018180
342 152 111.292408
344 152 112.569978
346 152 113.850780
348 152 115.134704
350 152 116.421647
352 152 117.711512
354 152 119.004202
356 152 120.299626
358 152 121.597697
360 152 122.898332
362 152 124.201449
364 152 125.506972
366 152 126.814826
368 152 128.124939
370 152 129.437243
372 152 130.751673
374 152 132.068164
376 152 133.386656
378 152 134.707090
380 152 136.029409
382 152 137.353558
384 152 138.679487
386 152 140.007143
388 152 141.336478
390 152 142.667445
392 152 144.000000
394 152 145.334098
396 152 146.669697
398 152 148.006757
0 154 148.714492
2 154 147.370282
4 154 146.027395
6 154 144.685867
8 154 143.345736
10 154 142.007042
12 154 140.669826
14 154 139.334131
16 154 138.000000
18 154 136.667480
20 154 135.336617
22 154 134.007462
24 154 132.680066
26 154 131.354482
28 154 130.030766
30 154 128.708974
32 154 127.389168
34 154 126.071408
36 154 124.755761
38 154 123.442294
40 154 122.131077
42 154 120.822183
44 154 119.515689
46 154 118.211675
48 154 116.910222
50 154 115.611418
52 154 114.315353
54 154 113.022122
56 154 111.731822
58 154 110.444556
60 154 109.160432
62 154 107.879562
64 154 106.602064
66 154 105.328059
68 154 104.057676
70 154 102.791050
72 154 101.528321
74 154 100.269636
76 154 99.015150
78 154 97.765024
80 154 96.519428
82 154 95.278539
84 154 94.042544
86 154 92.811637
88 154 91.586025
90 154 90.365923
92 154 89.151556
94 154 87.943163
96 154 86.740994
98 154 85.545310
100 154 84.356387
102 154 83.174515
104 154 82.000000
106 154 80.833162
108 154 79.674337
110 154 78.523882
112 154 77.382168
114 154 76.249590
116 154 75.126560
118 154 74.013512
120 154 72.910905
122 154 71.819217
124 154 70.738957
126 154 69.670654
128 154 68.614867
130 154 67.572184
132 154 66.543219
134 154 65.528620
136 154 64.529063
138 154 63.545259
140 154 62.577951
142 154 61.627916
144 154 60.695964
146 154 59.782941
148 154 58.889727
150 154 58.017239
152 154 57.166424
154 154 56.338264
156 154 55.533774
158 154 54.753995
160 154 54.000000
162 154 53.272882
164 154 52.573758
166 154 51.903757
168 154 51.264022
170 154 50.655701
172 154 50.079936
174 154 49.537864
176 154 49.030603
178 154 48.559242
180 154 48.124838
182 154 47.728398
184 154 47.370877
186 154 47.053161
188 154 46.776062
190 154 46.540305
192 154 46.346521
194 154 46.195238
196 154 46.086874
198 154 46.021734
200 154 46.000000
202 154 46.021734
204 154 46.086874
206 154 46.195238
208 154 46.346521
210 154 46.540305
212 154 46.776062
214 154 47.053161
216 154 47.370877
218 154 47.728398
220 154 48.124838
222 154 48.559242
224 154 49.030603
226 154 49.537864
228 154 50.079936
230 154 50.655701
232 154 51.264022
234 154 51.903757
236 154 52.573758
238 154 53.272882
240 154 54.000000
242 154 54.753995
244 154 55.533774
246 154 56.338264
248 154 57.166424
250 154 58.017239
252 154 58.889727
254 154 59.782941
256 154 60.695964
258 154 61.627916
260 154 62.577951
262 154 63.545259
264 154 64.529063
266 154 65.528620
268 154 66.543219
270 154 67.572184
272 154 68.614867
274 154 69.670654
276 154 70.738957
278 154 71.819217
280 154 72.910905
282 154 74.013512
284 154 75.126560
286 154 76.249590
288 154 77.382168
290 154 78.523882
292 154 79.674337
294 154 80.833162
296 154 82.000000
298 154 83.174515
300 154 84.356387
302 154 85.545310
304 154 86.740994
306 154 87.943163
308 154 89.151556
310 154 90.365923
312 154 91.586025
314 154 92.811637
316 154 94.042544
318 154 95.278539
320 154 96.519428
322 154 97.765024
324 154 99.015150
326 154 100.269636
328 154 101.528321
330 154 102.791050
332 154 104.057676
334 154 105.328059
336 154 106.602064
338 154 107.879562
340 154 109.160432
342 154 110.444556
344 154 111.731822
346 154 113.022122
348 154 114.315353
350 154 115.611418
352 154 116.910222
354 154 118.211675
356 154 119.515689
358 154 120.822183
360 154 122.131077
362 154 123.442294
364 154 124.755761
366 154 126.071408
368 154 127.389168
370 154 128.708974
372 154 130.030766
374 154 131.354482
376 154 132.680066
378 154 134.007462
380 154 135.336617
382 154 136.667480
384 154 138.000000
386 154 139.334131
388 154 140.669826
390 154 142.007042
392 154 143.345736
394 154 144.685867
396 154 146.027395
398 154 147.370282
0 156 148.108069
2 156 146.758305
4 156 145.409766
6 156 144.062486
8 156 142.716502
10 156 141.371850
12 156 140.028569
14 156 138.686697
16 156 137.346278
18 156 136.007353
20 156 134.669967
22 156 133.334167
24 156 132.000000
26 156 130.667517
28 156 129.336770
30 156 128.007812
32 156 126.680701
34 156 125.355494
36 156 124.032254
38 156 122.711043
40 156 121.391927
42 156 120.074977
44 156 118.760263
46 156 117.447861
48 156 116.137849
50 156 114.830310
52 156 113.525328
54 156 112.222992
56 156 110.923397
58 156 109.626639
60 156 108.332821
62 156 107.042048
64 156 105.754433
66 156 104.470091
68 156 103.189147
70 156 101.911727
72 156 100.637965
74 156 99.368003
76 156 98.101988
78 156 96.840074
80 156 95.582425
82 156 94.329211
84 156 93.080610
86 156 91.836812
88 156 90.598013
90 156 89.364422
92 156 88.136258
94 156 86.913750
96 156 85.697141
98 156 84.486685
100 156 83.282651
102 156 82.085321
104 156 80.894994
106 156 79.711982
108 156 78.536616
110 156 77.369245
112 156 76.210236
114 156 75.059976
116 156 73.918874
118 156 72.787362
120 156 71.665891
122 156 70.554943
124 156 69.455021
126 156 68.366659
128 156 67.290415
130 156 66.226883
132 156 65.176683
134 156 64.140471
136 156 63.118935
138 156 62.112801
140 156 61.122827
142 156 60.149813
144 156 59.194594
146 156 58.258047
148 156 57.341085
150 156 56.444663
152 156 55.569776
154 156 54.717456
156 156 53.888774
158 156 53.084838
160 156 52.306787
162 156 51.555795
164 156 50.833060
166 156 50.139805
168 156 49.477268
170 156 48.846699
172 156 48.249352
174 156 47.686476
176 156 47.159304
178 156 46.669048
180 156 46.216880
182 156 45.803930
184 156 45.431267
186 156 45.099889
188 156 44.810713
190 156 44.564560
192 156 44.362146
194 156 44.204072
196 156 44.090815
198 156 44.022721
200 156 44.000000
202 156 44.022721
204 156 44.090815
206 156 44.204072
208 156 44.362146
210 156 44.564560
212 156 44.810713
214 156 45.099889
216 156 45.431267
218 156 45.803930
220 156 46.216880
222 156 46.669048
224 156 47.159304
226 156 47.686476
228 156 48.249352
230 156 48.846699
232 156 49.477268
234 156 50.139805
236 156 50.833060
238 156 51.555795
240 156 52.306787
242 156 53.084838
244 156 53.888774
246 156 54.717456
248 156 55.569776
250 156 56.444663
252 156 57.341085
254 156 58.258047
256 156 59.194594
258 156 60.149813
260 156 61.122827
262 156 62.112801
264 156 63.118935
266 156 64.140471
268 156 65.176683
270 156 66.226883
272 156 67.290415
274 156 68.366659
276 156 69.455021
278 156 70.554943
280 156 71.665891
282 156 72.787362
284 156 73.918874
286 156 75.059976
288 156 76.210236
290 156 77.369245
292 156 78.536616
294 156 79.711982
296 156 80.894994
298 156 82.085321
300 156 83.282651
302 156 84.486685
304 156 85.697141
306 156 86.913750
308 156 88.136258
310 156 89.364422
312 156 90.598013
314 156 91.836812
316 156 93.080610
318 156 94.329211
320 156 95.582425
322 156 96.840074
324 156 98.101988
326 156 99.368003
328 156 100.637965
330 156 101.911727
332 156 103.189147
334 156 104.470091
336 156 105.754433
338 156 107.042048
340 156 108.332821
342 156 109.626639
344 156 110.923397
346 156 112.222992
348 156 113.525328
350 156 114.830310
352 156 116.137849
354 156 117.447861
356 156 118.760263
358 156 120.074977
360 156 121.391927
362 156 122.711043
364 156 124.032254
366 156 125.355494
368 156 126.680701
370 156 128.007812
372 156 129.336770
374 156 130.667517
376 156 132.000000
378 156 133.334167
380 156 134.669967
382 156 136.007353
384 156 137.346278
386 156 138.686697
388 156 140.028569
390 156 141.371850
392 156 142.716502
394 156 144.062486
396 156 145.409766
398 156 146.758305
0 158 147.526269
2 158 146.171133
4 158 144.817126
6 158 143.464281
8 158 142.112631
10 158 140.762211
12 158 139.413055
14 158 138.065202
16 158 136.718689
18 158 135.373557
20 158 134.029847
22 158 132.687603
24 158 131.346869
26 158 130.007692
28 158 128.670121
30 158 127.334206
32 158 126.000000
34 158 124.667558
36 158 123.336937
38 158 122.008196
40 158 120.681399
42 158 119.356609
44 158 118.033893
46 158 116.713324
48 158 115.394974
50 158 114.078920
52 158 112.765243
54 158 111.454026
56 158 110.145359
58 158 108.839331
60 158 107.536040
62 158 106.235587
64 158 104.938077
66 158 103.643620
68 158 102.352333
70 158 101.064336
72 158 99.779757
74 158 98.498731
76 158 97.221397
78 158 95.947903
80 158 94.678403
82 158 93.413061
84 158 92.152048
86 158 90.895544
88 158 89.643739
90 158 88.396833
92 158 87.155034
94 158 85.918566
96 158 84.687661
98 158 83.462566
100 158 82.243541
102 158 81.030858
104 158 79.824808
106 158 78.625696
108 158 77.433843
110 158 76.249590
112 158 75.073298
114 158 73.905345
116 158 72.746134
118 158 71.596089
120 158 70.455660
122 158 69.325320
124 158 68.205572
126 158 67.096945
128 158 66.000000
130 158 64.915329
132 158 63.843559
134 158 62.785349
136 158 61.741396
138 158 60.712437
140 158 59.699246
142 158 58.702640
144 158 57.723479
146 158 56.762664
148 158 55.821143
150 158 54.899909
152 158 54.000000
154 158 53.122500
156 158 52.268537
158 158 51.439285
160 158 50.635956
162 158 49.859803
164 158 49.112117
166 158 48.394215
168 158 47.707442
170 158 47.053161
172 158 46.432747
174 158 45.847574
176 158 45.299007
178 158 44.788391
180 158 44.317040
182 158 43.886217
184 158 43.497126
186 158 43.150898
188 158 42.848571
190 158 42.591079
192 158 42.379240
194 158 42.213742
196 158 42.095130
198 158 42.023803
200 158 42.000000
202 158 42.023803
204 158 42.095130
206 158 42.213742
208 158 42.379240
210 158 42.591079
212 158 42.848571
214 158 43.150898
216 158 43.497126
218 158 43.886217
220 158 44.317040
222 158 44.788391
224 158 45.299007
226 158 45.847574
228 158 46.432747
230 158 47.053161
232 158 47.707442
234 158 48.394215
236 158 49.112117
238 158 49.859803
240 158 50.635956
242 158 51.439285
244 158 52.268537
246 158 53.122500
248 158 54.000000
250 158 54.899909
252 158 55.821143
254 158 56.762664
256 158 57.723479
258 158 58.702640
260 158 59.699246
262 158 60.712437
264 158 61.741396
266 158 62.785349
268 158 63.843559
270 158 64.915329
272 158 66.000000
274 158 67.096945
276 158 68.205572
278 158 69.325320
280 158 70.455660
282 158 71.596089
284 158 72.746134
286 158 73.905345
288 158 75.073298
290 158 76.249590
292 158 77.433843
294 158 78.625696
296 158 79.824808
298 158 81.030858
300 158 82.243541
302 158 83.462566
304 158 84.687661
306 158 85.918566
308 158 87.155034
310 158 88.396833
312 158 89.643739
314 158 90.895544
316 158 92.152048
318 158 93.413061
320 158 94.678403
322 158 95.947903
324 158 97.221397
326 158 98.498731
328 158 99.779757
330 158 101.064336
332 158 102.352333
334 158 103.643620
336 158 104.938077
338 158 106.235587
340 158 107.536040
342 158 108.839331
344 158 110.145359
346 158 111.454026
348 158 112.765243
350 158 114.078920
352 158 115.394974
354 158 116.713324
356 158 118.033893
358 158 119.356609
360 158 120.681399
362 158 122.008196
364 158 123.336937
366 158 124.667558
368 158 126.000000
370 158 127.334206
372 158 128.670121
374 158 130.007692
376 158 131.346869
378 158 132.687603
380 158 134.029847
382 158 135.373557
384 158 136.718689
386 158 138.065202
388 158 139.413055
390 158 140.762211
392 158 142.112631
394 158 143.464281
396 158 144.817126
398 158 146.171133
0 160 146.969385
2 160 145.609066
4 160 144.249783
6 160 142.891567
8 160 141.534448
10 160 140.178458
12 160 138.823629
14 160 137.469997
16 160 136.117596
18 160 134.766465
20 160 133.416641
22 160 132.068164
24 160 130.721077
26 160 129.375423
28 160 128.031246
30 160 126.688595
32 160 125.347517
34 160 124.008064
36 160 122.670290
38 160 121.334249
40 160 120.000000
42 160 118.667603
44 160 117.337121
46 160 116.008620
48 160 114.682169
50 160 113.357840
52 160 112.035709
54 160 110.715853
56 160 109.398355
58 160 108.083301
60 160 106.770783
62 160 105.460893
64 160 104.153733
66 160 102.849404
68 160 101.548018
70 160 100.249688
72 160 98.954535
74 160 97.662685
76 160 96.374270
78 160 95.089432
80 160 93.808315
82 160 92.531076
84 160 91.257876
86 160 89.988888
88 160 88.724292
90 160 87.464278
92 160 86.209048
94 160 84.958814
96 160 83.713798
98 160 82.474238
100 160 81.240384
102 160 80.012499
104 160 78.790862
106 160 77.575769
108 160 76.367532
110 160 75.166482
112 160 73.972968
114 160 72.787362
116 160 71.610055
118 160 70.441465
120 160 69.282032
122 160 68.132224
124 160 66.992537
126 160 65.863495
128 160 64.745656
130 160 63.639610
132 160 62.545983
134 160 61.465437
136 160 60.398675
138 160 59.346440
140 160 58.309519
142 160 57.288742
144 160 56.284989
146 160 55.299186
148 160 54.332311
150 160 53.385391
152 160 52.459508
154 160 51.555795
156 160 50.675438
158 160 49.819675
160 160 48.989795
162 160 48.187135
164 160 47.413078
166 160 46.669048
168 160 45.956501
170 160 45.276926
172 160 44.631827
174 160 44.022721
176 160 43.451122
178 160 42.918527
180 160 42.426407
182 160 41.976184
184 160 41.569219
186 160 41.206796
188 160 40.890097
190 160 40.620192
192 160 40.398020
194 160 40.224371
196 160 40.099875
198 160 40.024992
200 160 40.000000
202 160 40.024992
204 160 40.099875
206 160 40.224371
208 160 40.398020
210 160 40.620192
212 160 40.890097
214 160 41.206796
216 160 41.569219
218 160 41.976184
220 160 42.426407
222 160 42.918527
224 160 43.451122
226 160 44.022721
228 160 44.631827
230 160 45.276926
232 160 45.956501
234 160 46.669048
236 160 47.413078
238 160 48.187135
240 160 48.989795
242 160 49.819675
244 160 50.675438
246 160 51.555795
248 160 52.459508
250 160 53.385391
252 160 54.332311
254 160 55.299186
256 160 56.284989
258 160 57.288742
260 160 58.309519
262 160 59.346440
264 160 60.398675
266 160 61.465437
268 160 62.545983
270 160 63.639610
272 160 64.745656
274 160 65.863495
276 160 66.992537
278 160 68.132224
280 160 69.282032
282 160 70.441465
284 160 71.610055
286 160 72.787362
288 160 73.972968
290 160 75.166482
292 160 76.367532
294 160 77.575769
296 160 78.790862
298 160 80.012499
300 160 81.240384
302 160 82.474238
304 160 83.713798
306 160 84.958814
308 160 86.209048
310 160 87.464278
312 160 88.724292
314 160 89.988888
316 160 91.257876
318 160 92.531076
320 160 93.808315
322 160 95.089432
324 160 96.374270
326 160 97.662685
328 160 98.954535
330 160 100.249688
332 160 101.548018
334 160 102.849404
336 160 104.153733
338 160 105.460893
340 160 106.770783
342 160 108.083301
344 160 109.398355
346 160 110.715853
348 160 112.035709
350 160 113.357840
352 160 114.682169
354 160 116.008620
356 160 117.337121
358 160 118.667603
360 160 120.000000
362 160 121.334249
364 160 122.670290
366 160 124.008064
368 160 125.347517
370 160 126.688595
372 160 128.031246
374 160 129.375423
376 160 130.721077
378 160 132.068164
380 160 133.416641
382 160 134.766465
384 160 136.117596
386 160 137.469997
388 160 138.823629
390 160 140.178458
392 160 141.534448
394 160 142.891567
396 160 144.249783
398 160 145.609066
0 162 146.437700
2 162 145.072396
4 162 143.708037
6 162 142.344652
8 162 140.982268
10 162 139.620915
12 162 138.260623
14 162 136.901424
16 162 135.543351
18 162 134.186437
20 162 132.830719
22 162 131.476234
24 162 130.123019
26 162 128.771115
28 162 127.420563
30 162 126.071408
32 162 124.723695
34 162 123.377470
36 162 122.032782
38 162 120.689685
40 162 119.348230
42 162 118.008474
44 162 116.670476
46 162 115.334297
48 162 114.000000
50 162 112.667653
52 162 111.337325
54 162 110.009091
56 162 108.683025
58 162 107.359210
60 162 106.037729
62 162 104.718671
64 162 103.402128
66 162 102.088197
68 162 100.776981
70 162 99.468588
72 162 98.163130
74 162 96.860725
76 162 95.561499
78 162 94.265582
80 162 92.973114
82 162 91.684241
84 162 90.399115
86 162 89.117899
88 162 87.840765
90 162 86.567892
92 162 85.299472
94 162 84.035707
96 162 82.776808
98 162 81.523003
100 162 80.274529
102 162 79.031639
104 162 77.794601
106 162 76.563699
108 162 75.339233
110 162 74.121522
112 162 72.910905
114 162 71.707740
116 162 70.512410
118 162 69.325320
120 162 68.146900
122 162 66.977608
124 162 65.817931
126 162 64.668385
128 162 63.529521
130 162 62.401923
132 162 61.286214
134 162 60.183054
136 162 59.093147
138 162 58.017239
140 162 56.956123
142 162 55.910643
144 162 54.881691
146 162 53.870214
148 162 52.877216
150 162 51.903757
152 162 50.950957
154 162 50.019996
156 162 49.112117
158 162 48.228622
160 162 47.370877
162 162 46.540305
164 162 45.738387
166 162 44.966654
168 162 44.226689
170 162 43.520110
172 162 42.848571
174 162 42.213742
176 162 41.617304
178 162 41.060930
180 162 40.546270
182 162 40.074930
184 162 39.648455
186 162 39.268308
188 162 38.935845
190 162 38.652296
192 162 38.418745
194 162 38.236109
196 162 38.105118
198 162 38.026307
200 162 38.000000
202 162 38.026307
204 162 38.105118
206 162 38.236109
208 162 38.418745
210 162 38.652296
212 162 38.935845
214 162 39.268308
216 162 39.648455
218 162 40.074930
220 162 40.546270
222 162 41.060930
224 162 41.617304
226 162 42.213742
228 162 42.848571
230 162 43.520110
232 162 44.226689
234 162 44.966654
236 162 45.738387
238 162 46.540305
240 162 47.370877
242 162 48.228622
244 162 49.112117
246 162 50.019996
248 162 50.950957
250 162 51.903757
252 162 52.877216
254 162 53.870214
256 162 54.881691
258 162 55.910643
260 162 56.956123
262 162 58.017239
264 162 59.093147
266 162 60.183054
268 162 61.286214
270 162 62.401923
272 162 63.529521
274 162 64.668385
276 162 65.817931
278 162 66.977608
280 162 68.146900
282 162 69.325320
284 162 70.512410
286 162 71.707740
288 162 72.910905
290 162 74.121522
292 162 75.339233
294 162 76.563699
296 162 77.794601
298 162 79.031639
300 162 80.274529
302 162 81.523003
304 162 82.776808
306 162 84.035707
308 162 85.299472
310 162 86.567892
312 162 87.840765
314 162 89.117899
316 162 90.399115
318 162 91.684241
320 162 92.973114
322 162 94.265582
324 162 95.561499
326 162 96.860725
328 162 98.163130
330 162 99.468588
332 162 100.776981
334 162 102.088197
336 162 103.402128
338 162 104.718671
340 162 106.037729
342 162 107.359210
344 162 108.683025
346 162 110.009091
348 162 111.337325
350 162 112.667653
352 162 114.000000
354 162 115.334297
356 162 116.670476
358 162 118.008474
360 162 119.348230
362 162 120.689685
364 162 122.032782
366 162 123.377470
368 162 124.723695
370 162 126.071408
372 162 127.420563
374 162 128.771115
376 162 130.123019
378 162 131.476234
380 162 132.830719
382 162 134.186437
384 162 135.543351
386 162 136.901424
388 162 138.260623
390 162 139.620915
392 162 140.982268
394 162 142.344652
396 162 143.708037
398 162 145.072396
0 164 145.931491
2 164 144.561406
4 164 143.192179
6 164 141.823834
8 164 140.456399
10 164 139.089899
12 164 137.724362
14 164 136.359818
16 164 134.996296
18 164 133.633828
20 164 132.272446
22 164 130.912184
24 164 129.553078
26 164 128.195164
28 164 126.838480
30 164 125.483067
32 164 124.128965
34 164 122.776219
36 164 121.424874
38 164 120.074977
40 164 118.726577
42 164 117.379726
44 164 116.034478
46 164 114.690889
48 164 113.349019
50 164 112.008928
52 164 110.670683
54 164 109.334350
56 164 108.000000
58 164 106.667708
60 164 105.337553
62 164 104.009615
64 164 102.683981
66 164 101.360742
68 164 100.039992
70 164 98.721831
72 164 97.406365
74 164 96.093704
76 164 94.783965
78 164 93.477270
80 164 92.173749
82 164 90.873539
84 164 89.576783
86 164 88.283634
88 164 86.994253
90 164 85.708809
92 164 84.427484
94 164 83.150466
96 164 81.877958
98 164 80.610173
100 164 79.347338
102 164 78.089692
104 164 76.837491
106 164 75.591005
108 164 74.350521
110 164 73.116346
112 164 71.888803
114 164 70.668239
116 164 69.455021
118 164 68.249542
120 164 67.052218
122 164 65.863495
124 164 64.683847
126 164 63.513778
128 164 62.353829
130 164 61.204575
132 164 60.066630
134 164 58.940648
136 164 57.827329
138 164 56.727418
140 164 55.641711
142 164 54.571055
144 164 53.516353
146 164 52.478567
148 164 51.458721
150 164 50.457903
152 164 49.477268
154 164 48.518038
156 164 47.581509
158 164 46.669048
160 164 45.782093
162 164 44.922155
164 164 44.090815
166 164 43.289722
168 164 42.520583
170 164 41.785165
172 164 41.085277
174 164 40.422766
176 164 39.799497
178 164 39.217343
180 164 38.678159
182 164 38.183766
184 164 37.735925
186 164 37.336309
188 164 36.986484
190 164 36.687873
192 164 36.441734
194 164 36.249138
196 164 36.110940
198 164 36.027767
200 164 36.000000
202 164 36.027767
204 164 36.110940
206 164 36.249138
208 164 36.441734
210 164 36.687873
212 164 36.986484
214 164 37.336309
216 164 37.735925
218 164 38.183766
220 164 38.678159
222 164 39.217343
224 164 39.799497
226 164 40.422766
228 164 41.085277
230 164 41.785165
232 164 42.520583
234 164 43.289722
236 164 44.090815
238 164 44.922155
240 164 45.782093
242 164 46.669048
244 164 47.581509
246 164 48.518038
248 164 49.477268
250 164 50.457903
252 164 51.458721
254 164 52.478567
256 164 53.516353
258 164 54.571055
260 164 55.641711
262 164 56.727418
264 164 57.827329
266 164 58.940648
268 164 60.066630
270 164 61.204575
272 164 62.353829
274 164 63.513778
276 164 64.683847
278 164 65.863495
280 164 67.052218
282 164 68.249542
284 164 69.455021
286 164 70.668239
288 164 71.888803
290 164 73.116346
292 164 74.350521
294 164 75.591005
296 164 76.837491
298 164 78.089692
300 164 79.347338
302 164 80.610173
304 164 81.877958
306 164 83.150466
308 164 84.427484
310 164 85.708809
312 164 86.994253
314 164 88.283634
316 164 89.576783
318 164 90.873539
320 164 92.173749
322 164 93.477270
324 164 94.783965
326 164 96.093704
328 164 97.406365
330 164 98.721831
332 164 100.039992
334 164 101.360742
336 164 102.683981
338 164 104.009615
340 164 105.337553
342 164 106.667708
344 164 108.000000
346 164 109.334350
348 164 110.670683
350 164 112.008928
352 164 113.349019
354 164 114.690889
356 164 116.034478
358 164 117.379726
360 164 118.726577
362 164 120.074977
364 164 121.424874
366 164 122.776219
368 164 124.128965
370 164 125.483067
372 164 126.838480
374 164 128.195164
376 164 129.553078
378 164 130.912184
380 164 132.272446
382 164 133.633828
384 164 134.996296
386 164 136.359818
388 164 137.724362
390 164 139.089899
392 164 140.456399
394 164 141.823834
396 164 143.192179
398 164 144.561406
0 166 145.451023
2 166 144.076369
4 166 142.702488
6 166 141.329402
8 166 139.957136
10 166 138.585714
12 166 137.215160
14 166 135.845500
16 166 134.476764
18 166 133.108978
20 166 131.742172
22 166 130.376378
24 166 129.011627
26 166 127.647953
28 166 126.285391
30 166 124.923977
32 166 123.563749
34 166 122.204746
36 166 120.847011
38 166 119.490585
40 166 118.135515
42 166 116.781848
44 166 115.429632
46 166 114.078920
48 166 112.729765
50 166 111.382225
52 166 110.036358
54 166 108.692226
56 166 107.349895
58 166 106.009434
60 166 104.670913
62 166 103.334409
64 166 102.000000
66 166 100.667770
68 166 99.337808
70 166 98.010204
72 166 96.685056
74 166 95.362466
76 166 94.042544
78 166 92.725401
80 166 91.411159
82 166 90.099945
84 166 88.791892
86 166 87.487142
88 166 86.185846
90 166 84.888162
92 166 83.594258
94 166 82.304313
96 166 81.018516
98 166 79.737068
100 166 78.460181
102 166 77.188082
104 166 75.921012
106 166 74.659226
108 166 73.402997
110 166 72.152616
112 166 70.908392
114 166 69.670654
116 166 68.439755
118 166 67.216070
120 166 66.000000
122 166 64.791975
124 166 63.592452
126 166 62.401923
128 166 61.220911
130 166 60.049979
132 166 58.889727
134 166 57.740800
136 166 56.603887
138 166 55.479726
140 166 54.369109
142 166 53.272882
144 166 52.191953
146 166 51.127292
148 166 50.079936
150 166 49.050994
152 166 48.041649
154 166 47.053161
156 166 46.086874
158 166 45.144213
160 166 44.226689
162 166 43.335897
164 166 42.473521
166 166 41.641326
168 166 40.841156
170 166 40.074930
172 166 39.344631
174 166 38.652296
176 166 38.000000
178 166 37.389838
180 166 36.823905
182 166 36.304270
184 166 35.832946
186 166 35.411862
188 166 35.042831
190 166 34.727511
192 166 34.467376
194 166 34.263683
196 166 34.117444
198 166 34.029399
200 166 34.000000
202 166 34.029399
204 166 34.117444
206 166 34.263683
208 166 34.467376
210 166 34.727511
212 166 35.042831
214 166 35.411862
216 166 35.832946
218 166 36.304270
220 166 36.823905
222 166 37.389838
224 166 38.000000
226 166 38.652296
228 166 39.344631
230 166 40.074930
232 166 40.841156
234 166 41.641326
236 166 42.473521
238 166 43.335897
240 166 44.226689
242 166 45.144213
244 166 46.086874
246 166 47.053161
248 166 48.041649
250 166 49.050994
252 166 50.079936
254 166 51.127292
256 166 52.191953
258 166 53.272882
260 166 54.369109
262 166 55.479726
264 166 56.603887
266 166 57.740800
268 166 58.889727
270 166 60.049979
272 166 61.220911
274 166 62.401923
276 166 63.592452
278 166 64.791975
280 166 66.000000
282 166 67.216070
284 166 68.439755
286 166 69.670654
288 166 70.908392
290 166 72.152616
292 166 73.402997
294 166 74.659226
296 166 75.921012
298 166 77.188082
300 166 78.460181
302 166 79.737068
304 166 81.018516
306 166 82.304313
308 166 83.594258
310 166 84.888162
312 166 86.185846
314 166 87.487142
316 166 88.791892
318 166 90.099945
320 166 91.411159
322 166 92.725401
324 166 94.042544
326 166 95.362466
328 166 96.685056
330 166 98.010204
332 166 99.337808
334 166 100.667770
336 166 102.000000
338 166 103.334409
340 166 104.670913
342 166 106.009434
344 166 107.349895
346 166 108.692226
348 166 110.036358
350 166 111.382225
352 166 112.729765
354 166 114.078920
356 166 115.429632
358 166 116.781848
360 166 118.135515
362 166 119.490585
364 166 120.847011
366 166 122.204746
368 166 123.563749
370 166 124.923977
372 166 126.285391
374 166 127.647953
376 166 129.011627
378 166 130.376378
380 166 131.742172
382 166 133.108978
384 166 134.476764
386 166 135.845500
388 166 137.215160
390 166 138.585714
392 166 139.957136
394 166 141.329402
396 166 142.702488
398 166 144.076369
0 168 144.996552
2 168 143.617548
4 168 142.239235
6 168 140.861634
8 168 139.484766
10 168 138.108653
12 168 136.733317
14 168 135.358783
16 168 133.985074
18 168 132.612217
20 168 131.240238
22 168 129.869165
24 168 128.499027
26 168 127.129855
28 168 125.761679
30 168 124.394534
32 168 123.028452
34 168 121.663470
36 168 120.299626
38 168 118.936958
40 168 117.575508
42 168 116.215317
44 168 114.856432
46 168 113.498899
48 168 112.142766
50 168 110.788086
52 168 109.434912
54 168 108.083301
56 168 106.733313
58 168 105.385008
60 168 104.038454
62 168 102.693719
64 168 101.350876
66 168 100.010000
68 168 98.671171
70 168 97.334475
72 168 96.000000
74 168 94.667840
76 168 93.338095
78 168 92.010869
80 168 90.686272
82 168 89.364422
84 168 88.045443
86 168 86.729464
88 168 85.416626
90 168 84.107075
92 168 82.800966
94 168 81.498466
96 168 80.199751
98 168 78.905006
100 168 77.614432
102 168 76.328239
104 168 75.046652
106 168 73.769913
108 168 72.498276
110 168 71.232015
112 168 69.971423
114 168 68.716810
116 168 67.468511
118 168 66.226883
120 168 64.992307
122 168 63.765194
124 168 62.545983
126 168 61.335145
128 168 60.133186
130 168 58.940648
132 168 57.758116
134 168 56.586217
136 168 55.425626
138 168 54.277067
140 168 53.141321
142 168 52.019227
144 168 50.911688
146 168 49.819675
148 168 48.744230
150 168 47.686476
152 168 46.647615
154 168 45.628938
156 168 44.631827
158 168 43.657760
160 168 42.708313
162 168 41.785165
164 168 40.890097
166 168 40.024992
168 168 39.191836
170 168 38.392708
172 168 37.629775
174 168 36.905284
176 168 36.221541
178 168 35.580894
180 168 34.985711
182 168 34.438351
184 168 33.941125
186 168 33.496268
188 168 33.105891
190 168 32.771939
192 168 32.496154
194 168 32.280025
196 168 32.124757
198 168 32.031235
200 168 32.000000
202 168 32.031235
204 168 32.124757
206 168 32.280025
208 168 32.496154
210 168 32.771939
212 168 33.105891
214 168 33.496268
216 168 33.941125
218 168 34.438351
220 168 34.985711
222 168 35.580894
224 168 36.221541
226 168 36.905284
228 168 37.629775
230 168 38.392708
232 168 39.191836
234 168 40.024992
236 168 40.890097
238 168 41.785165
240 168 42.708313
242 168 43.657760
244 168 44.631827
246 168 45.628938
248 168 46.647615
250 168 47.686476
252 168 48.744230
254 168 49.819675
256 168 50.911688
258 168 52.019227
260 168 53.141321
262 168 54.277067
264 168 55.425626
266 168 56.586217
268 168 57.758116
270 168 58.940648
272 168 60.133186
274 168 61.335145
276 168 62.545983
278 168 63.765194
280 168 64.992307
282 168 66.226883
284 168 67.468511
286 168 68.716810
288 168 69.971423
290 168 71.232015
292 168 72.498276
294 168 73.769913
296 168 75.046652
298 168 76.328239
300 168 77.614432
302 168 78.905006
304 168 80.199751
306 168 81.498466
308 168 82.800966
310 168 84.107075
312 168 85.416626
314 168 86.729464
316 168 88.045443
318 168 89.364422
320 168 90.686272
322 168 92.010869
324 168 93.338095
326 168 94.667840
328 168 96.000000
330 168 97.334475
332 168 98.671171
334 168 100.010000
336 168 101.350876
338 168 102.693719
340 168 104.038454
342 168 105.385008
344 168 106.733313
346 168 108.083301
348 168 109.434912
350 168 110.788086
352 168 112.142766
354 168 113.498899
356 168 114.856432
358 168 116.215317
360 168 117.575508
362 168 118.936958
364 168 120.299626
366 168 121.663470
368 168 123.028452
370 168 124.394534
372 168 125.761679
374 168 127.129855
376 168 128.499027
378 168 129.869165
380 168 131.240238
382 168 132.612217
384 168 133.985074
386 168 135.358783
388 168 136.733317
390 168 138.108653
392 168 139.484766
394 168 140.861634
396 168 142.239235
398 168 143.617548
0 170 144.568323
2 170 143.185195
4 170 141.802680
6 170 140.420796
8 170 139.039563
10 170 137.658999
12 170 136.279125
14 170 134.899963
16 170 133.521534
18 170 132.143861
20 170 130.766968
22 170 129.390881
24 170 128.015624
26 170 126.641226
28 170 125.267713
30 170 123.895117
32 170 122.523467
34 170 121.152796
36 170 119.783137
38 170 118.414526
40 170 117.046999
42 170 115.680595
44 170 114.315353
46 170 112.951317
48 170 111.588530
50 170 110.227038
52 170 108.866891
54 170 107.508139
56 170 106.150836
58 170 104.795038
60 170 103.440804
62 170 102.088197
64 170 100.737282
66 170 99.388128
68 170 98.040808
70 170 96.695398
72 170 95.351980
74 170 94.010638
76 170 92.671463
78 170 91.334550
80 170 90.000000
82 170 88.667920
84 170 87.338422
86 170 86.011627
88 170 84.687661
90 170 83.366660
92 170 82.048766
94 170 80.734132
96 170 79.422919
98 170 78.115299
100 170 76.811457
102 170 75.511589
104 170 74.215901
106 170 72.924619
108 170 71.637979
110 170 70.356236
112 170 69.079664
114 170 67.808554
116 170 66.543219
118 170 65.283995
120 170 64.031242
122 170 62.785349
124 170 61.546730
126 170 60.315835
128 170 59.093147
130 170 57.879185
132 170 56.674509
134 170 55.479726
136 170 54.295488
138 170 53.122500
140 170 51.961524
142 170 50.813384
144 170 49.678969
146 170 48.559242
148 170 47.455242
150 170 46.368092
152 170 45.299007
154 170 44.249294
156 170 43.220366
158 170 42.213742
160 170 41.231056
162 170 40.274061
164 170 39.344631
166 170 38.444766
168 170 37.576588
170 170 36.742346
172 170 35.944402
174 170 35.185224
176 170 34.467376
178 170 33.793490
180 170 33.166248
182 170 32.588341
184 170 32.062439
186 170 31.591138
188 170 31.176915
190 170 30.822070
192 170 30.528675
194 170 30.298515
196 170 30.133038
198 170 30.033315
200 170 30.000000
202 170 30.033315
204 170 30.133038
206 170 30.298515
208 170 30.528675
210 170 30.822070
212 170 31.176915
214 170 31.591138
216 170 32.062439
218 170 32.588341
220 170 33.166248
222 170 33.793490
224 170 34.467376
226 170 35.185224
228 170 35.944402
230 170 36.742346
232 170 37.576588
234 170 38.444766
236 170 39.344631
238 170 40.274061
240 170 41.231056
242 170 42.213742
244 170 43.220366
246 170 44.249294
248 170 45.299007
250 170 46.368092
252 170 47.455242
254 170 48.559242
256 170 49.678969
258 170 50.813384
260 170 51.961524
262 170 53.122500
264 170 54.295488
266 170 55.479726
268 170 56.674509
270 170 57.879185
272 170 59.093147
274 170 60.315835
276 170 61.546730
278 170 62.785349
280 170 64.031242
282 170 65.283995
284 170 66.543219
286 170 67.808554
288 170 69.079664
290 170 70.356236
292 170 71.637979
294 170 72.924619
296 170 74.215901
298 170 75.511589
300 170 76.811457
302 170 78.115299
304 170 79.422919
306 170 80.734132
308 170 82.048766
310 170 83.366660
312 170 84.687661
314 170 86.011627
316 170 87.338422
318 170 88.667920
320 170 90.000000
322 170 91.334550
324 170 92.671463
326 170 94.010638
328 170 95.351980
330 170 96.695398
332 170 98.040808
334 170 99.388128
336 170 100.737282
338 170 102.088197
340 170 103.440804
342 170 104.795038
344 170 106.150836
346 170 107.508139
348 170 108.866891
350 170 110.227038
352 170 111.588530
354 170 112.951317
356 170 114.315353
358 170 115.680595
360 170 117.046999
362 170 118.414526
364 170 119.783137
366 170 121.152796
368 170 122.523467
370 170 123.895117
372 170 125.267713
374 170 126.641226
376 170 128.015624
378 170 129.390881
380 170 130.766968
382 170 132.143861
384 170 133.521534
386 170 134.899963
388 170 136.279125
390 170 137.658999
392 170 139.039563
394 170 140.420796
396 170 141.802680
398 170 143.185195
0 172 144.166570
2 172 142.779550
4 172 141.393069
6 172 140.007143
8 172 138.621788
10 172 137.237021
12 172 135.852862
14 172 134.469327
16 172 133.086438
18 172 131.704214
20 172 130.322676
22 172 128.941847
24 172 127.561750
26 172 126.182408
28 172 124.803846
30 172 123.426091
32 172 122.049170
34 172 120.673112
36 172 119.297946
38 172 117.923704
40 172 116.550418
42 172 115.178123
44 172 113.806854
46 172 112.436649
48 172 111.067547
50 172 109.699590
52 172 108.332821
54 172 106.967285
56 172 105.603030
58 172 104.240107
60 172 102.878569
62 172 101.518471
64 172 100.159872
66 172 98.802834
68 172 97.447422
70 172 96.093704
72 172 94.741754
74 172 93.391648
76 172 92.043468
78 172 90.697299
80 172 89.353232
82 172 88.011363
84 172 86.671795
86 172 85.334635
88 172 84.000000
90 172 82.668011
92 172 81.338798
94 172 80.012499
96 172 78.689262
98 172 77.369245
100 172 76.052613
102 172 74.739548
104 172 73.430239
106 172 72.124892
108 172 70.823725
110 172 69.526973
112 172 68.234888
114 172 66.947741
116 172 65.665821
118 172 64.389440
120 172 63.118935
122 172 61.854668
124 172 60.597030
126 172 59.346440
128 172 58.103356
130 172 56.868269
132 172 55.641711
134 172 54.424259
136 172 53.216539
138 172 52.019227
140 172 50.833060
142 172 49.658836
144 172 48.497423
146 172 47.349762
148 172 46.216880
150 172 45.099889
152 172 44.000000
154 172 42.918527
156 172 41.856899
158 172 40.816663
160 172 39.799497
162 172 38.807216
164 172 37.841776
166 172 36.905284
168 172 36.000000
170 172 35.128336
172 172 34.292856
174 172 33.496268
176 172 32.741411
178 172 32.031235
180 172 31.368774
182 172 30.757113
184 172 30.199338
186 172 29.698485
188 172 29.257478
190 172 28.879058
192 172 28.565714
194 172 28.319605
196 172 28.142495
198 172 28.035692
200 172 28.000000
202 172 28.035692
204 172 28.142495
206 172 28.319605
208 172 28.565714
210 172 28.879058
212 172 29.257478
214 172 29.698485
216 172 30.199338
218 172 30.757113
220 172 31.368774
222 172 32.031235
224 172 32.741411
226 172 33.496268
228 172 34.292856
230 172 35.128336
232 172 36.000000
234 172 36.905284
236 172 37.841776
238 172 38.807216
240 172 39.799497
242 172 40.816663
244 172 41.856899
246 172 42.918527
248 172 44.000000
250 172 45.099889
252 172 46.216880
254 172 47.349762
256 172 48.497423
258 172 49.658836
260 172 50.833060
262 172 52.019227
264 172 53.216539
266 172 54.424259
268 172 55.641711
270 172 56.868269
272 172 58.103356
274 172 59.346440
276 172 60.597030
278 172 61.854668
280 172 63.118935
282 172 64.389440
284 172 65.665821
286 172 66.947741
288 172 68.234888
290 172 69.526973
292 172 70.823725
294 172 72.124892
296 172 73.430239
298 172 74.739548
300 172 76.052613
302 172 77.369245
304 172 78.689262
306 172 80.012499
308 172 81.338798
310 172 82.668011
312 172 84.000000
314 172 85.334635
316 172 86.671795
318 172 88.011363
320 172 89.353232
322 172 90.697299
324 172 92.043468
326 172 93.391648
328 172 94.741754
330 172 96.093704
332 172 97.447422
334 172 98.802834
336 172 100.159872
338 172 101.518471
340 172 102.878569
342 172 104.240107
344 172 105.603030
346 172 106.967285
348 172 108.332821
350 172 109.699590
352 172 111.067547
354 172 112.436649
356 172 113.806854
358 172 115.178123
360 172 116.550418
362 172 117.923704
364 172 119.297946
366 172 120.673112
368 172 122.049170
370 172 123.426091
372 172 124.803846
374 172 126.182408
376 172 127.561750
378 172 128.941847
380 172 130.322676
382 172 131.704214
384 172 133.086438
386 172 134.469327
388 172 135.852862
390 172 137.237021
392 172 138.621788
394 172 140.007143
396 172 141.393069
398 172 142.779550
0 174 143.791516
2 174 142.400843
4 174 141.010638
6 174 139.620915
8 174 138.231690
10 174 136.842976
12 174 135.454790
14 174 134.067147
16 174 132.680066
18 174 131.293564
20 174 129.907660
22 174 128.522372
24 174 127.137721
26 174 125.753728
28 174 124.370414
30 174 122.987804
32 174 121.605921
34 174 120.224789
36 174 118.844436
38 174 117.464888
40 174 116.086175
42 174 114.708326
44 174 113.331373
46 174 111.955348
48 174 110.580288
50 174 109.206227
52 174 107.833205
54 174 106.461261
56 174 105.090437
58 174 103.720779
60 174 102.352333
62 174 100.985147
64 174 99.619275
66 174 98.254771
68 174 96.891692
70 174 95.530100
72 174 94.170059
74 174 92.811637
76 174 91.454907
78 174 90.099945
80 174 88.746831
82 174 87.395652
84 174 86.046499
86 174 84.699469
88 174 83.354664
90 174 82.012194
92 174 80.672176
94 174 79.334734
96 174 78.000000
98 174 76.668116
100 174 75.339233
102 174 74.013512
104 174 72.691127
106 174 71.372264
108 174 70.057120
110 174 68.745909
112 174 67.438861
114 174 66.136223
116 174 64.838260
118 174 63.545259
120 174 62.257530
122 174 60.975405
124 174 59.699246
126 174 58.429445
128 174 57.166424
130 174 55.910643
132 174 54.662601
134 174 53.422842
136 174 52.191953
138 174 50.970580
140 174 49.759421
142 174 48.559242
144 174 47.370877
146 174 46.195238
148 174 45.033321
150 174 43.886217
152 174 42.755117
154 174 41.641326
156 174 40.546270
158 174 39.471509
160 174 38.418745
162 174 37.389838
164 174 36.386811
166 174 35.411862
168 174 34.467376
170 174 33.555923
172 174 32.680269
174 174 31.843367
176 174 31.048349
178 174 30.298515
180 174 29.597297
182 174 28.948230
184 174 28.354894
186 174 27.820855
188 174 27.349589
190 174 26.944387
192 174 26.608269
194 174 26.343880
196 174 26.153394
198 174 26.038433
200 174 26.000000
202 174 26.038433
204 174 26.153394
206 174 26.343880
208 174 26.608269
210 174 26.944387
212 174 27.349589
214 174 27.820855
216 174 28.354894
218 174 28.948230
220 174 29.597297
222 174 30.298515
224 174 31.048349
226 174 31.843367
228 174 32.680269
230 174 33.555923
232 174 34.467376
234 174 35.411862
236 174 36.386811
238 174 37.389838
240 174 38.418745
242 174 39.471509
244 174 40.546270
246 174 41.641326
248 174 42.755117
250 174 43.886217
252 174 45.033321
254 174 46.195238
256 174 47.370877
258 174 48.559242
260 174 49.759421
262 174 50.970580
264 174 52.191953
266 174 53.422842
268 174 54.662601
270 174 55.910643
272 174 57.166424
274 174 58.429445
276 174 59.699246
278 174 60.975405
280 174 62.257530
282 174 63.545259
284 174 64.838260
286 174 66.136223
288 174 67.438861
290 174 68.745909
292 174 70.057120
294 174 71.372264
296 174 72.691127
298 174 74.013512
300 174 75.339233
302 174 76.668116
304 174 78.000000
306 174 79.334734
308 174 80.672176
310 174 82.012194
312 174 83.354664
314 174 84.699469
316 174 86.046499
318 174 87.395652
320 174 88.746831
322 174 90.099945
324 174 91.454907
326 174 92.811637
328 174 94.170059
330 174 95.530100
332 174 96.891692
334 174 98.254771
336 174 99.619275
338 174 100.985147
340 174 102.352333
342 174 103.720779
344 174 105.090437
346 174 106.461261
348 174 107.833205
350 174 109.206227
352 174 110.580288
354 174 111.955348
356 174 113.331373
358 174 114.708326
360 174 116.086175
362 174 117.464888
364 174 118.844436
366 174 120.224789
368 174 121.605921
370 174 122.987804
372 174 124.370414
374 174 125.753728
376 174 127.137721
378 174 128.522372
380 174 129.907660
382 174 131.293564
384 174 132.680066
386 174 134.067147
388 174 135.454790
390 174 136.842976
392 174 138.231690
394 174 139.620915
396 174 141.010638
398 174 142.400843
0 176 143.443369
2 176 142.049287
4 176 140.655608
6 176 139.262342
8 176 137.869504
10 176 136.477104
12 176 135.085158
14 176 133.693680
16 176 132.302683
18 176 130.912184
20 176 129.522199
22 176 128.132744
24 176 126.743836
26 176 125.355494
28 176 123.967738
30 176 122.580586
32 176 121.194059
34 176 119.808180
36 176 118.422971
38 176 117.038455
40 176 115.654658
42 176 114.271606
44 176 112.889326
46 176 111.507847
48 176 110.127199
50 176 108.747414
52 176 107.368524
54 176 105.990566
56 176 104.613575
58 176 103.237590
60 176 101.862653
62 176 100.488805
64 176 99.116094
66 176 97.744565
68 176 96.374270
70 176 95.005263
72 176 93.637599
74 176 92.271339
76 176 90.906545
78 176 89.543286
80 176 88.181631
82 176 86.821656
84 176 85.463442
86 176 84.107075
88 176 82.752643
90 176 81.400246
92 176 80.049984
94 176 78.701969
96 176 77.356318
98 176 76.013157
100 176 74.672619
102 176 73.334848
104 176 72.000000
106 176 70.668239
108 176 69.339743
110 176 68.014704
112 176 66.693328
114 176 65.375837
116 176 64.062470
118 176 62.753486
120 176 61.449166
122 176 60.149813
124 176 58.855756
126 176 57.567352
128 176 56.284989
130 176 55.009090
132 176 53.740115
134 176 52.478567
136 176 51.224994
138 176 49.979996
140 176 48.744230
142 176 47.518417
144 176 46.303348
146 176 45.099889
148 176 43.908997
150 176 42.731721
152 176 41.569219
154 176 40.422766
156 176 39.293765
158 176 38.183766
160 176 37.094474
162 176 36.027767
164 176 34.985711
166 176 33.970576
168 176 32.984845
170 176 32.031235
172 176 31.112698
174 176 30.232433
176 176 29.393877
178 176 28.600699
180 176 27.856777
182 176 27.166155
184 176 26.532998
186 176 25.961510
188 176 25.455844
190 176 25.019992
192 176 24.657656
194 176 24.372115
196 176 24.166092
198 176 24.041631
200 176 24.000000
202 176 24.041631
204 176 24.166092
206 176 24.372115
208 176 24.657656
210 176 25.019992
212 176 25.455844
214 176 25.961510
216 176 26.532998
218 176 27.166155
220 176 27.856777
222 176 28.600699
224 176 29.393877
226 176 30.232433
228 176 31.112698
230 176 32.031235
232 176 32.984845
234 176 33.970576
236 176 34.985711
238 176 36.027767
240 176 37.094474
242 176 38.183766
244 176 39.293765
246 176 40.422766
248 176 41.569219
250 176 42.731721
252 176 43.908997
254 176 45.099889
256 176 46.303348
258 176 47.518417
260 176 48.744230
262 176 49.979996
264 176 51.224994
266 176 52.478567
268 176 53.740115
270 176 55.009090
272 176 56.284989
274 176 57.567352
276 176 58.855756
278 176 60.149813
280 176 61.449166
282 176 62.753486
284 176 64.062470
286 176 65.375837
288 176 66.693328
290 176 68.014704
292 176 69.339743
294 176 70.668239
296 176 72.000000
298 176 73.334848
300 176 74.672619
302 176 76.013157
304 176 77.356318
306 176 78.701969
308 176 80.049984
310 176 81.400246
312 176 82.752643
314 176 84.107075
316 176 85.463442
318 176 86.821656
320 176 88.181631
322 176 89.543286
324 176 90.906545
326 176 92.271339
328 176 93.637599
330 176 95.005263
332 176 96.374270
334 176 97.744565
336 176 99.116094
338 176 100.488805
340 176 101.862653
342 176 103.237590
344 176 104.613575
346 176 105.990566
348 176 107.368524
350 176 108.747414
352 176 110.127199
354 176 111.507847
356 176 112.889326
358 176 114.271606
360 176 115.654658
362 176 117.038455
364 176 118.422971
366 176 119.808180
368 176 121.194059
370 176 122.580586
372 176 123.967738
374 176 125.355494
376 176 126.743836
378 176 128.132744
380 176 129.522199
382 176 130.912184
384 176 132.302683
386 176 133.693680
388 176 135.085158
390 176 136.477104
392 176 137.869504
394 176 139.262342
396 176 140.655608
398 176 142.049287
0 178 143.122325
2 178 141.725086
4 178 140.328187
6 178 138.931638
8 178 137.535450
10 178 136.139634
12 178 134.744202
14 178 133.349166
16 178 131.954538
18 178 130.560331
20 178 129.166559
22 178 127.773237
24 178 126.380378
26 178 124.987999
28 178 123.596116
30 178 122.204746
32 178 120.813906
34 178 119.423616
36 178 118.033893
38 178 116.644760
40 178 115.256236
42 178 113.868345
44 178 112.481110
46 178 111.094554
48 178 109.708705
50 178 108.323589
52 178 106.939235
54 178 105.555673
56 178 104.172933
58 178 102.791050
60 178 101.410059
62 178 100.029996
64 178 98.650900
66 178 97.272812
68 178 95.895777
70 178 94.519839
72 178 93.145048
74 178 91.771455
76 178 90.399115
78 178 89.028085
80 178 87.658428
82 178 86.290208
84 178 84.923495
86 178 83.558363
88 178 82.194890
90 178 80.833162
92 178 79.473266
94 178 78.115299
96 178 76.759364
98 178 75.405570
100 178 74.054034
102 178 72.704883
104 178 71.358251
106 178 70.014284
108 178 68.673139
110 178 67.334983
112 178 66.000000
114 178 64.668385
116 178 63.340350
118 178 62.016127
120 178 60.695964
122 178 59.380131
124 178 58.068925
126 178 56.762664
128 178 55.461698
130 178 54.166410
132 178 52.877216
134 178 51.594573
136 178 50.318983
138 178 49.050994
140 178 47.791213
142 178 46.540305
144 178 45.299007
146 178 44.068129
148 178 42.848571
150 178 41.641326
152 178 40.447497
154 178 39.268308
156 178 38.105118
158 178 36.959437
160 178 35.832946
162 178 34.727511
164 178 33.645208
166 178 32.588341
168 178 31.559468
170 178 30.561414
172 178 29.597297
174 178 28.670542
176 178 27.784888
178 178 26.944387
180 178 26.153394
182 178 25.416530
184 178 24.738634
186 178 24.124676
188 178 23.579652
190 178 23.108440
192 178 22.715633
194 178 22.405357
196 178 22.181073
198 178 22.045408
200 178 22.000000
202 178 22.045408
204 178 22.181073
206 178 22.405357
208 178 22.715633
210 178 23.108440
212 178 23.579652
214 178 24.124676
216 178 24.738634
218 178 25.416530
220 178 26.153394
222 178 26.944387
224 178 27.784888
226 178 28.670542
228 178 29.597297
230 178 30.561414
232 178 31.559468
234 178 32.588341
236 178 33.645208
238 178 34.727511
240 178 35.832946
242 178 36.959437
244 178 38.105118
246 178 39.268308
248 178 40.447497
250 178 41.641326
252 178 42.848571
254 178 44.068129
256 178 45.299007
258 178 46.540305
260 178 47.791213
262 178 49.050994
264 178 50.318983
266 178 51.594573
268 178 52.877216
270 178 54.166410
272 178 55.461698
274 178 56.762664
276 178 58.068925
278 178 59.380131
280 178 60.695964
282 178 62.016127
284 178 63.340350
286 178 64.668385
288 178 66.000000
290 178 67.334983
292 178 68.673139
294 178 70.014284
296 178 71.358251
298 178 72.704883
300 178 74.054034
302 178 75.405570
304 178 76.759364
306 178 78.115299
308 178 79.473266
310 178 80.833162
312 178 82.194890
314 178 83.558363
316 178 84.923495
318 178 86.290208
320 178 87.658428
322 178 89.028085
324 178 90.399115
326 178 91.771455
328 178 93.145048
330 178 94.519839
332 178 95.895777
334 178 97.272812
336 178 98.650900
338 178 100.029996
340 178 101.410059
342 178 102.791050
344 178 104.172933
346 178 105.555673
348 178 106.939235
350 178 108.323589
352 178 109.708705
354 178 111.094554
356 178 112.481110
358 178 113.868345
360 178 115.256236
362 178 116.644760
364 178 118.033893
366 178 119.423616
368 178 120.813906
370 178 122.204746
372 178 123.596116
374 178 124.987999
376 178 126.380378
378 178 127.773237
380 178 129.166559
382 178 130.560331
384 178 131.954538
386 178 133.349166
388 178 134.744202
390 178 136.139634
392 178 137.535450
394 178 138.931638
396 178 140.328187
398 178 141.725086
0 180 142.828569
2 180 141.428427
4 180 140.028569
6 180 138.629001
8 180 137.229734
10 180 135.830777
12 180 134.432139
14 180 133.033830
16 180 131.635861
18 180 130.238243
20 180 128.840987
22 180 127.444105
24 180 126.047610
26 180 124.651514
28 180 123.255832
30 180 121.860576
32 180 120.465763
34 180 119.071407
36 180 117.677525
38 180 116.284135
40 180 114.891253
42 180 113.498899
44 180 112.107092
46 180 110.715853
48 180 109.325203
50 180 107.935166
52 180 106.545765
54 180 105.157025
56 180 103.768974
58 180 102.381639
60 180 100.995049
62 180 99.609237
64 180 98.224233
66 180 96.840074
68 180 95.456797
70 180 94.074439
72 180 92.693042
74 180 91.312650
76 180 89.933309
78 180 88.555068
80 180 87.177979
82 180 85.802098
84 180 84.427484
86 180 83.054199
88 180 81.682311
90 180 80.311892
92 180 78.943017
94 180 77.575769
96 180 76.210236
98 180 74.846510
100 180 73.484692
102 180 72.124892
104 180 70.767224
106 180 69.411815
108 180 68.058798
110 180 66.708320
112 180 65.360539
114 180 64.015623
116 180 62.673758
118 180 61.335145
120 180 60.000000
122 180 58.668561
124 180 57.341085
126 180 56.017854
128 180 54.699177
130 180 53.385391
132 180 52.076866
134 180 50.774009
136 180 49.477268
138 180 48.187135
140 180 46.904158
142 180 45.628938
144 180 44.362146
146 180 43.104524
148 180 41.856899
150 180 40.620192
152 180 39.395431
154 180 38.183766
156 180 36.986484
158 180 35.805028
160 180 34.641016
162 180 33.496268
164 180 32.372828
166 180 31.272992
168 180 30.199338
170 180 29.154759
172 180 28.142495
174 180 27.166155
176 180 26.229754
178 180 25.337719
180 180 24.494897
182 180 23.706539
184 180 22.978251
186 180 22.315914
188 180 21.725561
190 180 21.213203
192 180 20.784610
194 180 20.445048
196 180 20.199010
198 180 20.049938
200 180 20.000000
202 180 20.049938
204 180 20.199010
206 180 20.445048
208 180 20.784610
210 180 21.213203
212 180 21.725561
214 180 22.315914
216 180 22.978251
218 180 23.706539
220 180 24.494897
222 180 25.337719
224 180 26.229754
226 180 27.166155
228 180 28.142495
230 180 29.154759
232 180 30.199338
234 180 31.272992
236 180 32.372828
238 180 33.496268
240 180 34.641016
242 180 35.805028
244 180 36.986484
246 180 38.183766
248 180 39.395431
250 180 40.620192
252 180 41.856899
254 180 43.104524
256 180 44.362146
258 180 45.628938
260 180 46.904158
262 180 48.187135
264 180 49.477268
266 180 50.774009
268 180 52.076866
270 180 53.385391
272 180 54.699177
274 180 56.017854
276 180 57.341085
278 180 58.668561
280 180 60.000000
282 180 61.335145
284 180 62.673758
286 180 64.015623
288 180 65.360539
290 180 66.708320
292 180 68.058798
294 180 69.411815
296 180 70.767224
298 180 72.124892
300 180 73.484692
302 180 74.846510
304 180 76.210236
306 180 77.575769
308 180 78.943017
310 180 80.311892
312 180 81.682311
314 180 83.054199
316 180 84.427484
318 180 85.802098
320 180 87.177979
322 180 88.555068
324 180 89.933309
326 180 91.312650
328 180 92.693042
330 180 94.074439
332 180 95.456797
334 180 96.840074
336 180 98.224233
338 180 99.609237
340 180 100.995049
342 180 102.381639
344 180 103.768974
346 180 105.157025
348 180 106.545765
350 180 107.935166
352 180 109.325203
354 180 110.715853
356 180 112.107092
358 180 113.498899
360 180 114.891253
362 180 116.284135
364 180 117.677525
366 180 119.071407
368 180 120.465763
370 180 121.860576
372 180 123.255832
374 180 124.651514
376 180 126.047610
378 180 127.444105
380 180 128.840987
382 180 130.238243
384 180 131.635861
386 180 133.033830
388 180 134.432139
390 180 135.830777
392 180 137.229734
394 180 138.629001
396 180 140.028569
398 180 141.428427
0 182 142.562267
2 182 141.159484
4 182 139.756932
6 182 138.354617
8 182 136.952547
10 182 135.550729
12 182 134.149171
14 182 132.747881
16 182 131.346869
18 182 129.946143
20 182 128.545712
22 182 127.145586
24 182 125.745775
26 182 124.346291
28 182 122.947143
30 182 121.548344
32 182 120.149906
34 182 118.751842
36 182 117.354165
38 182 115.956889
40 182 114.560028
42 182 113.163598
44 182 111.767616
46 182 110.372098
48 182 108.977062
50 182 107.582526
52 182 106.188512
54 182 104.795038
56 182 103.402128
58 182 102.009803
60 182 100.618090
62 182 99.227012
64 182 97.836598
66 182 96.446877
68 182 95.057877
70 182 93.669632
72 182 92.282176
74 182 90.895544
76 182 89.509776
78 182 88.124911
80 182 86.740994
82 182 85.358069
84 182 83.976187
86 182 82.595399
88 182 81.215762
90 182 79.837335
92 182 78.460181
94 182 77.084369
96 182 75.709973
98 182 74.337070
100 182 72.965745
102 182 71.596089
104 182 70.228199
106 182 68.862181
108 182 67.498148
110 182 66.136223
112 182 64.776539
114 182 63.419240
116 182 62.064483
118 182 60.712437
120 182 59.363288
122 182 58.017239
124 182 56.674509
126 182 55.335341
128 182 54.000000
130 182 52.668776
132 182 51.341991
134 182 50.019996
136 182 48.703183
138 182 47.391982
140 182 46.086874
142 182 44.788391
144 182 43.497126
146 182 42.213742
148 182 40.938979
150 182 39.673669
152 182 38.418745
154 182 37.175261
156 182 35.944402
158 182 34.727511
160 182 33.526109
162 182 32.341923
164 182 31.176915
166 182 30.033315
168 182 28.913665
170 182 27.820855
172 182 26.758176
174 182 25.729361
176 182 24.738634
178 182 23.790755
180 182 22.891046
182 182 22.045408
184 182 21.260292
186 182 20.542639
188 182 19.899749
190 182 19.339080
192 182 18.867962
194 182 18.493242
196 182 18.220867
198 182 18.055470
200 182 18.000000
202 182 18.055470
204 182 18.220867
206 182 18.493242
208 182 18.867962
210 182 19.339080
212 182 19.899749
214 182 20.542639
216 182 21.260292
218 182 22.045408
220 182 22.891046
222 182 23.790755
224 182 24.738634
226 182 25.729361
228 182 26.758176
230 182 27.820855
232 182 28.913665
234 182 30.033315
236 182 31.176915
238 182 32.341923
240 182 33.526109
242 182 34.727511
244 182 35.944402
246 182 37.175261
248 182 38.418745
250 182 39.673669
252 182 40.938979
254 182 42.213742
256 182 43.497126
258 182 44.788391
260 182 46.086874
262 182 47.391982
264 182 48.703183
266 182 50.019996
268 182 51.341991
270 182 52.668776
272 182 54.000000
274 182 55.335341
276 182 56.674509
278 182 58.017239
280 182 59.363288
282 182 60.712437
284 182 62.064483
286 182 63.419240
288 182 64.776539
290 182 66.136223
292 182 67.498148
294 182 68.862181
296 182 70.228199
298 182 71.596089
300 182 72.965745
302 182 74.337070
304 182 75.709973
306 182 77.084369
308 182 78.460181
310 182 79.837335
312 182 81.215762
314 182 82.595399
316 182 83.976187
318 182 85.358069
320 182 86.740994
322 182 88.124911
324 182 89.509776
326 182 90.895544
328 182 92.282176
330 182 93.669632
332 182 95.057877
334 182 96.446877
336 182 97.836598
338 182 99.227012
340 182 100.618090
342 182 102.009803
344 182 103.402128
346 182 104.795038
348 182 106.188512
350 182 107.582526
352 182 108.977062
354 182 110.372098
356 182 111.767616
358 182 113.163598
360 182 114.560028
362 182 115.956889
364 182 117.354165
366 182 118.751842
368 182 120.149906
370 182 121.548344
372 182 122.947143
374 182 124.346291
376 182 125.745775
378 182 127.145586
380 182 128.545712
382 182 129.946143
384 182 131.346869
386 182 132.747881
388 182 134.149171
390 182 135.550729
392 182 136.952547
394 182 138.354617
396 182 139.756932
398 182 141.159484
0 184 142.323575
2 184 140.918416
4 184 139.513440
6 184 138.108653
8 184 136.704060
10 184 135.299667
12 184 133.895482
14 184 132.491509
16 184 131.087757
18 184 129.684232
20 184 128.280942
22 184 126.877894
24 184 125.475097
26 184 124.072559
28 184 122.670290
30 184 121.268298
32 184 119.866593
34 184 118.465185
36 184 117.064085
38 184 115.663304
40 184 114.262855
42 184 112.862749
44 184 111.462998
46 184 110.063618
48 184 108.664622
50 184 107.266024
52 184 105.867842
54 184 104.470091
56 184 103.072790
58 184 101.675956
60 184 100.279609
62 184 98.883770
64 184 97.488461
66 184 96.093704
68 184 94.699525
70 184 93.305948
72 184 91.913002
74 184 90.520716
76 184 89.129120
78 184 87.738247
80 184 86.348133
82 184 84.958814
84 184 83.570330
86 184 82.182723
88 184 80.796040
90 184 79.410327
92 184 78.025637
94 184 76.642025
96 184 75.259551
98 184 73.878278
100 184 72.498276
102 184 71.119618
104 184 69.742383
106 184 68.366659
108 184 66.992537
110 184 65.620119
112 184 64.249514
114 184 62.880840
116 184 61.514226
118 184 60.149813
120 184 58.787754
122 184 57.428216
124 184 56.071383
126 184 54.717456
128 184 53.366656
130 184 52.019227
132 184 50.675438
134 184 49.335586
136 184 48.000000
138 184 46.669048
140 184 45.343136
142 184 44.022721
144 184 42.708313
146 184 41.400483
148 184 40.099875
150 184 38.807216
152 184 37.523326
154 184 36.249138
156 184 34.985711
158 184 33.734256
160 184 32.496154
162 184 31.272992
164 184 30.066593
166 184 28.879058
168 184 27.712813
170 184 26.570661
172 184 25.455844
174 184 24.372115
176 184 23.323808
178 184 22.315914
180 184 21.354157
182 184 20.445048
184 184 19.595918
186 184 18.814888
188 184 18.110770
190 184 17.492856
192 184 16.970563
194 184 16.552945
196 184 16.248077
198 184 16.062378
200 184 16.000000
202 184 16.062378
204 184 16.248077
206 184 16.552945
208 184 16.970563
210 184 17.492856
212 184 18.110770
214 184 18.814888
216 184 19.595918
218 184 20.445048
220 184 21.354157
222 184 22.315914
224 184 23.323808
226 184 24.372115
228 184 25.455844
230 184 26.570661
232 184 27.712813
234 184 28.879058
236 184 30.066593
238 184 31.272992
240 184 32.496154
242 184 33.734256
244 184 34.985711
246 184 36.249138
248 184 37.523326
250 184 38.807216
252 184 40.099875
254 184 41.400483
256 184 42.708313
258 184 44.022721
260 184 45.343136
262 184 46.669048
264 184 48.000000
266 184 49.335586
268 184 50.675438
270 184 52.019227
272 184 53.366656
274 184 54.717456
276 184 56.071383
278 184 57.428216
280 184 58.787754
282 184 60.149813
284 184 61.514226
286 184 62.880840
288 184 64.249514
290 184 65.620119
292 184 66.992537
294 184 68.366659
296 184 69.742383
298 184 71.119618
300 184 72.498276
302 184 73.878278
304 184 75.259551
306 184 76.642025
308 184 78.025637
310 184 79.410327
312 184 80.796040
314 184 82.182723
316 184 83.570330
318 184 84.958814
320 184 86.348133
322 184 87.738247
324 184 89.129120
326 184 90.520716
328 184 91.913002
330 184 93.305948
332 184 94.699525
334 184 96.093704
336 184 97.488461
338 184 98.883770
340 184 100.279609
342 184 101.675956
344 184 103.072790
346 184 104.470091
348 184 105.867842
350 184 107.266024
352 184 108.664622
354 184 110.063618
356 184 111.462998
358 184 112.862749
360 184 114.262855
362 184 115.663304
364 184 117.064085
366 184 118.465185
368 184 119.866593
370 184 121.268298
372 184 122.670290
374 184 124.072559
376 184 125.475097
378 184 126.877894
380 184 128.280942
382 184 129.684232
384 184 131.087757
386 184 132.491509
388 184 133.895482
390 184 135.299667
392 184 136.704060
394 184 138.108653
396 184 139.513440
398 184 140.918416
0 186 142.112631
2 186 140.705366
4 186 139.298241
6 186 137.891262
8 186 136.484431
10 186 135.077755
12 186 133.671238
14 186 132.264886
16 186 130.858702
18 186 129.452694
20 186 128.046866
22 186 126.641226
24 186 125.235778
26 186 123.830529
28 186 122.425488
30 186 121.020659
32 186 119.616052
34 186 118.211675
36 186 116.807534
38 186 115.403639
40 186 114.000000
42 186 112.596625
44 186 111.193525
46 186 109.790710
48 186 108.388191
50 186 106.985980
52 186 105.584090
54 186 104.182532
56 186 102.781321
58 186 101.380471
60 186 99.979998
62 186 98.579917
64 186 97.180245
66 186 95.781000
68 186 94.382202
70 186 92.983870
72 186 91.586025
74 186 90.188691
76 186 88.791892
78 186 87.395652
80 186 86.000000
82 186 84.604964
84 186 83.210576
86 186 81.816869
88 186 80.423877
90 186 79.031639
92 186 77.640196
94 186 76.249590
96 186 74.859869
98 186 73.471083
100 186 72.083285
102 186 70.696535
104 186 69.310894
106 186 67.926431
108 186 66.543219
110 186 65.161338
112 186 63.780875
114 186 62.401923
116 186 61.024585
118 186 59.648973
120 186 58.275209
122 186 56.903427
124 186 55.533774
126 186 54.166410
128 186 52.801515
130 186 51.439285
132 186 50.079936
134 186 48.723711
136 186 47.370877
138 186 46.021734
140 186 44.676616
142 186 43.335897
144 186 42.000000
146 186 40.669399
148 186 39.344631
150 186 38.026307
152 186 36.715120
154 186 35.411862
156 186 34.117444
158 186 32.832910
160 186 31.559468
162 186 30.298515
164 186 29.051678
166 186 27.820855
168 186 26.608269
170 186 25.416530
172 186 24.248711
174 186 23.108440
176 186 22.000000
178 186 20.928450
180 186 19.899749
182 186 18.920888
184 186 18.000000
186 186 17.146428
188 186 16.370706
190 186 15.684387
192 186 15.099669
194 186 14.628739
196 186 14.282857
198 186 14.071247
200 186 14.000000
202 186 14.071247
204 186 14.282857
206 186 14.628739
208 186 15.099669
210 186 15.684387
212 186 16.370706
214 186 17.146428
216 186 18.000000
218 186 18.920888
220 186 19.899749
222 186 20.928450
224 186 22.000000
226 186 23.108440
228 186 24.248711
230 186 25.416530
232 186 26.608269
234 186 27.820855
236 186 29.051678
238 186 30.298515
240 186 31.559468
242 186 32.832910
244 186 34.117444
246 186 35.411862
248 186 36.715120
250 186 38.026307
252 186 39.344631
254 186 40.669399
256 186 42.000000
258 186 43.335897
260 186 44.676616
262 186 46.021734
264 186 47.370877
266 186 48.723711
268 186 50.079936
270 186 51.439285
272 186 52.801515
274 186 54.166410
276 186 55.533774
278 186 56.903427
280 186 58.275209
282 186 59.648973
284 186 61.024585
286 186 62.401923
288 186 63.780875
290 186 65.161338
292 186 66.543219
294 186 67.926431
296 186 69.310894
298 186 70.696535
300 186 72.083285
302 186 73.471083
304 186 74.859869
306 186 76.249590
308 186 77.640196
310 186 79.031639
312 186 80.423877
314 186 81.816869
316 186 83.210576
318 186 84.604964
320 186 86.000000
322 186 87.395652
324 186 88.791892
326 186 90.188691
328 186 91.586025
330 186 92.983870
332 186 94.382202
334 186 95.781000
336 186 97.180245
338 186 98.579917
340 186 99.979998
342 186 101.380471
344 186 102.781321
346 186 104.182532
348 186 105.584090
350 186 106.985980
352 186 108.388191
354 186 109.790710
356 186 111.193525
358 186 112.596625
360 186 114.000000
362 186 115.403639
364 186 116.807534
366 186 118.211675
368 186 119.616052
370 186 121.020659
372 186 122.425488
374 186 123.830529
376 186 125.235778
378 186 126.641226
380 186 128.046866
382 186 129.452694
384 186 130.858702
386 186 132.264886
388 186 133.671238
390 186 135.077755
392 186 136.484431
394 186 137.891262
396 186 139.298241
398 186 140.705366
0 188 141.929560
2 188 140.520461
4 188 139.111466
6 188 137.702578
8 188 136.293800
10 188 134.885136
12 188 133.476590
14 188 132.068164
16 188 130.659864
18 188 129.251692
20 188 127.843655
22 188 126.435754
24 188 125.027997
26 188 123.620387
28 188 122.212929
30 188 120.805629
32 188 119.398492
34 188 117.991525
36 188 116.584733
38 188 115.178123
40 188 113.771701
42 188 112.365475
44 188 110.959452
46 188 109.553640
48 188 108.148047
50 188 106.742681
52 188 105.337553
54 188 103.932671
56 188 102.528045
58 188 101.123687
60 188 99.719607
62 188 98.315818
64 188 96.912332
66 188 95.509162
68 188 94.106323
70 188 92.703829
72 188 91.301698
74 188 89.899944
76 188 88.498588
78 188 87.097646
80 188 85.697141
82 188 84.297094
84 188 82.897527
86 188 81.498466
88 188 80.099938
90 188 78.701969
92 188 77.304592
94 188 75.907839
96 188 74.511744
98 188 73.116346
100 188 71.721684
102 188 70.327804
104 188 68.934752
106 188 67.542579
108 188 66.151342
110 188 64.761099
112 188 63.371918
114 188 61.983869
116 188 60.597030
118 188 59.211485
120 188 57.827329
122 188 56.444663
124 188 55.063600
126 188 53.684262
128 188 52.306787
130 188 50.931326
132 188 49.558047
134 188 48.187135
136 188 46.818800
138 188 45.453273
140 188 44.090815
142 188 42.731721
144 188 41.376322
146 188 40.024992
148 188 38.678159
150 188 37.336309
152 188 36.000000
154 188 34.669872
156 188 33.346664
158 188 32.031235
160 188 30.724583
162 188 29.427878
164 188 28.142495
166 188 26.870058
168 188 25.612497
170 188 24.372115
172 188 23.151674
174 188 21.954498
176 188 20.784610
178 188 19.646883
180 188 18.547237
182 188 17.492856
184 188 16.492423
186 188 15.556349
188 188 14.696938
190 188 13.928388
192 188 13.266499
194 188 12.727922
196 188 12.328828
198 188 12.083046
200 188 12.000000
202 188 12.083046
204 188 12.328828
206 188 12.727922
208 188 13.266499
210 188 13.928388
212 188 14.696938
214 188 15.556349
216 188 16.492423
218 188 17.492856
220 188 18.547237
222 188 19.646883
224 188 20.784610
226 188 21.954498
228 188 23.151674
230 188 24.372115
232 188 25.612497
234 188 26.870058
236 188 28.142495
238 188 29.427878
240 188 30.724583
242 188 32.031235
244 188 33.346664
246 188 34.669872
248 188 36.000000
250 188 37.336309
252 188 38.678159
254 188 40.024992
256 188 41.376322
258 188 42.731721
260 188 44.090815
262 188 45.453273
264 188 46.818800
266 188 48.187135
268 188 49.558047
270 188 50.931326
272 188 52.306787
274 188 53.684262
276 188 55.063600
278 188 56.444663
280 188 57.827329
282 188 59.211485
284 188 60.597030
286 188 61.983869
288 188 63.371918
290 188 64.761099
292 188 66.151342
294 188 67.542579
296 188 68.934752
298 188 70.327804
300 188 71.721684
302 188 73.116346
304 188 74.511744
306 188 75.907839
308 188 77.304592
310 188 78.701969
312 188 80.099938
314 188 81.498466
316 188 82.897527
318 188 84.297094
320 188 85.697141
322 188 87.097646
324 188 88.498588
326 188 89.899944
328 188 91.301698
330 188 92.703829
332 188 94.106323
334 188 95.509162
336 188 96.912332
338 188 98.315818
340 188 99.719607
342 188 101.123687
344 188 102.528045
346 188 103.932671
348 188 105.337553
350 188 106.742681
352 188 108.148047
354 188 109.553640
356 188 110.959452
358 188 112.365475
360 188 113.771701
362 188 115.178123
364 188 116.584733
366 188 117.991525
368 188 119.398492
370 188 120.805629
372 188 122.212929
374 188 123.620387
376 188 125.027997
378 188 126.435754
380 188 127.843655
382 188 129.251692
384 188 130.659864
386 188 132.068164
388 188 133.476590
390 188 134.885136
392 188 136.293800
394 188 137.702578
396 188 139.111466
398 188 140.520461
0 190 141.774469
2 190 140.363813
4 190 138.953230
6 190 137.542721
8 190 136.132289
10 190 134.721936
12 190 133.311665
14 190 131.901478
16 190 130.491379
18 190 129.081370
20 190 127.671453
22 190 126.261633
24 190 124.851912
26 190 123.442294
28 190 122.032782
30 190 120.623381
32 190 119.214093
34 190 117.804923
36 190 116.395876
38 190 114.986956
40 190 113.578167
42 190 112.169515
44 190 110.761004
46 190 109.352641
48 190 107.944430
50 190 106.536379
52 190 105.128493
54 190 103.720779
56 190 102.313244
58 190 100.905897
60 190 99.498744
62 190 98.091794
64 190 96.685056
66 190 95.278539
68 190 93.872254
70 190 92.466210
72 190 91.060420
74 190 89.654894
76 190 88.249646
78 190 86.844689
80 190 85.440037
82 190 84.035707
84 190 82.631713
86 190 81.228074
88 190 79.824808
90 190 78.421936
92 190 77.019478
94 190 75.617458
96 190 74.215901
98 190 72.814834
100 190 71.414284
102 190 70.014284
104 190 68.614867
106 190 67.216070
108 190 65.817931
110 190 64.420494
112 190 63.023805
114 190 61.627916
116 190 60.232881
118 190 58.838763
120 190 57.445626
122 190 56.053546
124 190 54.662601
126 190 53.272882
128 190 51.884487
130 190 50.497525
132 190 49.112117
134 190 47.728398
136 190 46.346521
138 190 44.966654
140 190 43.588989
142 190 42.213742
144 190 40.841156
146 190 39.471509
148 190 38.105118
150 190 36.742346
152 190 35.383612
154 190 34.029399
156 190 32.680269
158 190 31.336879
160 190 30.000000
162 190 28.670542
164 190 27.349589
166 190 26.038433
168 190 24.738634
170 190 23.452079
172 190 22.181073
174 190 20.928450
176 190 19.697716
178 190 18.493242
180 190 17.320508
182 190 16.186414
184 190 15.099669
186 190 14.071247
188 190 13.114877
190 190 12.247449
192 190 11.489125
194 190 10.862780
196 190 10.392305
198 190 10.099505
200 190 10.000000
202 190 10.099505
204 190 10.392305
206 190 10.862780
208 190 11.489125
210 190 12.247449
212 190 13.114877
214 190 14.071247
216 190 15.099669
218 190 16.186414
220 190 17.320508
222 190 18.493242
224 190 19.697716
226 190 20.928450
228 190 22.181073
230 190 23.452079
232 190 24.738634
234 190 26.038433
236 190 27.349589
238 190 28.670542
240 190 30.000000
242 190 31.336879
244 190 32.680269
246 190 34.029399
248 190 35.383612
250 190 36.742346
252 190 38.105118
254 190 39.471509
256 190 40.841156
258 190 42.213742
260 190 43.588989
262 190 44.966654
264 190 46.346521
266 190 47.728398
268 190 49.112117
270 190 50.497525
272 190 51.884487
274 190 53.272882
276 190 54.662601
278 190 56.053546
280 190 57.445626
282 190 58.838763
284 190 60.232881
286 190 61.627916
288 190 63.023805
290 190 64.420494
292 190 65.817931
294 190 67.216070
296 190 68.614867
298 190 70.014284
300 190 71.414284
302 190 72.814834
304 190 74.215901
306 190 75.617458
308 190 77.019478
310 190 78.421936
312 190 79.824808
314 190 81.228074
316 190 82.631713
318 190 84.035707
320 190 85.440037
322 190 86.844689
324 190 88.249646
326 190 89.654894
328 190 91.060420
330 190 92.466210
332 190 93.872254
334 190 95.278539
336 190 96.685056
338 190 98.091794
340 190 99.498744
342 190 100.905897
344 190 102.313244
346 190 103.720779
348 190 105.128493
350 190 106.536379
352 190 107.944430
354 190 109.352641
356 190 110.761004
358 190 112.169515
360 190 113.578167
362 190 114.986956
364 190 116.395876
366 190 117.804923
368 190 119.214093
370 190 120.623381
372 190 122.032782
374 190 123.442294
376 190 124.851912
378 190 126.261633
380 190 127.671453
382 190 129.081370
384 190 130.491379
386 190 131.901478
388 190 133.311665
390 190 134.721936
392 190 136.132289
394 190 137.542721
396 190 138.953230
398 190 140.363813
0 192 141.647450
2 192 140.235516
4 192 138.823629
6 192 137.411790
8 192 136.000000
10 192 134.588261
12 192 133.176575
14 192 131.764942
16 192 130.353366
18 192 128.941847
20 192 127.530389
22 192 126.118991
24 192 124.707658
26 192 123.296391
28 192 121.885192
30 192 120.474064
32 192 119.063009
34 192 117.652029
36 192 116.241129
38 192 114.830310
40 192 113.419575
42 192 112.008928
44 192 110.598373
46 192 109.187911
48 192 107.777549
50 192 106.367288
52 192 104.957134
54 192 103.547091
56 192 102.137163
58 192 100.727355
60 192 99.317672
62 192 97.908120
64 192 96.498705
66 192 95.089432
68 192 93.680307
70 192 92.271339
72 192 90.862534
74 192 89.453899
76 192 88.045443
78 192 86.637174
80 192 85.229103
82 192 83.821238
84 192 82.413591
86 192 81.006173
88 192 79.598995
90 192 78.192071
92 192 76.785415
94 192 75.379042
96 192 73.972968
98 192 72.567210
100 192 71.161787
102 192 69.756720
104 192 68.352030
106 192 66.947741
108 192 65.543878
110 192 64.140471
112 192 62.737549
114 192 61.335145
116 192 59.933296
118 192 58.532043
120 192 57.131427
122 192 55.731499
124 192 54.332311
126 192 52.933921
128 192 51.536395
130 192 50.139805
132 192 48.744230
134 192 47.349762
136 192 45.956501
138 192 44.564560
140 192 43.174066
142 192 41.785165
144 192 40.398020
146 192 39.012818
148 192 37.629775
150 192 36.249138
152 192 34.871192
154 192 33.496268
156 192 32.124757
158 192 30.757113
160 192 29.393877
162 192 28.035692
164 192 26.683328
166 192 25.337719
168 192 24.000000
170 192 22.671568
172 192 21.354157
174 192 20.049938
176 192 18.761663
178 192 17.492856
180 192 16.248077
182 192 15.033296
184 192 13.856406
186 192 12.727922
188 192 11.661904
190 192 10.677078
192 192 9.797959
194 192 9.055385
196 192 8.485281
198 192 8.124038
200 192 8.000000
202 192 8.124038
204 192 8.485281
206 192 9.055385
208 192 9.797959
210 192 10.677078
212 192 11.661904
214 192 12.727922
216 192 13.856406
218 192 15.033296
220 192 16.248077
222 192 17.492856
224 192 18.761663
226 192 20.049938
228 192 21.354157
230 192 22.671568
232 192 24.000000
234 192 25.337719
236 192 26.683328
238 192 28.035692
240 192 29.393877
242 192 30.757113
244 192 32.124757
246 192 33.496268
248 192 34.871192
250 192 36.249138
252 192 37.629775
254 192 39.012818
256 192 40.398020
258 192 41.785165
260 192 43.174066
262 192 44.564560
264 192 45.956501
266 192 47.349762
268 192 48.744230
270 192 50.139805
272 192 51.536395
274 192 52.933921
276 192 54.332311
278 192 55.731499
280 192 57.131427
282 192 58.532043
284 192 59.933296
286 192 61.335145
288 192 62.737549
290 192 64.140471
292 192 65.543878
294 192 66.947741
296 192 68.352030
298 192 69.756720
300 192 71.161787
302 192 72.567210
304 192 73.972968
306 192 75.379042
308 192 76.785415
310 192 78.192071
312 192 79.598995
314 192 81.006173
316 192 82.413591
318 192 83.821238
320 192 85.229103
322 192 86.637174
324 192 88.045443
326 192 89.453899
328 192 90.862534
330 192 92.271339
332 192 93.680307
334 192 95.089432
336 192 96.498705
338 192 97.908120
340 192 99.317672
342 192 100.727355
344 192 102.137163
346 192 103.547091
348 192 104.957134
350 192 106.367288
352 192 107.777549
354 192 109.187911
356 192 110.598373
358 192 112.008928
360 192 113.419575
362 192 114.830310
364 192 116.241129
366 192 117.652029
368 192 119.063009
370 192 120.474064
372 192 121.885192
374 192 123.296391
376 192 124.707658
378 192 126.118991
380 192 127.530389
382 192 128.941847
384 192 130.353366
386 192 131.764942
388 192 133.176575
390 192 134.588261
392 192 136.000000
394 192 137.411790
396 192 138.823629
398 192 140.235516
0 194 141.548578
2 194 140.135649
4 194 138.722745
6 194 137.309869
8 194 135.897020
10 194 134.484200
12 194 133.071409
14 194 131.658650
16 194 130.245921
18 194 128.833226
20 194 127.420563
22 194 126.007936
24 194 124.595345
26 194 123.182791
28 194 121.770276
30 194 120.357800
32 194 118.945366
34 194 117.532974
36 194 116.120627
38 194 114.708326
40 194 113.296072
42 194 111.883868
44 194 110.471716
46 194 109.059617
48 194 107.647573
50 194 106.235587
52 194 104.823661
54 194 103.411798
56 194 102.000000
58 194 100.588270
60 194 99.176610
62 194 97.765024
64 194 96.353516
66 194 94.942088
68 194 93.530744
70 194 92.119488
72 194 90.708324
74 194 89.297256
76 194 87.886290
78 194 86.475430
80 194 85.064681
82 194 83.654050
84 194 82.243541
86 194 80.833162
88 194 79.422919
90 194 78.012819
92 194 76.602872
94 194 75.193085
96 194 73.783467
98 194 72.374028
100 194 70.964780
102 194 69.555733
104 194 68.146900
106 194 66.738295
108 194 65.329932
110 194 63.921827
112 194 62.513998
114 194 61.106464
116 194 59.699246
118 194 58.292367
120 194 56.885851
122 194 55.479726
124 194 54.074023
126 194 52.668776
128 194 51.264022
130 194 49.859803
132 194 48.456166
134 194 47.053161
136 194 45.650849
138 194 44.249294
140 194 42.848571
142 194 41.448764
144 194 40.049969
146 194 38.652296
148 194 37.255872
150 194 35.860842
152 194 34.467376
154 194 33.075671
156 194 31.685959
158 194 30.298515
160 194 28.913665
162 194 27.531800
164 194 26.153394
166 194 24.779023
168 194 23.409400
170 194 22.045408
172 194 20.688161
174 194 19.339080
176 194 18.000000
178 194 16.673332
180 194 15.362291
182 194 14.071247
184 194 12.806248
186 194 11.575837
188 194 10.392305
190 194 9.273618
192 194 8.246211
194 194 7.348469
196 194 6.633250
198 194 6.164414
200 194 6.000000
202 194 6.164414
204 194 6.633250
206 194 7.348469
208 194 8.246211
210 194 9.273618
212 194 10.392305
214 194 11.575837
216 194 12.806248
218 194 14.071247
220 194 15.362291
222 194 16.673332
224 194 18.000000
226 194 19.339080
228 194 20.688161
230 194 22.045408
232 194 23.409400
234 194 24.779023
236 194 26.153394
238 194 27.531800
240 194 28.913665
242 194 30.298515
244 194 31.685959
246 194 33.075671
248 194 34.467376
250 194 35.860842
252 194 37.255872
254 194 38.652296
256 194 40.049969
258 194 41.448764
260 194 42.848571
262 194 44.249294
264 194 45.650849
266 194 47.053161
268 194 48.456166
270 194 49.859803
272 194 51.264022
274 194 52.668776
276 194 54.074023
278 194 55.479726
280 194 56.885851
282 194 58.292367
284 194 59.699246
286 194 61.106464
288 194 62.513998
290 194 63.921827
292 194 65.329932
294 194 66.738295
296 194 68.146900
298 194 69.555733
300 194 70.964780
302 194 72.374028
304 194 73.783467
306 194 75.193085
308 194 76.602872
310 194 78.012819
312 194 79.422919
314 194 80.833162
316 194 82.243541
318 194 83.654050
320 194 85.064681
322 194 86.475430
324 194 87.886290
326 194 89.297256
328 194 90.708324
330 194 92.119488
332 194 93.530744
334 194 94.942088
336 194 96.353516
338 194 97.765024
340 194 99.176610
342 194 100.588270
344 194 102.000000
346 194 103.411798
348 194 104.823661
350 194 106.235587
352 194 107.647573
354 194 109.059617
356 194 110.471716
358 194 111.883868
360 194 113.296072
362 194 114.708326
364 194 116.120627
366 194 117.532974
368 194 118.945366
370 194 120.357800
372 194 121.770276
374 194 123.182791
376 194 124.595345
378 194 126.007936
380 194 127.420563
382 194 128.833226
384 194 130.245921
386 194 131.658650
388 194 133.071409
390 194 134.484200
392 194 135.897020
394 194 137.309869
396 194 138.722745
398 194 140.135649
0 196 141.477913
2 196 140.064271
4 196 138.650640
6 196 137.237021
8 196 135.823415
10 196 134.409821
12 196 132.996241
14 196 131.582674
16 196 130.169121
18 196 128.755582
20 196 127.342059
22 196 125.928551
24 196 124.515059
26 196 123.101584
28 196 121.688126
30 196 120.274686
32 196 118.861264
34 196 117.447861
36 196 116.034478
38 196 114.621115
40 196 113.207774
42 196 111.794454
44 196 110.381158
46 196 108.967885
48 196 107.554637
50 196 106.141415
52 196 104.728220
54 196 103.315052
56 196 101.901914
58 196 100.488805
60 196 99.075729
62 196 97.662685
64 196 96.249675
66 196 94.836702
68 196 93.423766
70 196 92.010869
72 196 90.598013
74 196 89.185201
76 196 87.772433
78 196 86.359713
80 196 84.947042
82 196 83.534424
84 196 82.121861
86 196 80.709355
88 196 79.296910
90 196 77.884530
92 196 76.472217
94 196 75.059976
96 196 73.647811
98 196 72.235725
100 196 70.823725
102 196 69.411815
104 196 68.000000
106 196 66.588287
108 196 65.176683
110 196 63.765194
112 196 62.353829
114 196 60.942596
116 196 59.531504
118 196 58.120564
120 196 56.709788
122 196 55.299186
124 196 53.888774
126 196 52.478567
128 196 51.068581
130 196 49.658836
132 196 48.249352
134 196 46.840154
136 196 45.431267
138 196 44.022721
140 196 42.614552
142 196 41.206796
144 196 39.799497
146 196 38.392708
148 196 36.986484
150 196 35.580894
152 196 34.176015
154 196 32.771939
156 196 31.368774
158 196 29.966648
160 196 28.565714
162 196 27.166155
164 196 25.768197
166 196 24.372115
168 196 22.978251
170 196 21.587033
172 196 20.199010
174 196 18.814888
176 196 17.435596
178 196 16.062378
180 196 14.696938
182 196 13.341664
184 196 12.000000
186 196 10.677078
188 196 9.380832
190 196 8.124038
192 196 6.928203
194 196 5.830952
196 196 4.898979
198 196 4.242641
200 196 4.000000
202 196 4.242641
204 196 4.898979
206 196 5.830952
208 196 6.928203
210 196 8.124038
212 196 9.380832
214 196 10.677078
216 196 12.000000
218 196 13.341664
220 196 14.696938
222 196 16.062378
224 196 17.435596
226 196 18.814888
228 196 20.199010
230 196 21.587033
232 196 22.978251
234 196 24.372115
236 196 25.768197
238 196 27.166155
240 196 28.565714
242 196 29.966648
244 196 31.368774
246 196 32.771939
248 196 34.176015
250 196 35.580894
252 196 36.986484
254 196 38.392708
256 196 39.799497
258 196 41.206796
260 196 42.614552
262 196 44.022721
264 196 45.431267
266 196 46.840154
268 196 48.249352
270 196 49.658836
272 196 51.068581
274 196 52.478567
276 196 53.888774
278 196 55.299186
280 196 56.709788
282 196 58.120564
284 196 59.531504
286 196 60.942596
288 196 62.353829
290 196 63.765194
292 196 65.176683
294 196 66.588287
296 196 68.000000
298 196 69.411815
300 196 70.823725
302 196 72.235725
304 196 73.647811
306 196 75.059976
308 196 76.472217
310 196 77.884530
312 196 79.296910
314 196 80.709355
316 196 82.121861
318 196 83.534424
320 196 84.947042
322 196 86.359713
324 196 87.772433
326 196 89.185201
328 196 90.598013
330 196 92.010869
332 196 93.423766
334 196 94.836702
336 196 96.249675
338 196 97.662685
340 196 99.075729
342 196 100.488805
344 196 101.901914
346 196 103.315052
348 196 104.728220
350 196 106.141415
352 196 107.554637
354 196 108.967885
356 196 110.381158
358 196 111.794454
360 196 113.207774
362 196 114.621115
364 196 116.034478
366 196 117.447861
368 196 118.861264
370 196 120.274686
372 196 121.688126
374 196 123.101584
376 196 124.515059
378 196 125.928551
380 196 127.342059
382 196 128.755582
384 196 130.169121
386 196 131.582674
388 196 132.996241
390 196 134.409821
392 196 135.823415
394 196 137.237021
396 196 138.650640
398 196 140.064271
0 198 141.435498
2 198 140.021427
4 198 138.607359
6 198 137.193294
8 198 135.779233
10 198 134.365174
12 198 132.951119
14 198 131.537067
16 198 130.123019
18 198 128.708974
20 198 127.294933
22 198 125.880896
24 198 124.466863
26 198 123.052834
28 198 121.638810
30 198 120.224789
32 198 118.810774
34 198 117.396763
36 198 115.982757
38 198 114.568757
40 198 113.154761
42 198 111.740771
44 198 110.326787
46 198 108.912809
48 198 107.498837
50 198 106.084872
52 198 104.670913
54 198 103.256961
56 198 101.843016
58 198 100.429079
60 198 99.015150
62 198 97.601230
64 198 96.187317
66 198 94.773414
68 198 93.359520
70 198 91.945636
72 198 90.531762
74 198 89.117899
76 198 87.704048
78 198 86.290208
80 198 84.876381
82 198 83.462566
84 198 82.048766
86 198 80.634980
88 198 79.221209
90 198 77.807455
92 198 76.393717
94 198 74.979997
96 198 73.566297
98 198 72.152616
100 198 70.738957
102 198 69.325320
104 198 67.911707
106 198 66.498120
108 198 65.084560
110 198 63.671030
112 198 62.257530
114 198 60.844063
116 198 59.430632
118 198 58.017239
120 198 56.603887
122 198 55.190579
124 198 53.777319
126 198 52.364110
128 198 50.950957
130 198 49.537864
132 198 48.124838
134 198 46.711883
136 198 45.299007
138 198 43.886217
140 198 42.473521
142 198 41.060930
144 198 39.648455
146 198 38.236109
148 198 36.823905
150 198 35.411862
152 198 34.000000
154 198 32.588341
156 198 31.176915
158 198 29.765752
160 198 28.354894
162 198 26.944387
164 198 25.534291
166 198 24.124676
168 198 22.715633
170 198 21.307276
172 198 19.899749
174 198 18.493242
176 198 17.088007
178 198 15.684387
180 198 14.282857
182 198 12.884099
184 198 11.489125
186 198 10.099505
188 198 8.717798
190 198 7.348469
192 198 6.000000
194 198 4.690416
196 198 3.464102
198 198 2.449490
200 198 2.000000
202 198 2.449490
204 198 3.464102
206 198 4.690416
208 198 6.000000
210 198 7.348469
212 198 8.717798
214 198 10.099505
216 198 11.489125
218 198 12.884099
220 198 14.282857
222 198 15.684387
224 198 17.088007
226 198 18.493242
228 198 19.899749
230 198 21.307276
232 198 22.715633
234 198 24.124676
236 198 25.534291
238 198 26.944387
240 198 28.354894
242 198 29.765752
244 198 31.176915
246 198 32.588341
248 198 34.000000
250 198 35.411862
252 198 36.823905
254 198 38.236109
256 198 39.648455
258 198 41.060930
260 198 42.473521
262 198 43.886217
264 198 45.299007
266 198 46.711883
268 198 48.124838
270 198 49.537864
272 198 50.950957
274 198 52.364110
276 198 53.777319
278 198 55.190579
280 198 56.603887
282 198 58.017239
284 198 59.430632
286 198 60.844063
288 198 62.257530
290 198 63.671030
292 198 65.084560
294 198 66.498120
296 198 67.911707
298 198 69.325320
300 198 70.738957
302 198 72.152616
304 198 73.566297
306 198 74.979997
308 198 76.393717
310 198 77.807455
312 198 79.221209
314 198 80.634980
316 198 82.048766
318 198 83.462566
320 198 84.876381
322 198 86.290208
324 198 87.704048
326 198 89.117899
328 198 90.531762
330 198 91.945636
332 198 93.359520
334 198 94.773414
336 198 96.187317
338 198 97.601230
340 198 99.015150
342 198 100.429079
344 198 101.843016
346 198 103.256961
348 198 104.670913
350 198 106.084872
352 198 107.498837
354 198 108.912809
356 198 110.326787
358 198 111.740771
360 198 113.154761
362 198 114.568757
364 198 115.982757
366 198 117.396763
368 198 118.810774
370 198 120.224789
372 198 121.638810
374 198 123.052834
376 198 124.466863
378 198 125.880896
380 198 127.294933
382 198 128.708974
384 198 130.123019
386 198 131.537067
388 198 132.951119
390 198 134.365174
392 198 135.779233
394 198 137.193294
396 198 138.607359
398 198 140.021427
0 200 141.421356
2 200 140.007143
4 200 138.592929
6 200 137.178716
8 200 135.764502
10 200 134.350288
12 200 132.936075
14 200 131.521861
16 200 130.107648
18 200 128.693434
20 200 127.279221
22 200 125.865007
24 200 124.450793
26 200 123.036580
28 200 121.622366
30 200 120.208153
32 200 118.793939
34 200 117.379726
36 200 115.965512
38 200 114.551299
40 200 113.137085
42 200 111.722871
44 200 110.308658
46 200 108.894444
48 200 107.480231
50 200 106.066017
52 200 104.651804
54 200 103.237590
56 200 101.823376
58 200 100.409163
60 200 98.994949
62 200 97.580736
64 200 96.166522
66 200 94.752309
68 200 93.338095
70 200 91.923882
72 200 90.509668
74 200 89.095454
76 200 87.681241
78 200 86.267027
80 200 84.852814
82 200 83.438600
84 200 82.024387
86 200 80.610173
88 200 79.195959
90 200 77.781746
92 200 76.367532
94 200 74.953319
96 200 73.539105
98 200 72.124892
100 200 70.710678
102 200 69.296465
104 200 67.882251
106 200 66.468037
108 200 65.053824
110 200 63.639610
112 200 62.225397
114 200 60.811183
116 200 59.396970
118 200 57.982756
120 200 56.568542
122 200 55.154329
124 200 53.740115
126 200 52.325902
128 200 50.911688
130 200 49.497475
132 200 48.083261
134 200 46.669048
136 200 45.254834
138 200 43.840620
140 200 42.426407
142 200 41.012193
144 200 39.597980
146 200 38.183766
148 200 36.769553
150 200 35.355339
152 200 33.941125
154 200 32.526912
156 200 31.112698
158 200 29.698485
160 200 28.284271
162 200 26.870058
164 200 25.455844
166 200 24.041631
168 200 22.627417
170 200 21.213203
172 200 19.798990
174 200 18.384776
176 200 16.970563
178 200 15.556349
180 200 14.142136
182 200 12.727922
184 200 11.313708
186 200 9.899495
188 200 8.485281
190 200 7.071068
192 200 5.656854
194 200 4.242641
196 200 2.828427
198 200 1.414214
200 200 0.000000
202 200 1.414214
204 200 2.828427
206 200 4.242641
208 200 5.656854
210 200 7.071068
212 200 8.485281
214 200 9.899495
216 200 11.313708
218 200 12.727922
220 200 14.142136
222 200 15.556349
224 200 16.970563
226 200 18.384776
228 200 19.798990
230 200 21.213203
232 200 22.627417
234 200 24.041631
236 200 25.455844
238 200 26.870058
240 200 28.284271
242 200 29.698485
244 200 31.112698
246 200 32.526912
248 200 33.941125
250 200 35.355339
252 200 36.769553
254 200 38.183766
256 200 39.597980
258 200 41.012193
260 200 42.426407
262 200 43.840620
264 200 45.254834
266 200 46.669048
268 200 48.083261
270 200 49.497475
272 200 50.911688
274 200 52.325902
276 200 53.740115
278 200 55.154329
280 200 56.568542
282 200 57.982756
284 200 59.396970
286 200 60.811183
288 200 62.225397
290 200 63.639610
292 200 65.053824
294 200 66.468037
296 200 67.882251
298 200 69.296465
300 200 70.710678
302 200 72.124892
304 200 73.539105
306 200 74.953319
308 200 76.367532
310 200 77.781746
312 200 79.195959
314 200 80.610173
316 200 82.024387
318 200 83.438600
320 200 84.852814
322 200 86.267027
324 200 87.681241
326 200 89.095454
328 200 90.509668
330 200 91.923882
332 200 93.338095
334 200 94.752309
336 200 96.166522
338 200 97.580736
340 200 98.994949
342 200 100.409163
344 200 101.823376
346 200 103.237590
348 200 104.651804
350 200 106.066017
352 200 107.480231
354 200 108.894444
356 200 110.308658
358 200 111.722871
360 200 113.137085
362 200 114.551299
364 200 115.965512
366 200 117.379726
368 200 118.793939
370 200 120.208153
372 200 121.622366
374 200 123.036580
376 200 124.450793
378 200 125.865007
380 200 127.279221
382 200 128.693434
384 200 130.107648
386 200 131.521861
388 200 132.936075
390 200 134.350288
392 200 135.764502
394 200 137.178716
396 200 138.592929
398 200 140.007143
0 202 141.435498
2 202 140.021427
4 202 138.607359
6 202 137.193294
8 202 135.779233
10 202 134.365174
12 202 132.951119
14 202 131.537067
16 202 130.123019
18 202 128.708974
20 202 127.294933
22 202 125.880896
24 202 124.466863
26 202 123.052834
28 202 121.638810
30 202 120.224789
32 202 118.810774
34 202 117.396763
36 202 115.982757
38 202 114.568757
40 202 113.154761
42 202 111.740771
44 202 110.326787
46 202 108.912809
48 202 107.498837
50 202 106.084872
52 202 104.670913
54 202 103.256961
56 202 101.843016
58 202 100.429079
60 202 99.015150
62 202 97.601230
64 202 96.187317
66 202 94.773414
68 202 93.359520
70 202 91.945636
72 202 90.531762
74 202 89.117899
76 202 87.704048
78 202 86.290208
80 202 84.876381
82 202 83.462566
84 202 82.048766
86 202 80.634980
88 202 79.221209
90 202 77.807455
92 202 76.393717
94 202 74.979997
96 202 73.566297
98 202 72.152616
100 202 70.738957
102 202 69.325320
104 202 67.911707
106 202 66.498120
108 202 65.084560
110 202 63.671030
112 202 62.257530
114 202 60.844063
116 202 59.430632
118 202 58.017239
120 202 56.603887
122 202 55.190579
124 202 53.777319
126 202 52.364110
128 202 50.950957
130 202 49.537864
132 202 48.124838
134 202 46.711883
136 202 45.299007
138 202 43.886217
140 202 42.473521
142 202 41.060930
144 202 39.648455
146 202 38.236109
148 202 36.823905
150 202 35.411862
152 202 34.000000
154 202 32.588341
156 202 31.176915
158 202 29.765752
160 202 28.354894
162 202 26.944387
164 202 25.534291
166 202 24.124676
168 202 22.715633
170 202 21.307276
172 202 19.899749
174 202 18.493242
176 202 17.088007
178 202 15.684387
180 202 14.282857
182 202 12.884099
184 202 11.489125
186 202 10.099505
188 202 8.717798
190 202 7.348469
192 202 6.000000
194 202 4.690416
196 202 3.464102
198 202 2.449490
200 202 2.000000
202 202 2.449490
204 202 3.464102
206 202 4.690416
208 202 6.000000
210 202 7.348469
212 202 8.717798
214 202 10.099505
216 202 11.489125
218 202 12.884099
220 202 14.282857
222 202 15.684387
224 202 17.088007
226 202 18.493242
228 202 19.899749
230 202 21.307276
232 202 22.715633
234 202 24.124676
236 202 25.534291
238 202 26.944387
240 202 28.354894
242 202 29.765752
244 202 31.176915
246 202 32.588341
248 202 34.000000
250 202 35.411862
252 202 36.823905
254 202 38.236109
256 202 39.648455
258 202 41.060930
260 202 42.473521
262 202 43.886217
264 202 45.299007
266 202 46.711883
268 202 48.124838
270 202 49.537864
272 202 50.950957
274 202 52.364110
276 202 53.777319
278 202 55.190579
280 202 56.603887
282 202 58.017239
284 202 59.430632
286 202 60.844063
288 202 62.257530
290 202 63.671030
292 202 65.084560
294 202 66.498120
296 202 67.911707
298 202 69.325320
300 202 70.738957
302 202 72.152616
304 202 73.566297
306 202 74.979997
308 202 76.393717
310 202 77.807455
312 202 79.221209
314 202 80.634980
316 202 82.048766
318 202 83.462566
320 202 84.876381
322 202 86.290208
324 202 87.704048
326 202 89.117899
328 202 90.531762
330 202 91.945636
332 202 93.359520
334 202 94.773414
336 202 96.187317
338 202 97.601230
340 202 99.015150
342 202 100.429079
344 202 101.843016
346 202 103.256961
348 202 104.670913
350 202 106.084872
352 202 107.498837
354 202 108.912809
356 202 110.326787
358 202 111.740771
360 202 113.154761
362 202 114.568757
364 202 115.982757
366 202 117.396763
368 202 118.810774
370 202 120.224789
372 202 121.638810
374 202 123.052834
376 202 124.466863
378 202 125.880896
380 202 127.294933
382 202 128.708974
384 202 130.123019
386 202 131.537067
388 202 132.951119
390 202 134.365174
392 202 135.779233
394 202 137.193294
396 202 138.607359
398 202 140.021427
0 204 141.477913
2 204 140.064271
4 204 138.650640
6 204 137.237021
8 204 135.823415
10 204 134.409821
12 204 132.996241
14 204 131.582674
16 204 130.169121
18 204 128.755582
20 204 127.342059
22 204 125.928551
24 204 124.515059
26 204 123.101584
28 204 121.688126
30 204 120.274686
32 204 118.861264
34 204 117.447861
36 204 116.034478
38 204 114.621115
40 204 113.207774
42 204 111.794454
44 204 110.381158
46 204 108.967885
48 204 107.554637
50 204 106.141415
52 204 104.728220
54 204 103.315052
56 204 101.901914
58 204 100.488805
60 204 99.075729
62 204 97.662685
64 204 96.249675
66 204 94.836702
68 204 93.423766
70 204 92.010869
72 204 90.598013
74 204 89.185201
76 204 87.772433
78 204 86.359713
80 204 84.947042
82 204 83.534424
84 204 82.121861
86 204 80.709355
88 204 79.296910
90 204 77.884530
92 204 76.472217
94 204 75.059976
96 204 73.647811
98 204 72.235725
100 204 70.823725
102 204 69.411815
104 204 68.000000
106 204 66.588287
108 204 65.176683
110 204 63.765194
112 204 62.353829
114 204 60.942596
116 204 59.531504
118 204 58.120564
120 204 56.709788
122 204 55.299186
124 204 53.888774
126 204 52.478567
128 204 51.068581
130 204 49.658836
132 204 48.249352
134 204 46.840154
136 204 45.431267
138 204 44.022721
140 204 42.614552
142 204 41.206796
144 204 39.799497
146 204 38.392708
148 204 36.986484
150 204 35.580894
152 204 34.176015
154 204 32.771939
156 204 31.368774
158 204 29.966648
160 204 28.565714
162 204 27.166155
164 204 25.768197
166 204 24.372115
168 204 22.978251
170 204 21.587033
172 204 20.199010
174 204 18.814888
176 204 17.435596
178 204 16.062378
180 204 14.696938
182 204 13.341664
184 204 12.000000
186 204 10.677078
188 204 9.380832
190 204 8.124038
192 204 6.928203
194 204 5.830952
196 204 4.898979
198 204 4.242641
200 204 4.000000
202 204 4.242641
204 204 4.898979
206 204 5.830952
208 204 6.928203
210 204 8.124038
212 204 9.380832
214 204 10.677078
216 204 12.000000
218 204 13.341664
220 204 14.696938
222 204 16.062378
224 204 17.435596
226 204 18.814888
228 204 20.199010
230 204 21.587033
232 204 22.978251
234 204 24.372115
236 204 25.768197
238 204 27.166155
240 204 28.565714
242 204 29.966648
244 204 31.368774
246 204 32.771939
248 204 34.176015
250 204 35.580894
252 204 36.986484
254 204 38.392708
256 204 39.799497
258 204 41.206796
260 204 42.614552
262 204 44.022721
264 204 45.431267
266 204 46.840154
268 204 48.249352
270 204 49.658836
272 204 51.068581
274 204 52.478567
276 204 53.888774
278 204 55.299186
280 204 56.709788
282 204 58.120564
284 204 59.531504
286 204 60.942596
288 204 62.353829
290 204 63.765194
292 204 65.176683
294 204 66.588287
296 204 68.000000
298 204 69.411815
300 204 70.823725
302 204 72.235725
304 204 73.647811
306 204 75.059976
308 204 76.472217
310 204 77.884530
312 204 79.296910
314 204 80.709355
316 204 82.121861
318 204 83.534424
320 204 84.947042
322 204 86.359713
324 204 87.772433
326 204 89.185201
328 204 90.598013
330 204 92.010869
332 204 93.423766
334 204 94.836702
336 204 96.249675
338 204 97.662685
340 204 99.075729
342 204 100.488805
344 204 101.901914
346 204 103.315052
348 204 104.728220
350 204 106.141415
352 204 107.554637
354 204 108.967885
356 204 110.381158
358 204 111.794454
360 204 113.207774
362 204 114.621115
364 204 116.034478
366 204 117.447861
368 204 118.861264
370 204 120.274686
372 204 121.688126
374 204 123.101584
376 204 124.515059
378 204 125.928551
380 204 127.342059
382 204 128.755582
384 204 130.169121
386 204 131.582674
388 204 132.996241
390 204 134.409821
392 204 135.823415
394 204 137.237021
396 204 138.650640
398 204 140.064271
0 206 141.548578
2 206 140.135649
4 206 138.722745
6 206 137.309869
8 206 135.897020
10 206 134.484200
12 206 133.071409
14 206 131.658650
16 206 130.245921
18 206 128.833226
20 206 127.420563
22 206 126.007936
24 206 124.595345
26 206 123.182791
28 206 121.770276
30 206 120.357800
32 206 118.945366
34 206 117.532974
36 206 116.120627
38 206 114.708326
40 206 113.296072
42 206 111.883868
44 206 110.471716
46 206 109.059617
48 206 107.647573
50 206 106.235587
52 206 104.823661
54 206 103.411798
56 206 102.000000
58 206 100.588270
60 206 99.176610
62 206 97.765024
64 206 96.353516
66 206 94.942088
68 206 93.530744
70 206 92.119488
72 206 90.708324
74 206 89.297256
76 206 87.886290
78 206 86.475430
80 206 85.064681
82 206 83.654050
84 206 82.243541
86 206 80.833162
88 206 79.422919
90 206 78.012819
92 206 76.602872
94 206 75.193085
96 206 73.783467
98 206 72.374028
100 206 70.964780
102 206 69.555733
104 206 68.146900
106 206 66.738295
108 206 65.329932
110 206 63.921827
112 206 62.513998
114 206 61.106464
116 206 59.699246
118 206 58.292367
120 206 56.885851
122 206 55.479726
124 206 54.074023
126 206 52.668776
128 206 51.264022
130 206 49.859803
132 206 48.456166
134 206 47.053161
136 206 45.650849
138 206 44.249294
140 206 42.848571
142 206 41.448764
144 206 40.049969
146 206 38.652296
148 206 37.255872
150 206 35.860842
152 206 34.467376
154 206 33.075671
156 206 31.685959
158 206 30.298515
160 206 28.913665
162 206 27.531800
164 206 26.153394
166 206 24.779023
168 206 23.409400
170 206 22.045408
172 206 20.688161
174 206 19.339080
176 206 18.000000
178 206 16.673332
180 206 15.362291
182 206 14.071247
184 206 12.806248
186 206 11.575837
188 206 10.392305
190 206 9.273618
192 206 8.246211
194 206 7.348469
196 206 6.633250
198 206 6.164414
200 206 6.000000
202 206 6.164414
204 206 6.633250
206 206 7.348469
208 206 8.246211
210 206 9.273618
212 206 10.392305
214 206 11.575837
216 206 12.806248
218 206 14.071247
220 206 15.362291
222 206 16.673332
224 206 18.000000
226 206 19.339080
228 206 20.688161
230 206 22.045408
232 206 23.409400
234 206 24.779023
236 206 26.153394
238 206 27.531800
240 206 28.913665
242 206 30.298515
244 206 31.685959
246 206 33.075671
248 206 34.467376
250 206 35.860842
252 206 37.255872
254 206 38.652296
256 206 40.049969
258 206 41.448764
260 206 42.848571
262 206 44.249294
264 206 45.650849
266 206 47.053161
268 206 48.456166
270 206 49.859803
272 206 51.264022
274 206 52.668776
276 206 54.074023
278 206 55.479726
280 206 56.885851
282 206 58.292367
284 206 59.699246
286 206 61.106464
288 206 62.513998
290 206 63.921827
292 206 65.329932
294 206 66.738295
296 206 68.146900
298 206 69.555733
300 206 70.964780
302 206 72.374028
304 206 73.783467
306 206 75.193085
308 206 76.602872
310 206 78.012819
312 206 79.422919
314 206 80.833162
316 206 82.243541
318 206 83.654050
320 206 85.064681
322 206 86.475430
324 206 87.886290
326 206 89.297256
328 206 90.708324
330 206 92.119488
332 206 93.530744
334 206 94.942088
336 206 96.353516
338 206 97.765024
340 206 99.176610
342 206 100.588270
344 206 102.000000
346 206 103.411798
348 206 104.823661
350 206 106.235587
352 206 107.647573
354 206 109.059617
356 206 110.471716
358 206 111.883868
360 206 113.296072
362 206 114.708326
364 206 116.120627
366 206 117.532974
368 206 118.945366
370 206 120.357800
372 206 121.770276
374 206 123.182791
376 206 124.595345
378 206 126.007936
380 206 127.420563
382 206 128.833226
384 206 130.245921
386 206 131.658650
388 206 133.071409
390 206 134.484200
392 206 135.897020
394 206 137.309869
396 206 138.722745
398 206 140.135649
0 208 141.647450
2 208 140.235516
4 208 138.823629
6 208 137.411790
8 208 136.000000
10 208 134.588261
12 208 133.176575
14 208 131.764942
16 208 130.353366
18 208 128.941847
20 208 127.530389
22 208 126.118991
24 208 124.707658
26 208 123.296391
28 208 121.885192
30 208 120.474064
32 208 119.063009
34 208 117.652029
36 208 116.241129
38 208 114.830310
40 208 113.419575
42 208 112.008928
44 208 110.598373
46 208 109.187911
48 208 107.777549
50 208 106.367288
52 208 104.957134
54 208 103.547091
56 208 102.137163
58 208 100.727355
60 208 99.317672
62 208 97.908120
64 208 96.498705
66 208 95.089432
68 208 93.680307
70 208 92.271339
72 208 90.862534
74 208 89.453899
76 208 88.045443
78 208 86.637174
80 208 85.229103
82 208 83.821238
84 208 82.413591
86 208 81.006173
88 208 79.598995
90 208 78.192071
92 208 76.785415
94 208 75.379042
96 208 73.972968
98 208 72.567210
100 208 71.161787
102 208 69.756720
104 208 68.352030
106 208 66.947741
108 208 65.543878
110 208 64.140471
112 208 62.737549
114 208 61.335145
116 208 59.933296
118 208 58.532043
120 208 57.131427
122 208 55.731499
124 208 54.332311
126 208 52.933921
128 208 51.536395
130 208 50.139805
132 208 48.744230
134 208 47.349762
136 208 45.956501
138 208 44.564560
140 208 43.174066
142 208 41.785165
144 208 40.398020
146 208 39.012818
148 208 37.629775
150 208 36.249138
152 208 34.871192
154 208 33.496268
156 208 32.124757
158 208 30.757113
160 208 29.393877
162 208 28.035692
164 208 26.683328
166 208 25.337719
168 208 24.000000
170 208 22.671568
172 208 21.354157
174 208 20.049938
176 208 18.761663
178 208 17.492856
180 208 16.248077
182 208 15.033296
184 208 13.856406
186 208 12.727922
188 208 11.661904
190 208 10.677078
192 208 9.797959
194 208 9.055385
196 208 8.485281
198 208 8.124038
200 208 8.000000
202 208 8.124038
204 208 8.485281
206 208 9.055385
208 208 9.797959
210 208 10.677078
212 208 11.661904
214 208 12.727922
216 208 13.856406
218 208 15.033296
220 208 16.248077
222 208 17.492856
224 208 18.761663
226 208 20.049938
228 208 21.354157
230 208 22.671568
232 208 24.000000
234 208 25.337719
236 208 26.683328
238 208 28.035692
240 208 29.393877
242 208 30.757113
244 208 32.124757
246 208 33.496268
248 208 34.871192
250 208 36.249138
252 208 37.629775
254 208 39.012818
256 208 40.398020
258 208 41.785165
260 208 43.174066
262 208 44.564560
264 208 45.956501
266 208 47.349762
268 208 48.744230
270 208 50.139805
272 208 51.536395
274 208 52.933921
276 208 54.332311
278 208 55.731499
280 208 57.131427
282 208 58.532043
284 208 59.933296
286 208 61.335145
288 208 62.737549
290 208 64.140471
292 208 65.543878
294 208 66.947741
296 208 68.352030
298 208 69.756720
300 208 71.161787
302 208 72.567210
304 208 73.972968
306 208 75.379042
308 208 76.785415
310 208 78.192071
312 208 79.598995
314 208 81.006173
316 208 82.413591
318 208 83.821238
320 208 85.229103
322 208 86.637174
324 208 88.045443
326 208 89.453899
328 208 90.862534
330 208 92.271339
332 208 93.680307
334 208 95.089432
336 208 96.498705
338 208 97.908120
340 208 99.317672
342 208 100.727355
344 208 102.137163
346 208 103.547091
348 208 104.957134
350 208 106.367288
352 208 107.777549
354 208 109.187911
356 208 110.598373
358 208 112.008928
360 208 113.419575
362 208 114.830310
364 208 116.241129
366 208 117.652029
368 208 119.063009
370 208 120.474064
372 208 121.885192
374 208 123.296391
376 208 124.707658
378 208 126.118991
380 208 127.530389
382 208 128.941847
384 208 130.353366
386 208 131.764942
388 208 133.176575
390 208 134.588261
392 208 136.000000
394 208 137.411790
396 208 138.823629
398 208 140.235516
0 210 141.774469
2 210 140.363813
4 210 138.953230
6 210 137.542721
8 210 136.132289
10 210 134.721936
12 210 133.311665
14 210 131.901478
16 210 130.491379
18 210 129.081370
20 210 127.671453
22 210 126.261633
24 210 124.851912
26 210 123.442294
28 210 122.032782
30 210 120.623381
32 210 119.214093
34 210 117.804923
36 210 116.395876
38 210 114.986956
40 210 113.578167
42 210 112.169515
44 210 110.761004
46 210 109.352641
48 210 107.944430
50 210 106.536379
52 210 105.128493
54 210 103.720779
56 210 102.313244
58 210 100.905897
60 210 99.498744
62 210 98.091794
64 210 96.685056
66 210 95.278539
68 210 93.872254
70 210 92.466210
72 210 91.060420
74 210 89.654894
76 210 88.249646
78 210 86.844689
80 210 85.440037
82 210 84.035707
84 210 82.631713
86 210 81.228074
88 210 79.824808
90 210 78.421936
92 210 77.019478
94 210 75.617458
96 210 74.215901
98 210 72.814834
100 210 71.414284
102 210 70.014284
104 210 68.614867
106 210 67.216070
108 210 65.817931
110 210 64.420494
112 210 63.023805
114 210 61.627916
116 210 60.232881
118 210 58.838763
120 210 57.445626
122 210 56.053546
124 210 54.662601
126 210 53.272882
128 210 51.884487
130 210 50.497525
132 210 49.112117
134 210 47.728398
136 210 46.346521
138 210 44.966654
140 210 43.588989
142 210 42.213742
144 210 40.841156
146 210 39.471509
148 210 38.105118
150 210 36.742346
152 210 35.383612
154 210 34.029399
156 210 32.680269
158 210 31.336879
160 210 30.000000
162 210 28.670542
164 210 27.349589
166 210 26.038433
168 210 24.738634
170 210 23.452079
172 210 22.181073
174 210 20.928450
176 210 19.697716
178 210 18.493242
180 210 17.320508
182 210 16.186414
184 210 15.099669
186 210 14.071247
188 210 13.114877
190 210 12.247449
192 210 11.489125
194 210 10.862780
196 210 10.392305
198 210 10.099505
200 210 10.000000
202 210 10.099505
204 210 10.392305
206 210 10.862780
208 210 11.489125
210 210 12.247449
212 210 13.114877
214 210 14.071247
216 210 15.099669
218 210 16.186414
220 210 17.320508
222 210 18.493242
224 210 19.697716
226 210 20.928450
228 210 22.181073
230 210 23.452079
232 210 24.738634
234 210 26.038433
236 210 27.349589
238 210 28.670542
240 210 30.000000
242 210 31.336879
244 210 32.680269
246 210 34.029399
248 210 35.383612
250 210 36.742346
252 210 38.105118
254 210 39.471509
256 210 40.841156
258 210 42.213742
260 210 43.588989
262 210 44.966654
264 210 46.346521
266 210 47.728398
268 210 49.112117
270 210 50.497525
272 210 51.884487
274 210 53.272882
276 210 54.662601
278 210 56.053546
280 210 57.445626
282 210 58.838763
284 210 60.232881
286 210 61.627916
288 210 63.023805
290 210 64.420494
292 210 65.817931
294 210 67.216070
296 210 68.614867
298 210 70.014284
300 210 71.414284
302 210 72.814834
304 210 74.215901
306 210 75.617458
308 210 77.019478
310 210 78.421936
312 210 79.824808
314 210 81.228074
316 210 82.631713
318 210 84.035707
320 210 85.440037
322 210 86.844689
324 210 88.249646
326 210 89.654894
328 210 91.060420
330 210 92.466210
332 210 93.872254
334 210 95.278539
336 210 96.685056
338 210 98.091794
340 210 99.498744
342 210 100.905897
344 210 102.313244
346 210 103.720779
348 210 105.128493
350 210 106.536379
352 210 107.944430
354 210 109.352641
356 210 110.761004
358 210 112.169515
360 210 113.578167
362 210 114.986956
364 210 116.395876
366 210 117.804923
368 210 119.214093
370 210 120.623381
372 210 122.032782
374 210 123.442294
376 210 124.851912
378 210 126.261633
380 210 127.671453
382 210 129.081370
384 210 130.491379
386 210 131.901478
388 210 133.311665
390 210 134.721936
392 210 136.132289
394 210 137.542721
396 210 138.953230
398 210 140.363813
0 212 141.929560
2 212 140.520461
4 212 139.111466
6 212 137.702578
8 212 136.293800
10 212 134.885136
12 212 133.476590
14 212 132.068164
16 212 130.659864
18 212 129.251692
20 212 127.843655
22 212 126.435754
24 212 125.027997
26 212 123.620387
28 212 122.212929
30 212 120.805629
32 212 119.398492
34 212 117.991525
36 212 116.584733
38 212 115.178123
40 212 113.771701
42 212 112.365475
44 212 110.959452
46 212 109.553640
48 212 108.148047
50 212 106.742681
52 212 105.337553
54 212 103.932671
56 212 102.528045
58 212 101.123687
60 212 99.719607
62 212 98.315818
64 212 96.912332
66 212 95.509162
68 212 94.106323
70 212 92.703829
72 212 91.301698
74 212 89.899944
76 212 88.498588
78 212 87.097646
80 212 85.697141
82 212 84.297094
84 212 82.897527
86 212 81.498466
88 212 80.099938
90 212 78.701969
92 212 77.304592
94 212 75.907839
96 212 74.511744
98 212 73.116346
100 212 71.721684
102 212 70.327804
104 212 68.934752
106 212 67.542579
108 212 66.151342
110 212 64.761099
112 212 63.371918
114 212 61.983869
116 212 60.597030
118 212 59.211485
120 212 57.827329
122 212 56.444663
124 212 55.063600
126 212 53.684262
128 212 52.306787
130 212 50.931326
132 212 49.558047
134 212 48.187135
136 212 46.818800
138 212 45.453273
140 212 44.090815
142 212 42.731721
144 212 41.376322
146 212 40.024992
148 212 38.678159
150 212 37.336309
152 212 36.000000
154 212 34.669872
156 212 33.346664
158 212 32.031235
160 212 30.724583
162 212 29.427878
164 212 28.142495
166 212 26.870058
168 212 25.612497
170 212 24.372115
172 212 23.151674
174 212 21.954498
176 212 20.784610
178 212 19.646883
180 212 18.547237
182 212 17.492856
184 212 16.492423
186 212 15.556349
188 212 14.696938
190 212 13.928388
192 212 13.266499
194 212 12.727922
196 212 12.328828
198 212 12.083046
200 212 12.000000
202 212 12.083046
204 212 12.328828
206 212 12.727922
208 212 13.266499
210 212 13.928388
212 212 14.696938
214 212 15.556349
216 212 16.492423
218 212 17.492856
220 212 18.547237
222 212 19.646883
224 212 20.784610
226 212 21.954498
228 212 23.151674
230 212 24.372115
232 212 25.612497
234 212 26.870058
236 212 28.142495
238 212 29.427878
240 212 30.724583
242 212 32.031235
244 212 33.346664
246 212 34.669872
248 212 36.000000
250 212 37.336309
252 212 38.678159
254 212 40.024992
256 212 41.376322
258 212 42.731721
260 212 44.090815
262 212 45.453273
264 212 46.818800
266 212 48.187135
268 212 49.558047
270 212 50.931326
272 212 52.306787
274 212 53.684262
276 212 55.063600
278 212 56.444663
280 212 57.827329
282 212 59.211485
284 212 60.597030
286 212 61.983869
288 212 63.371918
290 212 64.761099
292 212 66.151342
294 212 67.542579
296 212 68.934752
298 212 70.327804
300 212 71.721684
302 212 73.116346
304 212 74.511744
306 212 75.907839
308 212 77.304592
310 212 78.701969
312 212 80.099938
314 212 81.498466
316 212 82.897527
318 212 84.297094
320 212 85.697141
322 212 87.097646
324 212 88.498588
326 212 89.899944
328 212 91.301698
330 212 92.703829
332 212 94.106323
334 212 95.509162
336 212 96.912332
338 212 98.315818
340 212 99.719607
342 212 101.123687
344 212 102.528045
346 212 103.932671
348 212 105.337553
350 212 106.742681
352 212 108.148047
354 212 109.553640
356 212 110.959452
358 212 112.365475
360 212 113.771701
362 212 115.178123
364 212 116.584733
366 212 117.991525
368 212 119.398492
370 212 120.805629
372 212 122.212929
374 212 123.620387
376 212 125.027997
378 212 126.435754
380 212 127.843655
382 212 129.251692
384 212 130.659864
386 212 132.068164
388 212 133.476590
390 212 134.885136
392 212 136.293800
394 212 137.702578
396 212 139.111466
398 212 140.520461
0 214 142.112631
2 214 140.705366
4 214 139.298241
6 214 137.891262
8 214 136.484431
10 214 135.077755
12 214 133.671238
14 214 132.264886
16 214 130.858702
18 214 129.452694
20 214 128.046866
22 214 126.641226
24 214 125.235778
26 214 123.830529
28 214 122.425488
30 214 121.020659
32 214 119.616052
34 214 118.211675
36 214 116.807534
38 214 115.403639
40 214 114.000000
42 214 112.596625
44 214 111.193525
46 214 109.790710
48 214 108.388191
50 214 106.985980
52 214 105.584090
54 214 104.182532
56 214 102.781321
58 214 101.380471
60 214 99.979998
62 214 98.579917
64 214 97.180245
66 214 95.781000
68 214 94.382202
70 214 92.983870
72 214 91.586025
74 214 90.188691
76 214 88.791892
78 214 87.395652
80 214 86.000000
82 214 84.604964
84 214 83.210576
86 214 81.816869
88 214 80.423877
90 214 79.031639
92 214 77.640196
94 214 76.249590
96 214 74.859869
98 214 73.471083
100 214 72.083285
102 214 70.696535
104 214 69.310894
106 214 67.926431
108 214 66.543219
110 214 65.161338
112 214 63.780875
114 214 62.401923
116 214 61.024585
118 214 59.648973
120 214 58.275209
122 214 56.903427
124 214 55.533774
126 214 54.166410
128 214 52.801515
130 214 51.439285
132 214 50.079936
134 214 48.723711
136 214 47.370877
138 214 46.021734
140 214 44.676616
142 214 43.335897
144 214 42.000000
146 214 40.669399
148 214 39.344631
150 214 38.026307
152 214 36.715120
154 214 35.411862
156 214 34.117444
158 214 32.832910
160 214 31.559468
162 214 30.298515
164 214 29.051678
166 214 27.820855
168 214 26.608269
170 214 25.416530
172 214 24.248711
174 214 23.108440
176 214 22.000000
178 214 20.928450
180 214 19.899749
182 214 18.920888
184 214 18.000000
186 214 17.146428
188 214 16.370706
190 214 15.684387
192 214 15.099669
194 214 14.628739
196 214 14.282857
198 214 14.071247
200 214 14.000000
202 214 14.071247
204 214 14.282857
206 214 14.628739
208 214 15.099669
210 214 15.684387
212 214 16.370706
214 214 17.146428
216 214 18.000000
218 214 18.920888
220 214 19.899749
222 214 20.928450
224 214 22.000000
226 214 23.108440
228 214 24.248711
230 214 25.416530
232 214 26.608269
234 214 27.820855
236 214 29.051678
238 214 30.298515
240 214 31.559468
242 214 32.832910
244 214 34.117444
246 214 35.411862
248 214 36.715120
250 214 38.026307
252 214 39.344631
254 214 40.669399
256 214 42.000000
258 214 43.335897
260 214 44.676616
262 214 46.021734
264 214 47.370877
266 214 48.723711
268 214 50.079936
270 214 51.439285
272 214 52.801515
274 214 54.166410
276 214 55.533774
278 214 56.903427
280 214 58.275209
282 214 59.648973
284 214 61.024585
286 214 62.401923
288 214 63.780875
290 214 65.161338
292 214 66.543219
294 214 67.926431
296 214 69.310894
298 214 70.696535
300 214 72.083285
302 214 73.471083
304 214 74.859869
306 214 76.249590
308 214 77.640196
310 214 79.031639
312 214 80.423877
314 214 81.816869
316 214 83.210576
318 214 84.604964
320 214 86.000000
322 214 87.395652
324 214 88.791892
326 214 90.188691
328 214 91.586025
330 214 92.983870
332 214 94.382202
334 214 95.781000
336 214 97.180245
338 214 98.579917
340 214 99.979998
342 214 101.380471
344 214 102.781321
346 214 104.182532
348 214 105.584090
350 214 106.985980
352 214 108.388191
354 214 109.790710
356 214 111.193525
358 214 112.596625
360 214 114.000000
362 214 115.403639
364 214 116.807534
366 214 118.211675
368 214 119.616052
370 214 121.020659
372 214 122.425488
374 214 123.830529
376 214 125.235778
378 214 126.641226
380 214 128.046866
382 214 129.452694
384 214 130.858702
386 214 132.264886
388 214 133.671238
390 214 135.077755
392 214 136.484431
394 214 137.891262
396 214 139.298241
398 214 140.705366
0 216 142.323575
2 216 140.918416
4 216 139.513440
6 216 138.108653
8 216 136.704060
10 216 135.299667
12 216 133.895482
14 216 132.491509
16 216 131.087757
18 216 129.684232
20 216 128.280942
22 216 126.877894
24 216 125.475097
26 216 124.072559
28 216 122.670290
30 216 121.268298
32 216 119.866593
34 216 118.465185
36 216 117.064085
38 216 115.663304
40 216 114.262855
42 216 112.862749
44 216 111.462998
46 216 110.063618
48 216 108.664622
50 216 107.266024
52 216 105.867842
54 216 104.470091
56 216 103.072790
58 216 101.675956
60 216 100.279609
62 216 98.883770
64 216 97.488461
66 216 96.093704
68 216 94.699525
70 216 93.305948
72 216 91.913002
74 216 90.520716
76 216 89.129120
78 216 87.738247
80 216 86.348133
82 216 84.958814
84 216 83.570330
86 216 82.182723
88 216 80.796040
90 216 79.410327
92 216 78.025637
94 216 76.642025
96 216 75.259551
98 216 73.878278
100 216 72.498276
102 216 71.119618
104 216 69.742383
106 216 68.366659
108 216 66.992537
110 216 65.620119
112 216 64.249514
114 216 62.880840
116 216 61.514226
118 216 60.149813
120 216 58.787754
122 216 57.428216
124 216 56.071383
126 216 54.717456
128 216 53.366656
130 216 52.019227
132 216 50.675438
134 216 49.335586
136 216 48.000000
138 216 46.669048
140 216 45.343136
142 216 44.022721
144 216 42.708313
146 216 41.400483
148 216 40.099875
150 216 38.807216
152 216 37.523326
154 216 36.249138
156 216 34.985711
158 216 33.734256
160 216 32.496154
162 216 31.272992
164 216 30.066593
166 216 28.879058
168 216 27.712813
170 216 26.570661
172 216 25.455844
174 216 24.372115
176 216 23.323808
178 216 22.315914
180 216 21.354157
182 216 20.445048
184 216 19.595918
186 216 18.814888
188 216 18.110770
190 216 17.492856
192 216 16.970563
194 216 16.552945
196 216 16.248077
198 216 16.062378
200 216 16.000000
202 216 16.062378
204 216 16.248077
206 216 16.552945
208 216 16.970563
210 216 17.492856
212 216 18.110770
214 216 18.814888
216 216 19.595918
218 216 20.445048
220 216 21.354157
222 216 22.315914
224 216 23.323808
226 216 24.372115
228 216 25.455844
230 216 26.570661
232 216 27.712813
234 216 28.879058
236 216 30.066593
238 216 31.272992
240 216 32.496154
242 216 33.734256
244 216 34.985711
246 216 36.249138
248 216 37.523326
250 216 38.807216
252 216 40.099875
254 216 41.400483
256 216 42.708313
258 216 44.022721
260 216 45.343136
262 216 46.669048
264 216 48.000000
266 216 49.335586
268 216 50.675438
270 216 52.019227
272 216 53.366656
274 216 54.717456
276 216 56.071383
278 216 57.428216
280 216 58.787754
282 216 60.149813
284 216 61.514226
286 216 62.880840
288 216 64.249514
290 216 65.620119
292 216 66.992537
294 216 68.366659
296 216 69.742383
298 216 71.119618
300 216 72.498276
302 216 73.878278
304 216 75.259551
306 216 76.642025
308 216 78.025637
310 216 79.410327
312 216 80.796040
314 216 82.182723
316 216 83.570330
318 216 84.958814
320 216 86.348133
322 216 87.738247
324 216 89.129120
326 216 90.520716
328 216 91.913002
330 216 93.305948
332 216 94.699525
334 216 96.093704
336 216 97.488461
338 216 98.883770
340 216 100.279609
342 216 101.675956
344 216 103.072790
346 216 104.470091
348 216 105.867842
350 216 107.266024
352 216 108.664622
354 216 110.063618
356 216 111.462998
358 216 112.862749
360 216 114.262855
362 216 115.663304
364 216 117.064085
366 216 118.465185
368 216 119.866593
370 216 121.268298
372 216 122.670290
374 216 124.072559
376 216 125.475097
378 216 126.877894
380 216 128.280942
382 216 129.684232
384 216 131.087757
386 216 132.491509
388 216 133.895482
390 216 135.299667
392 216 136.704060
394 216 138.108653
396 216 139.513440
398 216 140.918416
0 218 142.562267
2 218 141.159484
4 218 139.756932
6 218 138.354617
8 218 136.952547
10 218 135.550729
12 218 134.149171
14 218 132.747881
16 218 131.346869
18 218 129.946143
20 218 128.545712
22 218 127.145586
24 218 125.745775
26 218 124.346291
28 218 122.947143
30 218 121.548344
32 218 120.149906
34 218 118.751842
36 218 117.354165
38 218 115.956889
40 218 114.560028
42 218 113.163598
44 218 111.767616
46 218 110.372098
48 218 108.977062
50 218 107.582526
52 218 106.188512
54 218 104.795038
56 218 103.402128
58 218 102.009803
60 218 100.618090
62 218 99.227012
64 218 97.836598
66 218 96.446877
68 218 95.057877
70 218 93.669632
72 218 92.282176
74 218 90.895544
76 218 89.509776
78 218 88.124911
80 218 86.740994
82 218 85.358069
84 218 83.976187
86 218 82.595399
88 218 81.215762
90 218 79.837335
92 218 78.460181
94 218 77.084369
96 218 75.709973
98 218 74.337070
100 218 72.965745
102 218 71.596089
104 218 70.228199
106 218 68.862181
108 218 67.498148
110 218 66.136223
112 218 64.776539
114 218 63.419240
116 218 62.064483
118 218 60.712437
120 218 59.363288
122 218 58.017239
124 218 56.674509
126 218 55.335341
128 218 54.000000
130 218 52.668776
132 218 51.341991
134 218 50.019996
136 218 48.703183
138 218 47.391982
140 218 46.086874
142 218 44.788391
144 218 43.497126
146 218 42.213742
148 218 40.938979
150 218 39.673669
152 218 38.418745
154 218 37.175261
156 218 35.944402
158 218 34.727511
160 218 33.526109
162 218 32.341923
164 218 31.176915
166 218 30.033315
168 218 28.913665
170 218 27.820855
172 218 26.758176
174 218 25.729361
176 218 24.738634
178 218 23.790755
180 218 22.891046
182 218 22.045408
184 218 21.260292
186 218 20.542639
188 218 19.899749
190 218 19.339080
192 218 18.867962
194 218 18.493242
196 218 18.220867
198 218 18.055470
200 218 18.000000
202 218 18.055470
204 218 18.220867
206 218 18.493242
208 218 18.867962
210 218 19.339080
212 218 19.899749
214 218 20.542639
216 218 21.260292
218 218 22.045408
220 218 22.891046
222 218 23.790755
224 218 24.738634
226 218 25.729361
228 218 26.758176
230 218 27.820855
232 218 28.913665
234 218 30.033315
236 218 31.176915
238 218 32.341923
240 218 33.526109
242 218 34.727511
244 218 35.944402
246 218 37.175261
248 218 38.418745
250 218 39.673669
252 218 40.938979
254 218 42.213742
256 218 43.497126
258 218 44.788391
260 218 46.086874
262 218 47.391982
264 218 48.703183
266 218 50.019996
268 218 51.341991
270 218 52.668776
272 218 54.000000
274 218 55.335341
276 218 56.674509
278 218 58.017239
280 218 59.363288
282 218 60.712437
284 218 62.064483
286 218 63.419240
288 218 64.776539
290 218 66.136223
292 218 67.498148
294 218 68.862181
296 218 70.228199
298 218 71.596089
300 218 72.965745
302 218 74.337070
304 218 75.709973
306 218 77.084369
308 218 78.460181
310 218 79.837335
312 218 81.215762
314 218 82.595399
316 218 83.976187
318 218 85.358069
320 218 86.740994
322 218 88.124911
324 218 89.509776
326 218 90.895544
328 218 92.282176
330 218 93.669632
332 218 95.057877
334 218 96.446877
336 218 97.836598
338 218 99.227012
340 218 100.618090
342 218 102.009803
344 218 103.402128
346 218 104.795038
348 218 106.188512
350 218 107.582526
352 218 108.977062
354 218 110.372098
356 218 111.767616
358 218 113.163598
360 218 114.560028
362 218 115.956889
364 218 117.354165
366 218 118.751842
368 218 120.149906
370 218 121.548344
372 218 122.947143
374 218 124.346291
376 218 125.745775
378 218 127.145586
380 218 128.545712
382 218 129.946143
384 218 131.346869
386 218 132.747881
388 218 134.149171
390 218 135.550729
392 218 136.952547
394 218 138.354617
396 218 139.756932
398 218 141.159484
0 220 142.828569
2 220 141.428427
4 220 140.028569
6 220 138.629001
8 220 137.229734
10 220 135.830777
12 220 134.432139
14 220 133.033830
16 220 131.635861
18 220 130.238243
20 220 128.840987
22 220 127.444105
24 220 126.047610
26 220 124.651514
28 220 123.255832
30 220 121.860576
32 220 120.465763
34 220 119.071407
36 220 117.677525
38 220 116.284135
40 220 114.891253
42 220 113.498899
44 220 112.107092
46 220 110.715853
48 220 109.325203
50 220 107.935166
52 220 106.545765
54 220 105.157025
56 220 103.768974
58 220 102.381639
60 220 100.995049
62 220 99.609237
64 220 98.224233
66 220 96.840074
68 220 95.456797
70 220 94.074439
72 220 92.693042
74 220 91.312650
76 220 89.933309
78 220 88.555068
80 220 87.177979
82 220 85.802098
84 220 84.427484
86 220 83.054199
88 220 81.682311
90 220 80.311892
92 220 78.943017
94 220 77.575769
96 220 76.210236
98 220 74.846510
100 220 73.484692
102 220 72.124892
104 220 70.767224
106 220 69.411815
108 220 68.058798
110 220 66.708320
112 220 65.360539
114 220 64.015623
116 220 62.673758
118 220 61.335145
120 220 60.000000
122 220 58.668561
124 220 57.341085
126 220 56.017854
128 220 54.699177
130 220 53.385391
132 220 52.076866
134 220 50.774009
136 220 49.477268
138 220 48.187135
140 220 46.904158
142 220 45.628938
144 220 44.362146
146 220 43.104524
148 220 41.856899
150 220 40.620192
152 220 39.395431
154 220 38.183766
156 220 36.986484
158 220 35.805028
160 220 34.641016
162 220 33.496268
164 220 32.372828
166 220 31.272992
168 220 30.199338
170 220 29.154759
172 220 28.142495
174 220 27.166155
176 220 26.229754
178 220 25.337719
180 220 24.494897
182 220 23.706539
184 220 22.978251
186 220 22.315914
188 220 21.725561
190 220 21.213203
192 220 20.784610
194 220 20.445048
196 220 20.199010
198 220 20.049938
200 220 20.000000
202 220 20.049938
204 220 20.199010
206 220 20.445048
208 220 20.784610
210 220 21.213203
212 220 21.725561
214 220 22.315914
216 220 22.978251
218 220 23.706539
220 220 24.494897
222 220 25.337719
224 220 26.229754
226 220 27.166155
228 220 28.142495
230 220 29.154759
232 220 30.199338
234 220 31.272992
236 220 32.372828
238 220 33.496268
240 220 34.641016
242 220 35.805028
244 220 36.986484
246 220 38.183766
248 220 39.395431
250 220 40.620192
252 220 41.856899
254 220 43.104524
256 220 44.362146
258 220 45.628938
260 220 46.904158
262 220 48.187135
264 220 49.477268
266 220 50.774009
268 220 52.076866
270 220 53.385391
272 220 54.699177
274 220 56.017854
276 220 57.341085
278 220 58.668561
280 220 60.000000
282 220 61.335145
284 220 62.673758
286 220 64.015623
288 220 65.360539
290 220 66.708320
292 220 68.058798
294 220 69.411815
296 220 70.767224
298 220 72.124892
300 220 73.484692
302 220 74.846510
304 220 76.210236
306 220 77.575769
308 220 78.943017
310 220 80.311892
312 220 81.682311
314 220 83.054199
316 220 84.427484
318 220 85.802098
320 220 87.177979
322 220 88.555068
324 220 89.933309
326 220 91.312650
328 220 92.693042
330 220 94.074439
332 220 95.456797
334 220 96.840074
336 220 98.224233
338 220 99.609237
340 220 100.995049
342 220 102.381639
344 220 103.768974
346 220 105.157025
348 220 106.545765
350 220 107.935166
352 220 109.325203
354 220 110.715853
356 220 112.107092
358 220 113.498899
360 220 114.891253
362 220 116.284135
364 220 117.677525
366 220 119.071407
368 220 120.465763
370 220 121.860576
372 220 123.255832
374 220 124.651514
376 220 126.047610
378 220 127.444105
380 220 128.840987
382 220 130.238243
384 220 131.635861
386 220 133.033830
388 220 134.432139
390 220 135.830777
392 220 137.229734
394 220 138.629001
396 220 140.028569
398 220 141.428427
0 222 143.122325
2 222 141.725086
4 222 140.328187
6 222 138.931638
8 222 137.535450
10 222 136.139634
12 222 134.744202
14 222 133.349166
16 222 131.954538
18 222 130.560331
20 222 129.166559
22 222 127.773237
24 222 126.380378
26 222 124.987999
28 222 123.596116
30 222 122.204746
32 222 120.813906
34 222 119.423616
36 222 118.033893
38 222 116.644760
40 222 115.256236
42 222 113.868345
44 222 112.481110
46 222 111.094554
48 222 109.708705
50 222 108.323589
52 222 106.939235
54 222 105.555673
56 222 104.172933
58 222 102.791050
60 222 101.410059
62 222 100.029996
64 222 98.650900
66 222 97.272812
68 222 95.895777
70 222 94.519839
72 222 93.145048
74 222 91.771455
76 222 90.399115
78 222 89.028085
80 222 87.658428
82 222 86.290208
84 222 84.923495
86 222 83.558363
88 222 82.194890
90 222 80.833162
92 222 79.473266
94 222 78.115299
96 222 76.759364
98 222 75.405570
100 222 74.054034
102 222 72.704883
104 222 71.358251
106 222 70.014284
108 222 68.673139
110 222 67.334983
112 222 66.000000
114 222 64.668385
116 222 63.340350
118 222 62.016127
120 222 60.695964
122 222 59.380131
124 222 58.068925
126 222 56.762664
128 222 55.461698
130 222 54.166410
132 222 52.877216
134 222 51.594573
136 222 50.318983
138 222 49.050994
140 222 47.791213
142 222 46.540305
144 222 45.299007
146 222 44.068129
148 222 42.848571
150 222 41.641326
152 222 40.447497
154 222 39.268308
156 222 38.105118
158 222 36.959437
160 222 35.832946
162 222 34.727511
164 222 33.645208
166 222 32.588341
168 222 31.559468
170 222 30.561414
172 222 29.597297
174 222 28.670542
176 222 27.784888
178 222 26.944387
180 222 26.153394
182 222 25.416530
184 222 24.738634
186 222 24.124676
188 222 23.579652
190 222 23.108440
192 222 22.715633
194 222 22.405357
196 222 22.181073
198 222 22.045408
200 222 22.000000
202 222 22.045408
204 222 22.181073
206 222 22.405357
208 222 22.715633
210 222 23.108440
212 222 23.579652
214 222 24.124676
216 222 24.738634
218 222 25.416530
220 222 26.153394
222 222 26.944387
224 222 27.784888
226 222 28.670542
228 222 29.597297
230 222 30.561414
232 222 31.559468
234 222 32.588341
236 222 33.645208
238 222 34.727511
240 222 35.832946
242 222 36.959437
244 222 38.105118
246 222 39.268308
248 222 40.447497
250 222 41.641326
252 222 42.848571
254 222 44.068129
256 222 45.299007
258 222 46.540305
260 222 47.791213
262 222 49.050994
264 222 50.318983
266 222 51.594573
268 222 52.877216
270 222 54.166410
272 222 55.461698
274 222 56.762664
276 222 58.068925
278 222 59.380131
280 222 60.695964
282 222 62.016127
284 222 63.340350
286 222 64.668385
288 222 66.000000
290 222 67.334983
292 222 68.673139
294 222 70.014284
296 222 71.358251
298 222 72.704883
300 222 74.054034
302 222 75.405570
304 222 76.759364
306 222 78.115299
308 222 79.473266
310 222 80.833162
312 222 82.194890
314 222 83.558363
316 222 84.923495
318 222 86.290208
320 222 87.658428
322 222 89.028085
324 222 90.399115
326 222 91.771455
328 222 93.145048
330 222 94.519839
332 222 95.895777
334 222 97.272812
336 222 98.650900
338 222 100.029996
340 222 101.410059
342 222 102.791050
344 222 104.172933
346 222 105.555673
348 222 106.939235
350 222 108.323589
352 222 109.708705
354 222 111.094554
356 222 112.481110
358 222 113.868345
360 222 115.256236
362 222 116.644760
364 222 118.033893
366 222 119.423616
368 222 120.813906
370 222 122.204746
372 222 123.596116
374 222 124.987999
376 222 126.380378
378 222 127.773237
380 222 129.166559
382 222 130.560331
384 222 131.954538
386 222 133.349166
388 222 134.744202
390 222 136.139634
392 222 137.535450
394 222 138.931638
396 222 140.328187
398 222 141.725086
0 224 143.443369
2 224 142.049287
4 224 140.655608
6 224 139.262342
8 224 137.869504
10 224 136.477104
12 224 135.085158
14 224 133.693680
16 224 132.302683
18 224 130.912184
20 224 129.522199
22 224 128.132744
24 224 126.743836
26 224 125.355494
28 224 123.967738
30 224 122.580586
32 224 121.194059
34 224 119.808180
36 224 118.422971
38 224 117.038455
40 224 115.654658
42 224 114.271606
44 224 112.889326
46 224 111.507847
48 224 110.127199
50 224 108.747414
52 224 107.368524
54 224 105.990566
56 224 104.613575
58 224 103.237590
60 224 101.862653
62 224 100.488805
64 224 99.116094
66 224 97.744565
68 224 96.374270
70 224 95.005263
72 224 93.637599
74 224 92.271339
76 224 90.906545
78 224 89.543286
80 224 88.181631
82 224 86.821656
84 224 85.463442
86 224 84.107075
88 224 82.752643
90 224 81.400246
92 224 80.049984
94 224 78.701969
96 224 77.356318
98 224 76.013157
100 224 74.672619
102 224 73.334848
104 224 72.000000
106 224 70.668239
108 224 69.339743
110 224 68.014704
112 224 66.693328
114 224 65.375837
116 224 64.062470
118 224 62.753486
120 224 61.449166
122 224 60.149813
124 224 58.855756
126 224 57.567352
128 224 56.284989
130 224 55.009090
132 224 53.740115
134 224 52.478567
136 224 51.224994
138 224 49.979996
140 224 48.744230
142 224 47.518417
144 224 46.303348
146 224 45.099889
148 224 43.908997
150 224 42.731721
152 224 41.569219
154 224 40.422766
156 224 39.293765
158 224 38.183766
160 224 37.094474
162 224 36.027767
164 224 34.985711
166 224 33.970576
168 224 32.984845
170 224 32.031235
172 224 31.112698
174 224 30.232433
176 224 29.393877
178 224 28.600699
180 224 27.856777
182 224 27.166155
184 224 26.532998
186 224 25.961510
188 224 25.455844
190 224 25.019992
192 224 24.657656
194 224 24.372115
196 224 24.166092
198 224 24.041631
200 224 24.000000
202 224 24.041631
204 224 24.166092
206 224 24.372115
208 224 24.657656
210 224 25.019992
212 224 25.455844
214 224 25.961510
216 224 26.532998
218 224 27.166155
220 224 27.856777
222 224 28.600699
224 224 29.393877
226 224 30.232433
228 224 31.112698
230 224 32.031235
232 224 32.984845
234 224 33.970576
236 224 34.985711
238 224 36.027767
240 224 37.094474
242 224 38.183766
244 224 39.293765
246 224 40.422766
248 224 41.569219
250 224 42.731721
252 224 43.908997
254 224 45.099889
256 224 46.303348
258 224 47.518417
260 224 48.744230
262 224 49.979996
264 224 51.224994
266 224 52.478567
268 224 53.740115
270 224 55.009090
272 224 56.284989
274 224 57.567352
276 224 58.855756
278 224 60.149813
280 224 61.449166
282 224 62.753486
284 224 64.062470
286 224 65.375837
288 224 66.693328
290 224 68.014704
292 224 69.339743
294 224 70.668239
296 224 72.000000
298 224 73.334848
300 224 74.672619
302 224 76.013157
304 224 77.356318
306 224 78.701969
308 224 80.049984
310 224 81.400246
312 224 82.752643
314 224 84.107075
316 224 85.463442
318 224 86.821656
320 224 88.181631
322 224 89.543286
324 224 90.906545
326 224 92.271339
328 224 93.637599
330 224 95.005263
332 224 96.374270
334 224 97.744565
336 224 99.116094
338 224 100.488805
340 224 101.862653
342 224 103.237590
344 224 104.613575
346 224 105.990566
348 224 107.368524
350 224 108.747414
352 224 110.127199
354 224 111.507847
356 224 112.889326
358 224 114.271606
360 224 115.654658
362 224 117.038455
364 224 118.422971
366 224 119.808180
368 224 121.194059
370 224 122.580586
372 224 123.967738
374 224 125.355494
376 224 126.743836
378 224 128.132744
380 224 129.522199
382 224 130.912184
384 224 132.302683
386 224 133.693680
388 224 135.085158
390 224 136.477104
392 224 137.869504
394 224 139.262342
396 224 140.655608
398 224 142.049287
0 226 143.791516
2 226 142.400843
4 226 141.010638
6 226 139.620915
8 226 138.231690
10 226 136.842976
12 226 135.454790
14 226 134.067147
16 226 132.680066
18 226 131.293564
20 226 129.907660
22 226 128.522372
24 226 127.137721
26 226 125.753728
28 226 124.370414
30 226 122.987804
32 226 121.605921
34 226 120.224789
36 226 118.844436
38 226 117.464888
40 226 116.086175
42 226 114.708326
44 226 113.331373
46 226 111.955348
48 226 110.580288
50 226 109.206227
52 226 107.833205
54 226 106.461261
56 226 105.090437
58 226 103.720779
60 226 102.352333
62 226 100.985147
64 226 99.619275
66 226 98.254771
68 226 96.891692
70 226 95.530100
72 226 94.170059
74 226 92.811637
76 226 91.454907
78 226 90.099945
80 226 88.746831
82 226 87.395652
84 226 86.046499
86 226 84.699469
88 226 83.354664
90 226 82.012194
92 226 80.672176
94 226 79.334734
96 226 78.000000
98 226 76.668116
100 226 75.339233
102 226 74.013512
104 226 72.691127
106 226 71.372264
108 226 70.057120
110 226 68.745909
112 226 67.438861
114 226 66.136223
116 226 64.838260
118 226 63.545259
120 226 62.257530
122 226 60.975405
124 226 59.699246
126 226 58.429445
128 226 57.166424
130 226 55.910643
132 226 54.662601
134 226 53.422842
136 226 52.191953
138 226 50.970580
140 226 49.759421
142 226 48.559242
144 226 47.370877
146 226 46.195238
148 226 45.033321
150 226 43.886217
152 226 42.755117
154 226 41.641326
156 226 40.546270
158 226 39.471509
160 226 38.418745
162 226 37.389838
164 226 36.386811
166 226 35.411862
168 226 34.467376
170 226 33.555923
172 226 32.680269
174 226 31.843367
176 226 31.048349
178 226 30.298515
180 226 29.597297
182 226 28.948230
184 226 28.354894
186 226 27.820855
188 226 27.349589
190 226 26.944387
192 226 26.608269
194 226 26.343880
196 226 26.153394
198 226 26.038433
200 226 26.000000
202 226 26.038433
204 226 26.153394
206 226 26.343880
208 226 26.608269
210 226 26.944387
212 226 27.349589
214 226 27.820855
216 226 28.354894
218 226 28.948230
220 226 29.597297
222 226 30.298515
224 226 31.048349
226 226 31.843367
228 226 32.680269
230 226 33.555923
232 226 34.467376
234 226 35.411862
236 226 36.386811
238 226 37.389838
240 226 38.418745
242 226 39.471509
244 226 40.546270
246 226 41.641326
248 226 42.755117
250 226 43.886217
252 226 45.033321
254 226 46.195238
256 226 47.370877
258 226 48.559242
260 226 49.759421
262 226 50.970580
264 226 52.191953
266 226 53.422842
268 226 54.662601
270 226 55.910643
272 226 57.166424
274 226 58.429445
276 226 59.699246
278 226 60.975405
280 226 62.257530
282 226 63.545259
284 226 64.838260
286 226 66.136223
288 226 67.438861
290 226 68.745909
292 226 70.057120
294 226 71.372264
296 226 72.691127
298 226 74.013512
300 226 75.339233
302 226 76.668116
304 226 78.000000
306 226 79.334734
308 226 80.672176
310 226 82.012194
312 226 83.354664
314 226 84.699469
316 226 86.046499
318 226 87.395652
320 226 88.746831
322 226 90.099945
324 226 91.454907
326 226 92.811637
328 226 94.170059
330 226 95.530100
332 226 96.891692
334 226 98.254771
336 226 99.619275
338 226 100.985147
340 226 102.352333
342 226 103.720779
344 226 105.090437
346 226 106.461261
348 226 107.833205
350 226 109.206227
352 226 110.580288
354 226 111.955348
356 226 113.331373
358 226 114.708326
360 226 116.086175
362 226 117.464888
364 226 118.844436
366 226 120.224789
368 226 121.605921
370 226 122.987804
372 226 124.370414
374 226 125.753728
376 226 127.137721
378 226 128.522372
380 226 129.907660
382 226 131.293564
384 226 132.680066
386 226 134.067147
388 226 135.454790
390 226 136.842976
392 226 138.231690
394 226 139.620915
396 226 141.010638
398 226 142.400843
0 228 144.166570
2 228 142.779550
4 228 141.393069
6 228 140.007143
8 228 138.621788
10 228 137.237021
12 228 135.852862
14 228 134.469327
16 228 133.086438
18 228 131.704214
20 228 130.322676
22 228 128.941847
24 228 127.561750
26 228 126.182408
28 228 124.803846
30 228 123.426091
32 228 122.049170
34 228 120.673112
36 228 119.297946
38 228 117.923704
40 228 116.550418
42 228 115.178123
44 228 113.806854
46 228 112.436649
48 228 111.067547
50 228 109.699590
52 228 108.332821
54 228 106.967285
56 228 105.603030
58 228 104.240107
60 228 102.878569
62 228 101.518471
64 228 100.159872
66 228 98.802834
68 228 97.447422
70 228 96.093704
72 228 94.741754
74 228 93.391648
76 228 92.043468
78 228 90.697299
80 228 89.353232
82 228 88.011363
84 228 86.671795
86 228 85.334635
88 228 84.000000
90 228 82.668011
92 228 81.338798
94 228 80.012499
96 228 78.689262
98 228 77.369245
100 228 76.052613
102 228 74.739548
104 228 73.430239
106 228 72.124892
108 228 70.823725
110 228 69.526973
112 228 68.234888
114 228 66.947741
116 228 65.665821
118 228 64.389440
120 228 63.118935
122 228 61.854668
124 228 60.597030
126 228 59.346440
128 228 58.103356
130 228 56.868269
132 228 55.641711
134 228 54.424259
136 228 53.216539
138 228 52.019227
140 228 50.833060
142 228 49.658836
144 228 48.497423
146 228 47.349762
148 228 46.216880
150 228 45.099889
152 228 44.000000
154 228 42.918527
156 228 41.856899
158 228 40.816663
160 228 39.799497
162 228 38.807216
164 228 37.841776
166 228 36.905284
168 228 36.000000
170 228 35.128336
172 228 34.292856
174 228 33.496268
176 228 32.741411
178 228 32.031235
180 228 31.368774
182 228 30.757113
184 228 30.199338
186 228 29.698485
188 228 29.257478
190 228 28.879058
192 228 28.565714
194 228 28.319605
196 228 28.142495
198 228 28.035692
200 228 28.000000
202 228 28.035692
204 228 28.142495
206 228 28.319605
208 228 28.565714
210 228 28.879058
212 228 29.257478
214 228 29.698485
216 228 30.199338
218 228 30.757113
220 228 31.368774
222 228 32.031235
224 228 32.741411
226 228 33.496268
228 228 34.292856
230 228 35.128336
232 228 36.000000
234 228 36.905284
236 228 37.841776
238 228 38.807216
240 228 39.799497
242 228 40.816663
244 228 41.856899
246 228 42.918527
248 228 44.000000
250 228 45.099889
252 228 46.216880
254 228 47.349762
256 228 48.497423
258 228 49.658836
260 228 50.833060
262 228 52.019227
264 228 53.216539
266 228 54.424259
268 228 55.641711
270 228 56.868269
272 228 58.103356
274 228 59.346440
276 228 60.597030
278 228 61.854668
280 228 63.118935
282 228 64.389440
284 228 65.665821
286 228 66.947741
288 228 68.234888
290 228 69.526973
292 228 70.823725
294 228 72.124892
296 228 73.430239
298 228 74.739548
300 228 76.052613
302 228 77.369245
304 228 78.689262
306 228 80.012499
308 228 81.338798
310 228 82.668011
312 228 84.000000
314 228 85.334635
316 228 86.671795
318 228 88.011363
320 228 89.353232
322 228 90.697299
324 228 92.043468
326 228 93.391648
328 228 94.741754
330 228 96.093704
332 228 97.447422
334 228 98.802834
336 228 100.159872
338 228 101.518471
340 228 102.878569
342 228 104.240107
344 228 105.603030
346 228 106.967285
348 228 108.332821
350 228 109.699590
352 228 111.067547
354 228 112.436649
356 228 113.806854
358 228 115.178123
360 228 116.550418
362 228 117.923704
364 228 119.297946
366 228 120.673112
368 228 122.049170
370 228 123.426091
372 228 124.803846
374 228 126.182408
376 228 127.561750
378 228 128.941847
380 228 130.322676
382 228 131.704214
384 228 133.086438
386 228 134.469327
388 228 135.852862
390 228 137.237021
392 228 138.621788
394 228 140.007143
396 228 141.393069
398 228 142.779550
0 230 144.568323
2 230 143.185195
4 230 141.802680
6 230 140.420796
8 230 139.039563
10 230 137.658999
12 230 136.279125
14 230 134.899963
16 230 133.521534
18 230 132.143861
20 230 130.766968
22 230 129.390881
24 230 128.015624
26 230 126.641226
28 230 125.267713
30 230 123.895117
32 230 122.523467
34 230 121.152796
36 230 119.783137
38 230 118.414526
40 230 117.046999
42 230 115.680595
44 230 114.315353
46 230 112.951317
48 230 111.588530
50 230 110.227038
52 230 108.866891
54 230 107.508139
56 230 106.150836
58 230 104.795038
60 230 103.440804
62 230 102.088197
64 230 100.737282
66 230 99.388128
68 230 98.040808
70 230 96.695398
72 230 95.351980
74 230 94.010638
76 230 92.671463
78 230 91.334550
80 230 90.000000
82 230 88.667920
84 230 87.338422
86 230 86.011627
88 230 84.687661
90 230 83.366660
92 230 82.048766
94 230 80.734132
96 230 79.422919
98 230 78.115299
100 230 76.811457
102 230 75.511589
104 230 74.215901
106 230 72.924619
108 230 71.637979
110 230 70.356236
112 230 69.079664
114 230 67.808554
116 230 66.543219
118 230 65.283995
120 230 64.031242
122 230 62.785349
124 230 61.546730
126 230 60.315835
128 230 59.093147
130 230 57.879185
132 230 56.674509
134 230 55.479726
136 230 54.295488
138 230 53.122500
140 230 51.961524
142 230 50.813384
144 230 49.678969
146 230 48.559242
148 230 47.455242
150 230 46.368092
152 230 45.299007
154 230 44.249294
156 230 43.220366
158 230 42.213742
160 230 41.231056
162 230 40.274061
164 230 39.344631
166 230 38.444766
168 230 37.576588
170 230 36.742346
172 230 35.944402
174 230 35.185224
176 230 34.467376
178 230 33.793490
180 230 33.166248
182 230 32.588341
184 230 32.062439
186 230 31.591138
188 230 31.176915
190 230 30.822070
192 230 30.528675
194 230 30.298515
196 230 30.133038
198 230 30.033315
200 230 30.000000
202 230 30.033315
204 230 30.133038
206 230 30.298515
208 230 30.528675
210 230 30.822070
212 230 31.176915
214 230 31.591138
216 230 32.062439
218 230 32.588341
220 230 33.166248
222 230 33.793490
224 230 34.467376
226 230 35.185224
228 230 35.944402
230 230 36.742346
232 230 37.576588
234 230 38.444766
236 230 39.344631
238 230 40.274061
240 230 41.231056
242 230 42.213742
244 230 43.220366
246 230 44.249294
248 230 45.299007
250 230 46.368092
252 230 47.455242
254 230 48.559242
256 230 49.678969
258 230 50.813384
260 230 51.961524
262 230 53.122500
264 230 54.295488
266 230 55.479726
268 230 56.674509
270 230 57.879185
272 230 59.093147
274 230 60.315835
276 230 61.546730
278 230 62.785349
280 230 64.031242
282 230 65.283995
284 230 66.543219
286 230 67.808554
288 230 69.079664
290 230 70.356236
292 230 71.637979
294 230 72.924619
296 230 74.215901
298 230 75.511589
300 230 76.811457
302 230 78.115299
304 230 79.422919
306 230 80.734132
308 230 82.048766
310 230 83.366660
312 230 84.687661
314 230 86.011627
316 230 87.338422
318 230 88.667920
320 230 90.000000
322 230 91.334550
324 230 92.671463
326 230 94.010638
328 230 95.351980
330 230 96.695398
332 230 98.040808
334 230 99.388128
336 230 100.737282
338 230 102.088197
340 230 103.440804
342 230 104.795038
344 230 106.150836
346 230 107.508139
348 230 108.866891
350 230 110.227038
352 230 111.588530
354 230 112.951317
356 230 114.315353
358 230 115.680595
360 230 117.046999
362 230 118.414526
364 230 119.783137
366 230 121.152796
368 230 122.523467
370 230 123.895117
372 230 125.267713
374 230 126.641226
376 230 128.015624
378 230 129.390881
380 230 130.766968
382 230 132.143861
384 230 133.521534
386 230 134.899963
388 230 136.279125
390 230 137.658999
392 230 139.039563
394 230 140.420796
396 230 141.802680
398 230 143.185195
0 232 144.996552
2 232 143.617548
4 232 142.239235
6 232 140.861634
8 232 139.484766
10 232 138.108653
12 232 136.733317
14 232 135.358783
16 232 133.985074
18 232 132.612217
20 232 131.240238
22 232 129.869165
24 232 128.499027
26 232 127.129855
28 232 125.761679
30 232 124.394534
32 232 123.028452
34 232 121.663470
36 232 120.299626
38 232 118.936958
40 232 117.575508
42 232 116.215317
44 232 114.856432
46 232 113.498899
48 232 112.142766
50 232 110.788086
52 232 109.434912
54 232 108.083301
56 232 106.733313
58 232 105.385008
60 232 104.038454
62 232 102.693719
64 232 101.350876
66 232 100.010000
68 232 98.671171
70 232 97.334475
72 232 96.000000
74 232 94.667840
76 232 93.338095
78 232 92.010869
80 232 90.686272
82 232 89.364422
84 232 88.045443
86 232 86.729464
88 232 85.416626
90 232 84.107075
92 232 82.800966
94 232 81.498466
96 232 80.199751
98 232 78.905006
100 232 77.614432
102 232 76.328239
104 232 75.046652
106 232 73.769913
108 232 72.498276
110 232 71.232015
112 232 69.971423
114 232 68.716810
116 232 67.468511
118 232 66.226883
120 232 64.992307
122 232 63.765194
124 232 62.545983
126 232 61.335145
128 232 60.133186
130 232 58.940648
132 232 57.758116
134 232 56.586217
136 232 55.425626
138 232 54.277067
140 232 53.141321
142 232 52.019227
144 232 50.911688
146 232 49.819675
148 232 48.744230
150 232 47.686476
152 232 46.647615
154 232 45.628938
156 232 44.631827
158 232 43.657760
160 232 42.708313
162 232 41.785165
164 232 40.890097
166 232 40.024992
168 232 39.191836
170 232 38.392708
172 232 37.629775
174 232 36.905284
176 232 36.221541
178 232 35.580894
180 232 34.985711
182 232 34.438351
184 232 33.941125
186 232 33.496268
188 232 33.105891
190 232 32.771939
192 232 32.496154
194 232 32.280025
196 232 32.124757
198 232 32.031235
200 232 32.000000
202 232 32.031235
204 232 32.124757
206 232 32.280025
208 232 32.496154
210 232 32.771939
212 232 33.105891
214 232 33.496268
216 232 33.941125
218 232 34.438351
220 232 34.985711
222 232 35.580894
224 232 36.221541
226 232 36.905284
228 232 37.629775
230 232 38.392708
232 232 39.191836
234 232 40.024992
236 232 40.890097
238 232 41.785165
240 232 42.708313
242 232 43.657760
244 232 44.631827
246 232 45.628938
248 232 46.647615
250 232 47.686476
252 232 48.744230
254 232 49.819675
256 232 50.911688
258 232 52.019227
260 232 53.141321
262 232 54.277067
264 232 55.425626
266 232 56.586217
268 232 57.758116
270 232 58.940648
272 232 60.133186
274 232 61.335145
276 232 62.545983
278 232 63.765194
280 232 64.992307
282 232 66.226883
284 232 67.468511
286 232 68.716810
288 232 69.971423
290 232 71.232015
292 232 72.498276
294 232 73.769913
296 232 75.046652
298 232 76.328239
300 232 77.614432
302 232 78.905006
304 232 80.199751
306 232 81.498466
308 232 82.800966
310 232 84.107075
312 232 85.416626
314 232 86.729464
316 232 88.045443
318 232 89.364422
320 232 90.686272
322 232 92.010869
324 232 93.338095
326 232 94.667840
328 232 96.000000
330 232 97.334475
332 232 98.671171
334 232 100.010000
336 232 101.350876
338 232 102.693719
340 232 104.038454
342 232 105.385008
344 232 106.733313
346 232 108.083301
348 232 109.434912
350 232 110.788086
352 232 112.142766
354 232 113.498899
356 232 114.856432
358 232 116.215317
360 232 117.575508
362 232 118.936958
364 232 120.299626
366 232 121.663470
368 232 123.028452
370 232 124.394534
372 232 125.761679
374 232 127.129855
376 232 128.499027
378 232 129.869165
380 232 131.240238
382 232 132.612217
384 232 133.985074
386 232 135.358783
388 232 136.733317
390 232 138.108653
392 232 139.484766
394 232 140.861634
396 232 142.239235
398 232 143.617548
0 234 145.451023
2 234 144.076369
4 234 142.702488
6 234 141.329402
8 234 139.957136
10 234 138.585714
12 234 137.215160
14 234 135.845500
16 234 134.476764
18 234 133.108978
20 234 131.742172
22 234 130.376378
24 234 129.011627
26 234 127.647953
28 234 126.285391
30 234 124.923977
32 234 123.563749
34 234 122.204746
36 234 120.847011
38 234 119.490585
40 234 118.135515
42 234 116.781848
44 234 115.429632
46 234 114.078920
48 234 112.729765
50 234 111.382225
52 234 110.036358
54 234 108.692226
56 234 107.349895
58 234 106.009434
60 234 104.670913
62 234 103.334409
64 234 102.000000
66 234 100.667770
68 234 99.337808
70 234 98.010204
72 234 96.685056
74 234 95.362466
76 234 94.042544
78 234 92.725401
80 234 91.411159
82 234 90.099945
84 234 88.791892
86 234 87.487142
88 234 86.185846
90 234 84.888162
92 234 83.594258
94 234 82.304313
96 234 81.018516
98 234 79.737068
100 234 78.460181
102 234 77.188082
104 234 75.921012
106 234 74.659226
108 234 73.402997
110 234 72.152616
112 234 70.908392
114 234 69.670654
116 234 68.439755
118 234 67.216070
120 234 66.000000
122 234 64.791975
124 234 63.592452
126 234 62.401923
128 234 61.220911
130 234 60.049979
132 234 58.889727
134 234 57.740800
136 234 56.603887
138 234 55.479726
140 234 54.369109
142 234 53.272882
144 234 52.191953
146 234 51.127292
148 234 50.079936
150 234 49.050994
152 234 48.041649
154 234 47.053161
156 234 46.086874
158 234 45.144213
160 234 44.226689
162 234 43.335897
164 234 42.473521
166 234 41.641326
168 234 40.841156
170 234 40.074930
172 234 39.344631
174 234 38.652296
176 234 38.000000
178 234 37.389838
180 234 36.823905
182 234 36.304270
184 234 35.832946
186 234 35.411862
188 234 35.042831
190 234 34.727511
192 234 34.467376
194 234 34.263683
196 234 34.117444
198 234 34.029399
200 234 34.000000
202 234 34.029399
204 234 34.117444
206 234 34.263683
208 234 34.467376
210 234 34.727511
212 234 35.042831
214 234 35.411862
216 234 35.832946
218 234 36.304270
220 234 36.823905
222 234 37.389838
224 234 38.000000
226 234 38.652296
228 234 39.344631
230 234 40.074930
232 234 40.841156
234 234 41.641326
236 234 42.473521
238 234 43.335897
240 234 44.226689
242 234 45.144213
244 234 46.086874
246 234 47.053161
248 234 48.041649
250 234 49.050994
252 234 50.079936
254 234 51.127292
256 234 52.191953
258 234 53.272882
260 234 54.369109
262 234 55.479726
264 234 56.603887
266 234 57.740800
268 234 58.889727
270 234 60.049979
272 234 61.220911
274 234 62.401923
276 234 63.592452
278 234 64.791975
280 234 66.000000
282 234 67.216070
284 234 68.439755
286 234 69.670654
288 234 70.908392
290 234 72.152616
292 234 73.402997
294 234 74.659226
296 234 75.921012
298 234 77.188082
300 234 78.460181
302 234 79.737068
304 234 81.018516
306 234 82.304313
308 234 83.594258
310 234 84.888162
312 234 86.185846
314 234 87.487142
316 234 88.791892
318 234 90.099945
320 234 91.411159
322 234 92.725401
324 234 94.042544
326 234 95.362466
328 234 96.685056
330 234 98.010204
332 234 99.337808
334 234 100.667770
336 234 102.000000
338 234 103.334409
340 234 104.670913
342 234 106.009434
344 234 107.349895
346 234 108.692226
348 234 110.036358
350 234 111.382225
352 234 112.729765
354 234 114.078920
356 234 115.429632
358 234 116.781848
360 234 118.135515
362 234 119.490585
364 234 120.847011
366 234 122.204746
368 234 123.563749
370 234 124.923977
372 234 126.285391
374 234 127.647953
376 234 129.011627
378 234 130.376378
380 234 131.742172
382 234 133.108978
384 234 134.476764
386 234 135.845500
388 234 137.215160
390 234 138.585714
392 234 139.957136
394 234 141.329402
396 234 142.702488
398 234 144.076369
0 236 145.931491
2 236 144.561406
4 236 143.192179
6 236 141.823834
8 236 140.456399
10 236 139.089899
12 236 137.724362
14 236 136.359818
16 236 134.996296
18 236 133.633828
20 236 132.272446
22 236 130.912184
24 236 129.553078
26 236 128.195164
28 236 126.838480
30 236 125.483067
32 236 124.128965
34 236 122.776219
36 236 121.424874
38 236 120.074977
40 236 118.726577
42 236 117.379726
44 236 116.034478
46 236 114.690889
48 236 113.349019
50 236 112.008928
52 236 110.670683
54 236 109.334350
56 236 108.000000
58 236 106.667708
60 236 105.337553
62 236 104.009615
64 236 102.683981
66 236 101.360742
68 236 100.039992
70 236 98.721831
72 236 97.406365
74 236 96.093704
76 236 94.783965
78 236 93.477270
80 236 92.173749
82 236 90.873539
84 236 89.576783
86 236 88.283634
88 236 86.994253
90 236 85.708809
92 236 84.427484
94 236 83.150466
96 236 81.877958
98 236 80.610173
100 236 79.347338
102 236 78.089692
104 236 76.837491
106 236 75.591005
108 236 74.350521
110 236 73.116346
112 236 71.888803
114 236 70.668239
116 236 69.455021
118 236 68.249542
120 236 67.052218
122 236 65.863495
124 236 64.683847
126 236 63.513778
128 236 62.353829
130 236 61.204575
132 236 60.066630
134 236 58.940648
136 236 57.827329
138 236 56.727418
140 236 55.641711
142 236 54.571055
144 236 53.516353
146 236 52.478567
148 236 51.458721
150 236 50.457903
152 236 49.477268
154 236 48.518038
156 236 47.581509
158 236 46.669048
160 236 45.782093
162 236 44.922155
164 236 44.090815
166 236 43.289722
168 236 42.520583
170 236 41.785165
172 236 41.085277
174 236 40.422766
176 236 39.799497
178 236 39.217343
180 236 38.678159
182 236 38.183766
184 236 37.735925
186 236 37.336309
188 236 36.986484
190 236 36.687873
192 236 36.441734
194 236 36.249138
196 236 36.110940
198 236 36.027767
200 236 36.000000
202 236 36.027767
204 236 36.110940
206 236 36.249138
208 236 36.441734
210 236 36.687873
212 236 36.986484
214 236 37.336309
216 236 37.735925
218 236 38.183766
220 236 38.678159
222 236 39.217343
224 236 39.799497
226 236 40.422766
228 236 41.085277
230 236 41.785165
232 236 42.520583
234 236 43.289722
236 236 44.090815
238 236 44.922155
240 236 45.782093
242 236 46.669048
244 236 47.581509
246 236 48.518038
248 236 49.477268
250 236 50.457903
252 236 51.458721
254 236 52.478567
256 236 53.516353
258 236 54.571055
260 236 55.641711
262 236 56.727418
264 236 57.827329
266 236 58.940648
268 236 60.066630
270 236 61.204575
272 236 62.353829
274 236 63.513778
276 236 64.683847
278 236 65.863495
280 236 67.052218
282 236 68.249542
284 236 69.455021
286 236 70.668239
288 236 71.888803
290 236 73.116346
292 236 74.350521
294 236 75.591005
296 236 76.837491
298 236 78.089692
300 236 79.347338
302 236 80.610173
304 236 81.877958
306 236 83.150466
308 236 84.427484
310 236 85.708809
312 236 86.994253
314 236 88.283634
316 236 89.576783
318 236 90.873539
320 236 92.173749
322 236 93.477270
324 236 94.783965
326 236 96.093704
328 236 97.406365
330 236 98.721831
332 236 100.039992
334 236 101.360742
336 236 102.683981
338 236 104.009615
340 236 105.337553
342 236 106.667708
344 236 108.000000
346 236 109.334350
348 236 110.670683
350 236 112.008928
352 236 113.349019
354 236 114.690889
356 236 116.034478
358 236 117.379726
360 236 118.726577
362 236 120.074977
364 236 121.424874
366 236 122.776219
368 236 124.128965
370 236 125.483067
372 236 126.838480
374 236 128.195164
376 236 129.553078
378 236 130.912184
380 236 132.272446
382 236 133.633828
384 236 134.996296
386 236 136.359818
388 236 137.724362
390 236 139.089899
392 236 140.456399
394 236 141.823834
396 236 143.192179
398 236 144.561406
0 238 146.437700
2 238 145.072396
4 238 143.708037
6 238 142.344652
8 238 140.982268
10 238 139.620915
12 238 138.260623
14 238 136.901424
16 238 135.543351
18 238 134.186437
20 238 132.830719
22 238 131.476234
24 238 130.123019
26 238 128.771115
28 238 127.420563
30 238 126.071408
32 238 124.723695
34 238 123.377470
36 238 122.032782
38 238 120.689685
40 238 119.348230
42 238 118.008474
44 238 116.670476
46 238 115.334297
48 238 114.000000
50 238 112.667653
52 238 111.337325
54 238 110.009091
56 238 108.683025
58 238 107.359210
60 238 106.037729
62 238 104.718671
64 238 103.402128
66 238 102.088197
68 238 100.776981
70 238 99.468588
72 238 98.163130
74 238 96.860725
76 238 95.561499
78 238 94.265582
80 238 92.973114
82 238 91.684241
84 238 90.399115
86 238 89.117899
88 238 87.840765
90 238 86.567892
92 238 85.299472
94 238 84.035707
96 238 82.776808
98 238 81.523003
100 238 80.274529
102 238 79.031639
104 238 77.794601
106 238 76.563699
108 238 75.339233
110 238 74.121522
112 238 72.910905
114 238 71.707740
116 238 70.512410
118 238 69.325320
120 238 68.146900
122 238 66.977608
124 238 65.817931
126 238 64.668385
128 238 63.529521
130 238 62.401923
132 238 61.286214
134 238 60.183054
136 238 59.093147
138 238 58.017239
140 238 56.956123
142 238 55.910643
144 238 54.881691
146 238 53.870214
148 238 52.877216
150 238 51.903757
152 238 50.950957
154 238 50.019996
156 238 49.112117
158 238 48.228622
160 238 47.370877
162 238 46.540305
164 238 45.738387
166 238 44.966654
168 238 44.226689
170 238 43.520110
172 238 42.848571
174 238 42.213742
176 238 41.617304
178 238 41.060930
180 238 40.546270
182 238 40.074930
184 238 39.648455
186 238 39.268308
188 238 38.935845
190 238 38.652296
192 238 38.418745
194 238 38.236109
196 238 38.105118
198 238 38.026307
200 238 38.000000
202 238 38.026307
204 238 38.105118
206 238 38.236109
208 238 38.418745
210 238 38.652296
212 238 38.935845
214 238 39.268308
216 238 39.648455
218 238 40.074930
220 238 40.546270
222 238 41.060930
224 238 41.617304
226 238 42.213742
228 238 42.848571
230 238 43.520110
232 238 44.226689
234 238 44.966654
236 238 45.738387
238 238 46.540305
240 238 47.370877
242 238 48.228622
244 238 49.112117
246 238 50.019996
248 238 50.950957
250 238 51.903757
252 238 52.877216
254 238 53.870214
256 238 54.881691
258 238 55.910643
260 238 56.956123
262 238 58.017239
264 238 59.093147
266 238 60.183054
268 238 61.286214
270 238 62.401923
272 238 63.529521
274 238 64.668385
276 238 65.817931
278 238 66.977608
280 238 68.146900
282 238 69.325320
284 238 70.512410
286 238 71.707740
288 238 72.910905
290 238 74.121522
292 238 75.339233
294 238 76.563699
296 238 77.794601
298 238 79.031639
300 238 80.274529
302 238 81.523003
304 238 82.776808
306 238 84.035707
308 238 85.299472
310 238 86.567892
312 238 87.840765
314 238 89.117899
316 238 90.399115
318 238 91.684241
320 238 92.973114
322 238 94.265582
324 238 95.561499
326 238 96.860725
328 238 98.163130
330 238 99.468588
332 238 100.776981
334 238 102.088197
336 238 103.402128
338 238 104.718671
340 238 106.037729
342 238 107.359210
344 238 108.683025
346 238 110.009091
348 238 111.337325
350 238 112.667653
352 238 114.000000
354 238 115.334297
356 238 116.670476
358 238 118.008474
360 238 119.348230
362 238 120.689685
364 238 122.032782
366 238 123.377470
368 238 124.723695
370 238 126.071408
372 238 127.420563
374 238 128.771115
376 238 130.123019
378 238 131.476234
380 238 132.830719
382 238 134.186437
384 238 135.543351
386 238 136.901424
388 238 138.260623
390 238 139.620915
392 238 140.982268
394 238 142.344652
396 238 143.708037
398 238 145.072396
0 240 146.969385
2 240 145.609066
4 240 144.249783
6 240 142.891567
8 240 141.534448
10 240 140.178458
12 240 138.823629
14 240 137.469997
16 240 136.117596
18 240 134.766465
20 240 133.416641
22 240 132.068164
24 240 130.721077
26 240 129.375423
28 240 128.031246
30 240 126.688595
32 240 125.347517
34 240 124.008064
36 240 122.670290
38 240 121.334249
40 240 120.000000
42 240 118.667603
44 240 117.337121
46 240 116.008620
48 240 114.682169
50 240 113.357840
52 240 112.035709
54 240 110.715853
56 240 109.398355
58 240 108.083301
60 240 106.770783
62 240 105.460893
64 240 104.153733
66 240 102.849404
68 240 101.548018
70 240 100.249688
72 240 98.954535
74 240 97.662685
76 240 96.374270
78 240 95.089432
80 240 93.808315
82 240 92.531076
84 240 91.257876
86 240 89.988888
88 240 88.724292
90 240 87.464278
92 240 86.209048
94 240 84.958814
96 240 83.713798
98 240 82.474238
100 240 81.240384
102 240 80.012499
104 240 78.790862
106 240 77.575769
108 240 76.367532
110 240 75.166482
112 240 73.972968
114 240 72.787362
116 240 71.610055
118 240 70.441465
120 240 69.282032
122 240 68.132224
124 240 66.992537
126 240 65.863495
128 240 64.745656
130 240 63.639610
132 240 62.545983
134 240 61.465437
136 240 60.398675
138 240 59.346440
140 240 58.309519
142 240 57.288742
144 240 56.284989
146 240 55.299186
148 240 54.332311
150 240 53.385391
152 240 52.459508
154 240 51.555795
156 240 50.675438
158 240 49.819675
160 240 48.989795
162 240 48.187135
164 240 47.413078
166 240 46.669048
168 240 45.956501
170 240 45.276926
172 240 44.631827
174 240 44.022721
176 240 43.451122
178 240 42.918527
180 240 42.426407
182 240 41.976184
184 240 41.569219
186 240 41.206796
188 240 40.890097
190 240 40.620192
192 240 40.398020
194 240 40.224371
196 240 40.099875
198 240 40.024992
200 240 40.000000
202 240 40.024992
204 240 40.099875
206 240 40.224371
208 240 40.398020
210 240 40.620192
212 240 40.890097
214 240 41.206796
216 240 41.569219
218 240 41.976184
220 240 42.426407
222 240 42.918527
224 240 43.451122
226 240 44.022721
228 240 44.631827
230 240 45.276926
232 240 45.956501
234 240 46.669048
236 240 47.413078
238 240 48.187135
240 240 48.989795
242 240 49.819675
244 240 50.675438
246 240 51.555795
248 240 52.459508
250 240 53.385391
252 240 54.332311
254 240 55.299186
256 240 56.284989
258 240 57.288742
260 240 58.309519
262 240 59.346440
264 240 60.398675
266 240 61.465437
268 240 62.545983
270 240 63.639610
272 240 64.745656
274 240 65.863495
276 240 66.992537
278 240 68.132224
280 240 69.282032
282 240 70.441465
284 240 71.610055
286 240 72.787362
288 240 73.972968
290 240 75.166482
292 240 76.367532
294 240 77.575769
296 240 78.790862
298 240 80.012499
300 240 81.240384
302 240 82.474238
304 240 83.713798
306 240 84.958814
308 240 86.209048
310 240 87.464278
312 240 88.724292
314 240 89.988888
316 240 91.257876
318 240 92.531076
320 240 93.808315
322 240 95.089432
324 240 96.374270
326 240 97.662685
328 240 98.954535
330 240 100.249688
332 240 101.548018
334 240 102.849404
336 240 104.153733
338 240 105.460893
340 240 106.770783
342 240 108.083301
344 240 109.398355
346 240 110.715853
348 240 112.035709
350 240 113.357840
352 240 114.682169
354 240 116.008620
356 240 117.337121
358 240 118.667603
360 240 120.000000
362 240 121.334249
364 240 122.670290
366 240 124.008064
368 240 125.347517
370 240 126.688595
372 240 128.031246
374 240 129.375423
376 240 130.721077
378 240 132.068164
380 240 133.416641
382 240 134.766465
384 240 136.117596
386 240 137.469997
388 240 138.823629
390 240 140.178458
392 240 141.534448
394 240 142.891567
396 240 144.249783
398 240 145.609066
0 242 147.526269
2 242 146.171133
4 242 144.817126
6 242 143.464281
8 242 142.112631
10 242 140.762211
12 242 139.413055
14 242 138.065202
16 242 136.718689
18 242 135.373557
20 242 134.029847
22 242 132.687603
24 242 131.346869
26 242 130.007692
28 242 128.670121
30 242 127.334206
32 242 126.000000
34 242 124.667558
36 242 123.336937
38 242 122.008196
40 242 120.681399
42 242 119.356609
44 242 118.033893
46 242 116.713324
48 242 115.394974
50 242 114.078920
52 242 112.765243
54 242 111.454026
56 242 110.145359
58 242 108.839331
60 242 107.536040
62 242 106.235587
64 242 104.938077
66 242 103.643620
68 242 102.352333
70 242 101.064336
72 242 99.779757
74 242 98.498731
76 242 97.221397
78 242 95.947903
80 242 94.678403
82 242 93.413061
84 242 92.152048
86 242 90.895544
88 242 89.643739
90 242 88.396833
92 242 87.155034
94 242 85.918566
96 242 84.687661
98 242 83.462566
100 242 82.243541
102 242 81.030858
104 242 79.824808
106 242 78.625696
108 242 77.433843
110 242 76.249590
112 242 75.073298
114 242 73.905345
116 242 72.746134
118 242 71.596089
120 242 70.455660
122 242 69.325320
124 242 68.205572
126 242 67.096945
128 242 66.000000
130 242 64.915329
132 242 63.843559
134 242 62.785349
136 242 61.741396
138 242 60.712437
140 242 59.699246
142 242 58.702640
144 242 57.723479
146 242 56.762664
148 242 55.821143
150 242 54.899909
152 242 54.000000
154 242 53.122500
156 242 52.268537
158 242 51.439285
160 242 50.635956
162 242 49.859803
164 242 49.112117
166 242 48.394215
168 242 47.707442
170 242 47.053161
172 242 46.432747
174 242 45.847574
176 242 45.299007
178 242 44.788391
180 242 44.317040
182 242 43.886217
184 242 43.497126
186 242 43.150898
188 242 42.848571
190 242 42.591079
192 242 42.379240
194 242 42.213742
196 242 42.095130
198 242 42.023803
200 242 42.000000
202 242 42.023803
204 242 42.095130
206 242 42.213742
208 242 42.379240
210 242 42.591079
212 242 42.848571
214 242 43.150898
216 242 43.497126
218 242 43.886217
220 242 44.317040
222 242 44.788391
224 242 45.299007
226 242 45.847574
228 242 46.432747
230 242 47.053161
232 242 47.707442
234 242 48.394215
236 242 49.112117
238 242 49.859803
240 242 50.635956
242 242 51.439285
244 242 52.268537
246 242 53.122500
248 242 54.000000
250 242 54.899909
252 242 55.821143
254 242 56.762664
256 242 57.723479
258 242 58.702640
260 242 59.699246
262 242 60.712437
264 242 61.741396
266 242 62.785349
268 242 63.843559
270 242 64.915329
272 242 66.000000
274 242 67.096945
276 242 68.205572
278 242 69.325320
280 242 70.455660
282 242 71.596089
284 242 72.746134
286 242 73.905345
288 242 75.073298
290 242 76.249590
292 242 77.433843
294 242 78.625696
296 242 79.824808
298 242 81.030858
300 242 82.243541
302 242 83.462566
304 242 84.687661
306 242 85.918566
308 242 87.155034
310 242 88.396833
312 242 89.643739
314 242 90.895544
316 242 92.152048
318 242 93.413061
320 242 94.678403
322 242 95.947903
324 242 97.221397
326 242 98.498731
328 242 99.779757
330 242 101.064336
332 242 102.352333
334 242 103.643620
336 242 104.938077
338 242 106.235587
340 242 107.536040
342 242 108.839331
344 242 110.145359
346 242 111.454026
348 242 112.765243
350 242 114.078920
352 242 115.394974
354 242 116.713324
356 242 118.033893
358 242 119.356609
360 242 120.681399
362 242 122.008196
364 242 123.336937
366 242 124.667558
368 242 126.000000
370 242 127.334206
372 242 128.670121
374 242 130.007692
376 242 131.346869
378 242 132.687603
380 242 134.029847
382 242 135.373557
384 242 136.718689
386 242 138.065202
388 242 139.413055
390 242 140.762211
392 242 142.112631
394 242 143.464281
396 242 144.817126
398 242 146.171133
0 244 148.108069
2 244 146.758305
4 244 145.409766
6 244 144.062486
8 244 142.716502
10 244 141.371850
12 244 140.028569
14 244 138.686697
16 244 137.346278
18 244 136.007353
20 244 134.669967
22 244 133.334167
24 244 132.000000
26 244 130.667517
28 244 129.336770
30 244 128.007812
32 244 126.680701
34 244 125.355494
36 244 124.032254
38 244 122.711043
40 244 121.391927
42 244 120.074977
44 244 118.760263
46 244 117.447861
48 244 116.137849
50 244 114.830310
52 244 113.525328
54 244 112.222992
56 244 110.923397
58 244 109.626639
60 244 108.332821
62 244 107.042048
64 244 105.754433
66 244 104.470091
68 244 103.189147
70 244 101.911727
72 244 100.637965
74 244 99.368003
76 244 98.101988
78 244 96.840074
80 244 95.582425
82 244 94.329211
84 244 93.080610
86 244 91.836812
88 244 90.598013
90 244 89.364422
92 244 88.136258
94 244 86.913750
96 244 85.697141
98 244 84.486685
100 244 83.282651
102 244 82.085321
104 244 80.894994
106 244 79.711982
108 244 78.536616
110 244 77.369245
112 244 76.210236
114 244 75.059976
116 244 73.918874
118 244 72.787362
120 244 71.665891
122 244 70.554943
124 244 69.455021
126 244 68.366659
128 244 67.290415
130 244 66.226883
132 244 65.176683
134 244 64.140471
136 244 63.118935
138 244 62.112801
140 244 61.122827
142 244 60.149813
144 244 59.194594
146 244 58.258047
148 244 57.341085
150 244 56.444663
152 244 55.569776
154 244 54.717456
156 244 53.888774
158 244 53.084838
160 244 52.306787
162 244 51.555795
164 244 50.833060
166 244 50.139805
168 244 49.477268
170 244 48.846699
172 244 48.249352
174 244 47.686476
176 244 47.159304
178 244 46.669048
180 244 46.216880
182 244 45.803930
184 244 45.431267
186 244 45.099889
188 244 44.810713
190 244 44.564560
192 244 44.362146
194 244 44.204072
196 244 44.090815
198 244 44.022721
200 244 44.000000
202 244 44.022721
204 244 44.090815
206 244 44.204072
208 244 44.362146
210 244 44.564560
212 244 44.810713
214 244 45.099889
216 244 45.431267
218 244 45.803930
220 244 46.216880
222 244 46.669048
224 244 47.159304
226 244 47.686476
228 244 48.249352
230 244 48.846699
232 244 49.477268
234 244 50.139805
236 244 50.833060
238 244 51.555795
240 244 52.306787
242 244 53.084838
244 244 53.888774
246 244 54.717456
248 244 55.569776
250 244 56.444663
252 244 57.341085
254 244 58.258047
256 244 59.194594
258 244 60.149813
260 244 61.122827
262 244 62.112801
264 244 63.118935
266 244 64.140471
268 244 65.176683
270 244 66.226883
272 244 67.290415
274 244 68.366659
276 244 69.455021
278 244 70.554943
280 244 71.665891
282 244 72.787362
284 244 73.918874
286 244 75.059976
288 244 76.210236
290 244 77.369245
292 244 78.536616
294 244 79.711982
296 244 80.894994
298 244 82.085321
300 244 83.282651
302 244 84.486685
304 244 85.697141
306 244 86.913750
308 244 88.136258
310 244 89.364422
312 244 90.598013
314 244 91.836812
316 244 93.080610
318 244 94.329211
320 244 95.582425
322 244 96.840074
324 244 98.101988
326 244 99.368003
328 244 100.637965
330 244 101.911727
332 244 103.189147
334 244 104.470091
336 244 105.754433
338 244 107.042048
340 244 108.332821
342 244 109.626639
344 244 110.923397
346 244 112.222992
348 244 113.525328
350 244 114.830310
352 244 116.137849
354 244 117.447861
356 244 118.760263
358 244 120.074977
360 244 121.391927
362 244 122.711043
364 244 124.032254
366 244 125.355494
368 244 126.680701
370 244 128.007812
372 244 129.336770
374 244 130.667517
376 244 132.000000
378 244 133.334167
380 244 134.669967
382 244 136.007353
384 244 137.346278
386 244 138.686697
388 244 140.028569
390 244 141.371850
392 244 142.716502
394 244 144.062486
396 244 145.409766
398 244 146.758305
0 246 148.714492
2 246 147.370282
4 246 146.027395
6 246 144.685867
8 246 143.345736
10 246 142.007042
12 246 140.669826
14 246 139.334131
16 246 138.000000
18 246 136.667480
20 246 135.336617
22 246 134.007462
24 246 132.680066
26 246 131.354482
28 246 130.030766
30 246 128.708974
32 246 127.389168
34 246 126.071408
36 246 124.755761
38 246 123.442294
40 246 122.131077
42 246 120.822183
44 246 119.515689
46 246 118.211675
48 246 116.910222
50 246 115.611418
52 246 114.315353
54 246 113.022122
56 246 111.731822
58 246 110.444556
60 246 109.160432
62 246 107.879562
64 246 106.602064
66 246 105.328059
68 246 104.057676
70 246 102.791050
72 246 101.528321
74 246 100.269636
76 246 99.015150
78 246 97.765024
80 246 96.519428
82 246 95.278539
84 246 94.042544
86 246 92.811637
88 246 91.586025
90 246 90.365923
92 246 89.151556
94 246 87.943163
96 246 86.740994
98 246 85.545310
100 246 84.356387
102 246 83.174515
104 246 82.000000
106 246 80.833162
108 246 79.674337
110 246 78.523882
112 246 77.382168
114 246 76.249590
116 246 75.126560
118 246 74.013512
120 246 72.910905
122 246 71.819217
124 246 70.738957
126 246 69.670654
128 246 68.614867
130 246 67.572184
132 246 66.543219
134 246 65.528620
136 246 64.529063
138 246 63.545259
140 246 62.577951
142 246 61.627916
144 246 60.695964
146 246 59.782941
148 246 58.889727
150 246 58.017239
152 246 57.166424
154 246 56.338264
156 246 55.533774
158 246 54.753995
160 246 54.000000
162 246 53.272882
164 246 52.573758
166 246 51.903757
168 246 51.264022
170 246 50.655701
172 246 50.079936
174 246 49.537864
176 246 49.030603
178 246 48.559242
180 246 48.124838
182 246 47.728398
184 246 47.370877
186 246 47.053161
188 246 46.776062
190 246 46.540305
192 246 46.346521
194 246 46.195238
196 246 46.086874
198 246 46.021734
200 246 46.000000
202 246 46.021734
204 246 46.086874
206 246 46.195238
208 246 46.346521
210 246 46.540305
212 246 46.776062
214 246 47.053161
216 246 47.370877
218 246 47.728398
220 246 48.124838
222 246 48.559242
224 246 49.030603
226 246 49.537864
228 246 50.079936
230 246 50.655701
232 246 51.264022
234 246 51.903757
236 246 52.573758
238 246 53.272882
240 246 54.000000
242 246 54.753995
244 246 55.533774
246 246 56.338264
248 246 57.166424
250 246 58.017239
252 246 58.889727
254 246 59.782941
256 246 60.695964
258 246 61.627916
260 246 62.577951
262 246 63.545259
264 246 64.529063
266 246 65.528620
268 246 66.543219
270 246 67.572184
272 246 68.614867
274 246 69.670654
276 246 70.738957
278 246 71.819217
280 246 72.910905
282 246 74.013512
284 246 75.126560
286 246 76.249590
288 246 77.382168
290 246 78.523882
292 246 79.674337
294 246 80.833162
296 246 82.000000
298 246 83.174515
300 246 84.356387
302 246 85.545310
304 246 86.740994
306 246 87.943163
308 246 89.151556
310 246 90.365923
312 246 91.586025
314 246 92.811637
316 246 94.042544
318 246 95.278539
320 246 96.519428
322 246 97.765024
324 246 99.015150
326 246 100.269636
328 246 101.528321
330 246 102.791050
332 246 104.057676
334 246 105.328059
336 246 106.602064
338 246 107.879562
340 246 109.160432
342 246 110.444556
344 246 111.731822
346 246 113.022122
348 246 114.315353
350 246 115.611418
352 246 116.910222
354 246 118.211675
356 246 119.515689
358 246 120.822183
360 246 122.131077
362 246 123.442294
364 246 124.755761
366 246 126.071408
368 246 127.389168
370 246 128.708974
372 246 130.030766
374 246 131.354482
376 246 132.680066
378 246 134.007462
380 246 135.336617
382 246 136.667480
384 246 138.000000
386 246 139.334131
388 246 140.669826
390 246 142.007042
392 246 143.345736
394 246 144.685867
396 246 146.027395
398 246 147.370282
0 248 149.345238
2 248 148.006757
4 248 146.669697
6 248 145.334098
8 248 144.000000
10 248 142.667445
12 248 141.336478
14 248 140.007143
16 248 138.679487
18 248 137.353558
20 248 136.029409
22 248 134.707090
24 248 133.386656
26 248 132.068164
28 248 130.751673
30 248 129.437243
32 248 128.124939
34 248 126.814826
36 248 125.506972
38 248 124.201449
40 248 122.898332
42 248 121.597697
44 248 120.299626
46 248 119.004202
48 248 117.711512
50 248 116.421647
52 248 115.134704
54 248 113.850780
56 248 112.569978
58 248 111.292408
60 248 110.018180
62 248 108.747414
64 248 107.480231
66 248 106.216760
68 248 104.957134
70 248 103.701495
72 248 102.449988
74 248 101.202767
76 248 99.959992
78 248 98.721831
80 248 97.488461
82 248 96.260064
84 248 95.036835
86 248 93.818975
88 248 92.606695
90 248 91.400219
92 248 90.199778
94 248 89.005618
96 248 87.817994
98 248 86.637174
100 248 85.463442
102 248 84.297094
104 248 83.138439
106 248 81.987804
108 248 80.845532
110 248 79.711982
112 248 78.587531
114 248 77.472576
116 248 76.367532
118 248 75.272837
120 248 74.188948
122 248 73.116346
124 248 72.055534
126 248 71.007042
128 248 69.971423
130 248 68.949257
132 248 67.941151
134 248 66.947741
136 248 65.969690
138 248 65.007692
140 248 64.062470
142 248 63.134776
144 248 62.225397
146 248 61.335145
148 248 60.464866
150 248 59.615434
152 248 58.787754
154 248 57.982756
156 248 57.201399
158 248 56.444663
160 248 55.713553
162 248 55.009090
164 248 54.332311
166 248 53.684262
168 248 53.065997
170 248 52.478567
172 248 51.923020
174 248 51.400389
176 248 50.911688
178 248 50.457903
180 248 50.039984
182 248 49.658836
184 248 49.315312
186 248 49.010203
188 248 48.744230
190 248 48.518038
192 248 48.332184
194 248 48.187135
196 248 48.083261
198 248 48.020829
200 248 48.000000
202 248 48.020829
204 248 48.083261
206 248 48.187135
208 248 48.332184
210 248 48.518038
212 248 48.744230
214 248 49.010203
216 248 49.315312
218 248 49.658836
220 248 50.039984
222 248 50.457903
224 248 50.911688
226 248 51.400389
228 248 51.923020
230 248 52.478567
232 248 53.065997
234 248 53.684262
236 248 54.332311
238 248 55.009090
240 248 55.713553
242 248 56.444663
244 248 57.201399
246 248 57.982756
248 248 58.787754
250 248 59.615434
252 248 60.464866
254 248 61.335145
256 248 62.225397
258 248 63.134776
260 248 64.062470
262 248 65.007692
264 248 65.969690
266 248 66.947741
268 248 67.941151
270 248 68.949257
272 248 69.971423
274 248 71.007042
276 248 72.055534
278 248 73.116346
280 248 74.188948
282 248 75.272837
284 248 76.367532
286 248 77.472576
288 248 78.587531
290 248 79.711982
292 248 80.845532
294 248 81.987804
296 248 83.138439
298 248 84.297094
300 248 85.463442
302 248 86.637174
304 248 87.817994
306 248 89.005618
308 248 90.199778
310 248 91.400219
312 248 92.606695
314 248 93.818975
316 248 95.036835
318 248 96.260064
320 248 97.488461
322 248 98.721831
324 248 99.959992
326 248 101.202767
328 248 102.449988
330 248 103.701495
332 248 104.957134
334 248 106.216760
336 248 107.480231
338 248 108.747414
340 248 110.018180
342 248 111.292408
344 248 112.569978
346 248 113.850780
348 248 115.134704
350 248 116.421647
352 248 117.711512
354 248 119.004202
356 248 120.299626
358 248 121.597697
360 248 122.898332
362 248 124.201449
364 248 125.506972
366 248 126.814826
368 248 128.124939
370 248 129.437243
372 248 130.751673
374 248 132.068164
376 248 133.386656
378 248 134.707090
380 248 136.029409
382 248 137.353558
384 248 138.679487
386 248 140.007143
388 248 141.336478
390 248 142.667445
392 248 144.000000
394 248 145.334098
396 248 146.669697
398 248 148.006757
0 250 150.000000
2 250 148.667414
4 250 147.336350
6 250 146.006849
8 250 144.678955
10 250 143.352712
12 250 142.028166
14 250 140.705366
16 250 139.384361
18 250 138.065202
20 250 136.747943
22 250 135.432640
24 250 134.119350
26 250 132.808132
28 250 131.499049
30 250 130.192166
32 250 128.887548
34 250 127.585266
36 250 126.285391
38 250 124.987999
40 250 123.693169
42 250 122.400980
44 250 121.111519
46 250 119.824872
48 250 118.541132
50 250 117.260394
52 250 115.982757
54 250 114.708326
56 250 113.437207
58 250 112.169515
60 250 110.905365
62 250 109.644881
64 250 108.388191
66 250 107.135428
68 250 105.886732
70 250 104.642248
72 250 103.402128
74 250 102.166531
76 250 100.935623
78 250 99.709578
80 250 98.488578
82 250 97.272812
84 250 96.062480
86 250 94.857788
88 250 93.658956
90 250 92.466210
92 250 91.279790
94 250 90.099945
96 250 88.926936
98 250 87.761039
100 250 86.602540
102 250 85.451741
104 250 84.308956
106 250 83.174515
108 250 82.048766
110 250 80.932070
112 250 79.824808
114 250 78.727378
116 250 77.640196
118 250 76.563699
120 250 75.498344
122 250 74.444610
124 250 73.402997
126 250 72.374028
128 250 71.358251
130 250 70.356236
132 250 69.368581
134 250 68.395906
136 250 67.438861
138 250 66.498120
140 250 65.574385
142 250 64.668385
144 250 63.780875
146 250 62.912638
148 250 62.064483
150 250 61.237244
152 250 60.431780
154 250 59.648973
156 250 58.889727
158 250 58.154965
160 250 57.445626
162 250 56.762664
164 250 56.107041
166 250 55.479726
168 250 54.881691
170 250 54.313902
172 250 53.777319
174 250 53.272882
176 250 52.801515
178 250 52.364110
180 250 51.961524
182 250 51.594573
184 250 51.264022
186 250 50.970580
188 250 50.714889
190 250 50.497525
192 250 50.318983
194 250 50.179677
196 250 50.079936
198 250 50.019996
200 250 50.000000
202 250 50.019996
204 250 50.079936
206 250 50.179677
208 250 50.318983
210 250 50.497525
212 250 50.714889
214 250 50.970580
216 250 51.264022
218 250 51.594573
220 250 51.961524
222 250 52.364110
224 250 52.801515
226 250 53.272882
228 250 53.777319
230 250 54.313902
232 250 54.881691
234 250 55.479726
236 250 56.107041
238 250 56.762664
240 250 57.445626
242 250 58.154965
244 250 58.889727
246 250 59.648973
248 250 60.431780
250 250 61.237244
252 250 62.064483
254 250 62.912638
256 250 63.780875
258 250 64.668385
260 250 65.574385
262 250 66.498120
264 250 67.438861
266 250 68.395906
268 250 69.368581
270 250 70.356236
272 250 71.358251
274 250 72.374028
276 250 73.402997
278 250 74.444610
280 250 75.498344
282 250 76.563699
284 250 77.640196
286 250 78.727378
288 250 79.824808
290 250 80.932070
292 250 82.048766
294 250 83.174515
296 250 84.308956
298 250 85.451741
300 250 86.602540
302 250 87.761039
304 250 88.926936
306 250 90.099945
308 250 91.279790
310 250 92.466210
312 250 93.658956
314 250 94.857788
316 250 96.062480
318 250 97.272812
320 250 98.488578
322 250 99.709578
324 250 100.935623
326 250 102.166531
328 250 103.402128
330 250 104.642248
332 250 105.886732
334 250 107.135428
336 250 108.388191
338 250 109.644881
340 250 110.905365
342 250 112.169515
344 250 113.437207
346 250 114.708326
348 250 115.982757
350 250 117.260394
352 250 118.541132
354 250 119.824872
356 250 121.111519
358 250 122.400980
360 250 123.693169
362 250 124.987999
364 250 126.285391
366 250 127.585266
368 250 128.887548
370 250 130.192166
372 250 131.499049
374 250 132.808132
376 250 134.119350
378 250 135.432640
380 250 136.747943
382 250 138.065202
384 250 139.384361
386 250 140.705366
388 250 142.028166
390 250 143.352712
392 250 144.678955
394 250 146.006849
396 250 147.336350
398 250 148.667414
0 252 150.678466
2 252 149.351933
4 252 148.027025
6 252 146.703783
8 252 145.382255
10 252 144.062486
12 252 142.744527
14 252 141.428427
16 252 140.114239
18 252 138.802017
20 252 137.491818
22 252 136.183699
24 252 134.877722
26 252 133.573950
28 252 132.272446
30 252 130.973280
32 252 129.676521
34 252 128.382242
36 252 127.090519
38 252 125.801431
40 252 124.515059
42 252 123.231489
44 252 121.950810
46 252 120.673112
48 252 119.398492
50 252 118.127050
52 252 116.858889
54 252 115.594117
56 252 114.332847
58 252 113.075196
60 252 111.821286
62 252 110.571244
64 252 109.325203
66 252 108.083301
68 252 106.845683
70 252 105.612499
72 252 104.383907
74 252 103.160070
76 252 101.941159
78 252 100.727355
80 252 99.518842
82 252 98.315818
84 252 97.118484
86 252 95.927056
88 252 94.741754
90 252 93.562813
92 252 92.390476
94 252 91.224997
96 252 90.066642
98 252 88.915690
100 252 87.772433
102 252 86.637174
104 252 85.510233
106 252 84.391943
108 252 83.282651
110 252 82.182723
112 252 81.092540
114 252 80.012499
116 252 78.943017
118 252 77.884530
120 252 76.837491
122 252 75.802375
124 252 74.779676
126 252 73.769913
128 252 72.773622
130 252 71.791364
132 252 70.823725
134 252 69.871310
136 252 68.934752
138 252 68.014704
140 252 67.111847
142 252 66.226883
144 252 65.360539
146 252 64.513564
148 252 63.686733
150 252 62.880840
152 252 62.096699
154 252 61.335145
156 252 60.597030
158 252 59.883220
160 252 59.194594
162 252 58.532043
164 252 57.896459
166 252 57.288742
168 252 56.709788
170 252 56.160484
172 252 55.641711
174 252 55.154329
176 252 54.699177
178 252 54.277067
180 252 53.888774
182 252 53.535035
184 252 53.216539
186 252 52.933921
188 252 52.687759
190 252 52.478567
192 252 52.306787
194 252 52.172790
196 252 52.076866
198 252 52.019227
200 252 52.000000
202 252 52.019227
204 252 52.076866
206 252 52.172790
208 252 52.306787
210 252 52.478567
212 252 52.687759
214 252 52.933921
216 252 53.216539
218 252 53.535035
220 252 53.888774
222 252 54.277067
224 252 54.699177
226 252 55.154329
228 252 55.641711
230 252 56.160484
232 252 56.709788
234 252 57.288742
236 252 57.896459
238 252 58.532043
240 252 59.194594
242 252 59.883220
244 252 60.597030
246 252 61.335145
248 252 62.096699
250 252 62.880840
252 252 63.686733
254 252 64.513564
256 252 65.360539
258 252 66.226883
260 252 67.111847
262 252 68.014704
264 252 68.934752
266 252 69.871310
268 252 70.823725
270 252 71.791364
272 252 72.773622
274 252 73.769913
276 252 74.779676
278 252 75.802375
280 252 76.837491
282 252 77.884530
284 252 78.943017
286 252 80.012499
288 252 81.092540
290 252 82.182723
292 252 83.282651
294 252 84.391943
296 252 85.510233
298 252 86.637174
300 252 87.772433
302 252 88.915690
304 252 90.066642
306 252 91.224997
308 252 92.390476
310 252 93.562813
312 252 94.741754
314 252 95.927056
316 252 97.118484
318 252 98.315818
320 252 99.518842
322 252 100.727355
324 252 101.941159
326 252 103.160070
328 252 104.383907
330 252 105.612499
332 252 106.845683
334 252 108.083301
336 252 109.325203
338 252 110.571244
340 252 111.821286
342 252 113.075196
344 252 114.332847
346 252 115.594117
348 252 116.858889
350 252 118.127050
352 252 119.398492
354 252 120.673112
356 252 121.950810
358 252 123.231489
360 252 124.515059
362 252 125.801431
364 252 127.090519
366 252 128.382242
368 252 129.676521
370 252 130.973280
372 252 132.272446
374 252 133.573950
376 252 134.877722
378 252 136.183699
380 252 137.491818
382 252 138.802017
384 252 140.114239
386 252 141.428427
388 252 142.744527
390 252 144.062486
392 252 145.382255
394 252 146.703783
396 252 148.027025
398 252 149.351933
0 254 151.380316
2 254 150.059988
4 254 148.741386
6 254 147.424557
8 254 146.109548
10 254 144.796409
12 254 143.485191
14 254 142.175947
16 254 140.868733
18 254 139.563606
20 254 138.260623
22 254 136.959848
24 254 135.661343
26 254 134.365174
28 254 133.071409
30 254 131.780120
32 254 130.491379
34 254 129.205263
36 254 127.921851
38 254 126.641226
40 254 125.363472
42 254 124.088678
44 254 122.816937
46 254 121.548344
48 254 120.283000
50 254 119.021007
52 254 117.762473
54 254 116.507510
56 254 115.256236
58 254 114.008772
60 254 112.765243
62 254 111.525782
64 254 110.290525
66 254 109.059617
68 254 107.833205
70 254 106.611444
72 254 105.394497
74 254 104.182532
76 254 102.975725
78 254 101.774260
80 254 100.578328
82 254 99.388128
84 254 98.203870
86 254 97.025770
88 254 95.854056
90 254 94.688965
92 254 93.530744
94 254 92.379651
96 254 91.235958
98 254 90.099945
100 254 88.971906
102 254 87.852149
104 254 86.740994
106 254 85.638776
108 254 84.545846
110 254 83.462566
112 254 82.389320
114 254 81.326502
116 254 80.274529
118 254 79.233831
120 254 78.204859
122 254 77.188082
124 254 76.183988
126 254 75.193085
128 254 74.215901
130 254 73.252986
132 254 72.304910
134 254 71.372264
136 254 70.455660
138 254 69.555733
140 254 68.673139
142 254 67.808554
144 254 66.962676
146 254 66.136223
148 254 65.329932
150 254 64.544558
152 254 63.780875
154 254 63.039670
156 254 62.321746
158 254 61.627916
160 254 60.959003
162 254 60.315835
164 254 59.699246
166 254 59.110067
168 254 58.549125
170 254 58.017239
172 254 57.515215
174 254 57.043843
176 254 56.603887
178 254 56.196085
180 254 55.821143
182 254 55.479726
184 254 55.172457
186 254 54.899909
188 254 54.662601
190 254 54.460995
192 254 54.295488
194 254 54.166410
196 254 54.074023
198 254 54.018515
200 254 54.000000
202 254 54.018515
204 254 54.074023
206 254 54.166410
208 254 54.295488
210 254 54.460995
212 254 54.662601
214 254 54.899909
216 254 55.172457
218 254 55.479726
220 254 55.821143
222 254 56.196085
224 254 56.603887
226 254 57.043843
228 254 57.515215
230 254 58.017239
232 254 58.549125
234 254 59.110067
236 254 59.699246
238 254 60.315835
240 254 60.959003
242 254 61.627916
244 254 62.321746
246 254 63.039670
248 254 63.780875
250 254 64.544558
252 254 65.329932
254 254 66.136223
256 254 66.962676
258 254 67.808554
260 254 68.673139
262 254 69.555733
264 254 70.455660
266 254 71.372264
268 254 72.304910
270 254 73.252986
272 254 74.215901
274 254 75.193085
276 254 76.183988
278 254 77.188082
280 254 78.204859
282 254 79.233831
284 254 80.274529
286 254 81.326502
288 254 82.389320
290 254 83.462566
292 254 84.545846
294 254 85.638776
296 254 86.740994
298 254 87.852149
300 254 88.971906
302 254 90.099945
304 254 91.235958
306 254 92.379651
308 254 93.530744
310 254 94.688965
312 254 95.854056
314 254 97.025770
316 254 98.203870
318 254 99.388128
320 254 100.578328
322 254 101.774260
324 254 102.975725
326 254 104.182532
328 254 105.394497
330 254 106.611444
332 254 107.833205
334 254 109.059617
336 254 110.290525
338 254 111.525782
340 254 112.765243
342 254 114.008772
344 254 115.256236
346 254 116.507510
348 254 117.762473
350 254 119.021007
352 254 120.283000
354 254 121.548344
356 254 122.816937
358 254 124.088678
360 254 125.363472
362 254 126.641226
364 254 127.921851
366 254 129.205263
368 254 130.491379
370 254 131.780120
372 254 133.071409
374 254 134.365174
376 254 135.661343
378 254 136.959848
380 254 138.260623
382 254 139.563606
384 254 140.868733
386 254 142.175947
388 254 143.485191
390 254 144.796409
392 254 146.109548
394 254 147.424557
396 254 148.741386
398 254 150.059988
0 256 152.105227
2 256 150.791246
4 256 149.479096
6 256 148.168823
8 256 146.860478
10 256 145.554114
12 256 144.249783
14 256 142.947543
16 256 141.647450
18 256 140.349564
20 256 139.053946
22 256 137.760662
24 256 136.469777
26 256 135.181360
28 256 133.895482
30 256 132.612217
32 256 131.331641
34 256 130.053835
36 256 128.778880
38 256 127.506863
40 256 126.237871
42 256 124.971997
44 256 123.709337
46 256 122.449990
48 256 121.194059
50 256 119.941652
52 256 118.692881
54 256 117.447861
56 256 116.206712
58 256 114.969561
60 256 113.736538
62 256 112.507778
64 256 111.283422
66 256 110.063618
68 256 108.848519
70 256 107.638283
72 256 106.433078
74 256 105.233075
76 256 104.038454
78 256 102.849404
80 256 101.666120
82 256 100.488805
84 256 99.317672
86 256 98.152942
88 256 96.994845
90 256 95.843623
92 256 94.699525
94 256 93.562813
96 256 92.433760
98 256 91.312650
100 256 90.199778
102 256 89.095454
104 256 88.000000
106 256 86.913750
108 256 85.837055
110 256 84.770278
112 256 83.713798
114 256 82.668011
116 256 81.633327
118 256 80.610173
120 256 79.598995
122 256 78.600254
124 256 77.614432
126 256 76.642025
128 256 75.683552
130 256 74.739548
132 256 73.810568
134 256 72.897188
136 256 72.000000
138 256 71.119618
140 256 70.256672
142 256 69.411815
144 256 68.585713
146 256 67.779053
148 256 66.992537
150 256 66.226883
152 256 65.482822
154 256 64.761099
156 256 64.062470
158 256 63.387696
160 256 62.737549
162 256 62.112801
164 256 61.514226
166 256 60.942596
168 256 60.398675
170 256 59.883220
172 256 59.396970
174 256 58.940648
176 256 58.514955
178 256 58.120564
180 256 57.758116
182 256 57.428216
184 256 57.131427
186 256 56.868269
188 256 56.639209
190 256 56.444663
192 256 56.284989
194 256 56.160484
196 256 56.071383
198 256 56.017854
200 256 56.000000
202 256 56.017854
204 256 56.071383
206 256 56.160484
208 256 56.284989
210 256 56.444663
212 256 56.639209
214 256 56.868269
216 256 57.131427
218 256 57.428216
220 256 57.758116
222 256 58.120564
224 256 58.514955
226 256 58.940648
228 256 59.396970
230 256 59.883220
232 256 60.398675
234 256 60.942596
236 256 61.514226
238 256 62.112801
240 256 62.737549
242 256 63.387696
244 256 64.062470
246 256 64.761099
248 256 65.482822
250 256 66.226883
252 256 66.992537
254 256 67.779053
256 256 68.585713
258 256 69.411815
260 256 70.256672
262 256 71.119618
264 256 72.000000
266 256 72.897188
268 256 73.810568
270 256 74.739548
272 256 75.683552
274 256 76.642025
276 256 77.614432
278 256 78.600254
280 256 79.598995
282 256 80.610173
284 256 81.633327
286 256 82.668011
288 256 83.713798
290 256 84.770278
292 256 85.837055
294 256 86.913750
296 256 88.000000
298 256 89.095454
300 256 90.199778
302 256 91.312650
304 256 92.433760
306 256 93.562813
308 256 94.699525
310 256 95.843623
312 256 96.994845
314 256 98.152942
316 256 99.317672
318 256 100.488805
320 256 101.666120
322 256 102.849404
324 256 104.038454
326 256 105.233075
328 256 106.433078
330 256 107.638283
332 256 108.848519
334 256 110.063618
336 256 111.283422
338 256 112.507778
340 256 113.736538
342 256 114.969561
344 256 116.206712
346 256 117.447861
348 256 118.692881
350 256 119.941652
352 256 121.194059
354 256 122.449990
356 256 123.709337
358 256 124.971997
360 256 126.237871
362 256 127.506863
364 256 128.778880
366 256 130.053835
368 256 131.331641
370 256 132.612217
372 256 133.895482
374 256 135.181360
376 256 136.469777
378 256 137.760662
380 256 139.053946
382 256 140.349564
384 256 141.647450
386 256 142.947543
388 256 144.249783
390 256 145.554114
392 256 146.860478
394 256 148.168823
396 256 149.479096
398 256 150.791246
0 258 152.852870
2 258 151.545373
4 258 150.239808
6 258 148.936228
8 258 147.634684
10 258 146.335232
12 258 145.037926
14 258 143.742826
16 258 142.449991
18 258 141.159484
20 258 139.871369
22 258 138.585714
24 258 137.302586
26 258 136.022057
28 258 134.744202
30 258 133.469098
32 258 132.196823
34 258 130.927461
36 258 129.661097
38 258 128.397819
40 258 127.137721
42 258 125.880896
44 258 124.627445
46 258 123.377470
48 258 122.131077
50 258 120.888378
52 258 119.649488
54 258 118.414526
56 258 117.183617
58 258 115.956889
60 258 114.734476
62 258 113.516519
64 258 112.303161
66 258 111.094554
68 258 109.890855
70 258 108.692226
72 258 107.498837
74 258 106.310865
76 258 105.128493
78 258 103.951912
80 258 102.781321
82 258 101.616928
84 258 100.458947
86 258 99.307603
88 258 98.163130
90 258 97.025770
92 258 95.895777
94 258 94.773414
96 258 93.658956
98 258 92.552688
100 258 91.454907
102 258 90.365923
104 258 89.286057
106 258 88.215645
108 258 87.155034
110 258 86.104588
112 258 85.064681
114 258 84.035707
116 258 83.018070
118 258 82.012194
120 258 81.018516
122 258 80.037491
124 258 79.069590
126 258 78.115299
128 258 77.175126
130 258 76.249590
132 258 75.339233
134 258 74.444610
136 258 73.566297
138 258 72.704883
140 258 71.860977
142 258 71.035203
144 258 70.228199
146 258 69.440622
148 258 68.673139
150 258 67.926431
152 258 67.201190
154 258 66.498120
156 258 65.817931
158 258 65.161338
160 258 64.529063
162 258 63.921827
164 258 63.340350
166 258 62.785349
168 258 62.257530
170 258 61.757591
172 258 61.286214
174 258 60.844063
176 258 60.431780
178 258 60.049979
180 258 59.699246
182 258 59.380131
184 258 59.093147
186 258 58.838763
188 258 58.617404
190 258 58.429445
192 258 58.275209
194 258 58.154965
196 258 58.068925
198 258 58.017239
200 258 58.000000
202 258 58.017239
204 258 58.068925
206 258 58.154965
208 258 58.275209
210 258 58.429445
212 258 58.617404
214 258 58.838763
216 258 59.093147
218 258 59.380131
220 258 59.699246
222 258 60.049979
224 258 60.431780
226 258 60.844063
228 258 61.286214
230 258 61.757591
232 258 62.257530
234 258 62.785349
236 258 63.340350
238 258 63.921827
240 258 64.529063
242 258 65.161338
244 258 65.817931
246 258 66.498120
248 258 67.201190
250 258 67.926431
252 258 68.673139
254 258 69.440622
256 258 70.228199
258 258 71.035203
260 258 71.860977
262 258 72.704883
264 258 73.566297
266 258 74.444610
268 258 75.339233
270 258 76.249590
272 258 77.175126
274 258 78.115299
276 258 79.069590
278 258 80.037491
280 258 81.018516
282 258 82.012194
284 258 83.018070
286 258 84.035707
288 258 85.064681
290 258 86.104588
292 258 87.155034
294 258 88.215645
296 258 89.286057
298 258 90.365923
300 258 91.454907
302 258 92.552688
304 258 93.658956
306 258 94.773414
308 258 95.895777
310 258 97.025770
312 258 98.163130
314 258 99.307603
316 258 100.458947
318 258 101.616928
320 258 102.781321
322 258 103.951912
324 258 105.128493
326 258 106.310865
328 258 107.498837
330 258 108.692226
332 258 109.890855
334 258 111.094554
336 258 112.303161
338 258 113.516519
340 258 114.734476
342 258 115.956889
344 258 117.183617
346 258 118.414526
348 258 119.649488
350 258 120.888378
352 258 122.131077
354 258 123.377470
356 258 124.627445
358 258 125.880896
360 258 127.137721
362 258 128.397819
364 258 129.661097
366 258 130.927461
368 258 132.196823
370 258 133.469098
372 258 134.744202
374 258 136.022057
376 258 137.302586
378 258 138.585714
380 258 139.871369
382 258 141.159484
384 258 142.449991
386 258 143.742826
388 258 145.037926
390 258 146.335232
392 258 147.634684
394 258 148.936228
396 258 150.239808
398 258 151.545373
0 260 153.622915
2 260 152.322027
4 260 151.023177
6 260 149.726417
8 260 148.431803
10 260 147.139390
12 260 145.849237
14 260 144.561406
16 260 143.275958
18 260 141.992958
20 260 140.712473
22 260 139.434572
24 260 138.159328
26 260 136.886815
28 260 135.617108
30 260 134.350288
32 260 133.086438
34 260 131.825642
36 260 130.567990
38 260 129.313572
40 260 128.062485
42 260 126.814826
44 260 125.570697
46 260 124.330206
48 260 123.093460
50 260 121.860576
52 260 120.631671
54 260 119.406867
56 260 118.186294
58 260 116.970082
60 260 115.758369
62 260 114.551299
64 260 113.349019
66 260 112.151683
68 260 110.959452
70 260 109.772492
72 260 108.590976
74 260 107.415083
76 260 106.245000
78 260 105.080921
80 260 103.923048
82 260 102.771591
84 260 101.626768
86 260 100.488805
88 260 99.357939
90 260 98.234414
92 260 97.118484
94 260 96.010416
96 260 94.910484
98 260 93.818975
100 260 92.736185
102 260 91.662424
104 260 90.598013
106 260 89.543286
108 260 88.498588
110 260 87.464278
112 260 86.440731
114 260 85.428333
116 260 84.427484
118 260 83.438600
120 260 82.462113
122 260 81.498466
124 260 80.548122
126 260 79.611557
128 260 78.689262
130 260 77.781746
132 260 76.889531
134 260 76.013157
136 260 75.153177
138 260 74.310161
140 260 73.484692
142 260 72.677369
144 260 71.888803
146 260 71.119618
148 260 70.370448
150 260 69.641941
152 260 68.934752
154 260 68.249542
156 260 67.586981
158 260 66.947741
160 260 66.332496
162 260 65.741920
164 260 65.176683
166 260 64.637450
168 260 64.124878
170 260 63.639610
172 260 63.182276
174 260 62.753486
176 260 62.353829
178 260 61.983869
180 260 61.644140
182 260 61.335145
184 260 61.057350
186 260 60.811183
188 260 60.597030
190 260 60.415230
192 260 60.266077
194 260 60.149813
196 260 60.066630
198 260 60.016664
200 260 60.000000
202 260 60.016664
204 260 60.066630
206 260 60.149813
208 260 60.266077
210 260 60.415230
212 260 60.597030
214 260 60.811183
216 260 61.057350
218 260 61.335145
220 260 61.644140
222 260 61.983869
224 260 62.353829
226 260 62.753486
228 260 63.182276
230 260 63.639610
232 260 64.124878
234 260 64.637450
236 260 65.176683
238 260 65.741920
240 260 66.332496
242 260 66.947741
244 260 67.586981
246 260 68.249542
248 260 68.934752
250 260 69.641941
252 260 70.370448
254 260 71.119618
256 260 71.888803
258 260 72.677369
260 260 73.484692
262 260 74.310161
264 260 75.153177
266 260 76.013157
268 260 76.889531
270 260 77.781746
272 260 78.689262
274 260 79.611557
276 260 80.548122
278 260 81.498466
280 260 82.462113
282 260 83.438600
284 260 84.427484
286 260 85.428333
288 260 86.440731
290 260 87.464278
292 260 88.498588
294 260 89.543286
296 260 90.598013
298 260 91.662424
300 260 92.736185
302 260 93.818975
304 260 94.910484
306 260 96.010416
308 260 97.118484
310 260 98.234414
312 260 99.357939
314 260 100.488805
316 260 101.626768
318 260 102.771591
320 260 103.923048
322 260 105.080921
324 260 106.245000
326 260 107.415083
328 260 108.590976
330 260 109.772492
332 260 110.959452
334 260 112.151683
336 260 113.349019
338 260 114.551299
340 260 115.758369
342 260 116.970082
344 260 118.186294
346 260 119.406867
348 260 120.631671
350 260 121.860576
352 260 123.093460
354 260 124.330206
356 260 125.570697
358 260 126.814826
360 260 128.062485
362 260 129.313572
364 260 130.567990
366 260 131.825642
368 260 133.086438
370 260 134.350288
372 260 135.617108
374 260 136.886815
376 260 138.159328
378 260 139.434572
380 260 140.712473
382 260 141.992958
384 260 143.275958
386 260 144.561406
388 260 145.849237
390 260 147.139390
392 260 148.431803
394 260 149.726417
396 260 151.023177
398 260 152.322027
0 262 154.415025
2 262 153.120867
4 262 151.828851
6 262 150.539031
8 262 149.251466
10 262 147.966212
12 262 146.683332
14 262 145.402889
16 262 144.124946
18 262 142.849571
20 262 141.576834
22 262 140.306807
24 262 139.039563
26 262 137.775179
28 262 136.513736
30 262 135.255314
32 262 134.000000
34 262 132.747881
36 262 131.499049
38 262 130.253599
40 262 129.011627
42 262 127.773237
44 262 126.538532
46 262 125.307621
48 262 124.080619
50 262 122.857641
52 262 121.638810
54 262 120.424250
56 262 119.214093
58 262 118.008474
60 262 116.807534
62 262 115.611418
64 262 114.420278
66 262 113.234270
68 262 112.053559
70 262 110.878312
72 262 109.708705
74 262 108.544922
76 262 107.387150
78 262 106.235587
80 262 105.090437
82 262 103.951912
84 262 102.820231
86 262 101.695624
88 262 100.578328
90 262 99.468588
92 262 98.366661
94 262 97.272812
96 262 96.187317
98 262 95.110462
100 262 94.042544
102 262 92.983870
104 262 91.934759
106 262 90.895544
108 262 89.866568
110 262 88.848185
112 262 87.840765
114 262 86.844689
116 262 85.860352
118 262 84.888162
120 262 83.928541
122 262 82.981926
124 262 82.048766
126 262 81.129526
128 262 80.224684
130 262 79.334734
132 262 78.460181
134 262 77.601546
136 262 76.759364
138 262 75.934182
140 262 75.126560
142 262 74.337070
144 262 73.566297
146 262 72.814834
148 262 72.083285
150 262 71.372264
152 262 70.682388
154 262 70.014284
156 262 69.368581
158 262 68.745909
160 262 68.146900
162 262 67.572184
164 262 67.022384
166 262 66.498120
168 262 66.000000
170 262 65.528620
172 262 65.084560
174 262 64.668385
176 262 64.280635
178 262 63.921827
180 262 63.592452
182 262 63.292970
184 262 63.023805
186 262 62.785349
188 262 62.577951
190 262 62.401923
192 262 62.257530
194 262 62.144992
196 262 62.064483
198 262 62.016127
200 262 62.000000
202 262 62.016127
204 262 62.064483
206 262 62.144992
208 262 62.257530
210 262 62.401923
212 262 62.577951
214 262 62.785349
216 262 63.023805
218 262 63.292970
220 262 63.592452
222 262 63.921827
224 262 64.280635
226 262 64.668385
228 262 65.084560
230 262 65.528620
232 262 66.000000
234 262 66.498120
236 262 67.022384
238 262 67.572184
240 262 68.146900
242 262 68.745909
244 262 69.368581
246 262 70.014284
248 262 70.682388
250 262 71.372264
252 262 72.083285
254 262 72.814834
256 262 73.566297
258 262 74.337070
260 262 75.126560
262 262 75.934182
264 262 76.759364
266 262 77.601546
268 262 78.460181
270 262 79.334734
272 262 80.224684
274 262 81.129526
276 262 82.048766
278 262 82.981926
280 262 83.928541
282 262 84.888162
284 262 85.860352
286 262 86.844689
288 262 87.840765
290 262 88.848185
292 262 89.866568
294 262 90.895544
296 262 91.934759
298 262 92.983870
300 262 94.042544
302 262 95.110462
304 262 96.187317
306 262 97.272812
308 262 98.366661
310 262 99.468588
312 262 100.578328
314 262 101.695624
316 262 102.820231
318 262 103.951912
320 262 105.090437
322 262 106.235587
324 262 107.387150
326 262 108.544922
328 262 109.708705
330 262 110.878312
332 262 112.053559
334 262 113.234270
336 262 114.420278
338 262 115.611418
340 262 116.807534
342 262 118.008474
344 262 119.214093
346 262 120.424250
348 262 121.638810
350 262 122.857641
352 262 124.080619
354 262 125.307621
356 262 126.538532
358 262 127.773237
360 262 129.011627
362 262 130.253599
364 262 131.499049
366 262 132.747881
368 262 134.000000
370 262 135.255314
372 262 136.513736
374 262 137.775179
376 262 139.039563
378 262 140.306807
380 262 141.576834
382 262 142.849571
384 262 144.124946
386 262 145.402889
388 262 146.683332
390 262 147.966212
392 262 149.251466
394 262 150.539031
396 262 151.828851
398 262 153.120867
0 264 155.228863
2 264 153.941547
4 264 152.656477
6 264 151.373710
8 264 150.093304
10 264 148.815322
12 264 147.539825
14 264 146.266879
16 264 144.996552
18 264 143.728911
20 264 142.464031
22 264 141.201983
24 264 139.942845
26 264 138.686697
28 264 137.433620
30 264 136.183699
32 264 134.937022
34 264 133.693680
36 264 132.453766
38 264 131.217377
40 264 129.984614
42 264 128.755582
44 264 127.530389
46 264 126.309145
48 264 125.091966
50 264 123.878973
52 264 122.670290
54 264 121.466045
56 264 120.266371
58 264 119.071407
60 264 117.881296
62 264 116.696187
64 264 115.516233
66 264 114.341593
68 264 113.172435
70 264 112.008928
72 264 110.851252
74 264 109.699590
76 264 108.554134
78 264 107.415083
80 264 106.282642
82 264 105.157025
84 264 104.038454
86 264 102.927159
88 264 101.823376
90 264 100.727355
92 264 99.639350
94 264 98.559627
96 264 97.488461
98 264 96.426138
100 264 95.372952
102 264 94.329211
104 264 93.295230
106 264 92.271339
108 264 91.257876
110 264 90.255194
112 264 89.263654
114 264 88.283634
116 264 87.315520
118 264 86.359713
120 264 85.416626
122 264 84.486685
124 264 83.570330
126 264 82.668011
128 264 81.780193
130 264 80.907354
132 264 80.049984
134 264 79.208585
136 264 78.383672
138 264 77.575769
140 264 76.785415
142 264 76.013157
144 264 75.259551
146 264 74.525164
148 264 73.810568
150 264 73.116346
152 264 72.443081
154 264 71.791364
156 264 71.161787
158 264 70.554943
160 264 69.971423
162 264 69.411815
164 264 68.876701
166 264 68.366659
168 264 67.882251
170 264 67.424031
172 264 66.992537
174 264 66.588287
176 264 66.211781
178 264 65.863495
180 264 65.543878
182 264 65.253352
184 264 64.992307
186 264 64.761099
188 264 64.560050
190 264 64.389440
192 264 64.249514
194 264 64.140471
196 264 64.062470
198 264 64.015623
200 264 64.000000
202 264 64.015623
204 264 64.062470
206 264 64.140471
208 264 64.249514
210 264 64.389440
212 264 64.560050
214 264 64.761099
216 264 64.992307
218 264 65.253352
220 264 65.543878
222 264 65.863495
224 264 66.211781
226 264 66.588287
228 264 66.992537
230 264 67.424031
232 264 67.882251
234 264 68.366659
236 264 68.876701
238 264 69.411815
240 264 69.971423
242 264 70.554943
244 264 71.161787
246 264 71.791364
248 264 72.443081
250 264 73.116346
252 264 73.810568
254 264 74.525164
256 264 75.259551
258 264 76.013157
260 264 76.785415
262 264 77.575769
264 264 78.383672
266 264 79.208585
268 264 80.049984
270 264 80.907354
272 264 81.780193
274 264 82.668011
276 264 83.570330
278 264 84.486685
280 264 85.416626
282 264 86.359713
284 264 87.315520
286 264 88.283634
288 264 89.263654
290 264 90.255194
292 264 91.257876
294 264 92.271339
296 264 93.295230
298 264 94.329211
300 264 95.372952
302 264 96.426138
304 264 97.488461
306 264 98.559627
308 264 99.639350
310 264 100.727355
312 264 101.823376
314 264 102.927159
316 264 104.038454
318 264 105.157025
320 264 106.282642
322 264 107.415083
324 264 108.554134
326 264 109.699590
328 264 110.851252
330 264 112.008928
332 264 113.172435
334 264 114.341593
336 264 115.516233
338 264 116.696187
340 264 117.881296
342 264 119.071407
344 264 120.266371
346 264 121.466045
348 264 122.670290
350 264 123.878973
352 264 125.091966
354 264 126.309145
356 264 127.530389
358 264 128.755582
360 264 129.984614
362 264 131.217377
364 264 132.453766
366 264 133.693680
368 264 134.937022
370 264 136.183699
372 264 137.433620
374 264 138.686697
376 264 139.942845
378 264 141.201983
380 264 142.464031
382 264 143.728911
384 264 144.996552
386 264 146.266879
388 264 147.539825
390 264 148.815322
392 264 150.093304
394 264 151.373710
396 264 152.656477
398 264 153.941547
0 266 156.064089
2 266 154.783720
4 266 153.505700
6 266 152.230089
8 266 150.956948
10 266 149.686339
12 266 148.418328
14 266 147.152982
16 266 145.890370
18 266 144.630564
20 266 143.373638
22 266 142.119668
24 266 140.868733
26 266 139.620915
28 266 138.376299
30 266 137.134970
32 266 135.897020
34 266 134.662541
36 266 133.431630
38 266 132.204387
40 266 130.980915
42 266 129.761319
44 266 128.545712
46 266 127.334206
48 266 126.126920
50 266 124.923977
52 266 123.725503
54 266 122.531629
56 266 121.342490
58 266 120.158229
60 266 118.978990
62 266 117.804923
64 266 116.636186
66 266 115.472941
68 266 114.315353
70 266 113.163598
72 266 112.017856
74 266 110.878312
76 266 109.745159
78 266 108.618599
80 266 107.498837
82 266 106.386089
84 266 105.280578
86 266 104.182532
88 266 103.092192
90 266 102.009803
92 266 100.935623
94 266 99.869915
96 266 98.812955
98 266 97.765024
100 266 96.726418
102 266 95.697440
104 266 94.678403
106 266 93.669632
108 266 92.671463
110 266 91.684241
112 266 90.708324
114 266 89.744081
116 266 88.791892
118 266 87.852149
120 266 86.925255
122 266 86.011627
124 266 85.111691
126 266 84.225887
128 266 83.354664
130 266 82.498485
132 266 81.657823
134 266 80.833162
136 266 80.024996
138 266 79.233831
140 266 78.460181
142 266 77.704569
144 266 76.967526
146 266 76.249590
148 266 75.551307
150 266 74.873226
152 266 74.215901
154 266 73.579889
156 266 72.965745
158 266 72.374028
160 266 71.805292
162 266 71.260087
164 266 70.738957
166 266 70.242437
168 266 69.771054
170 266 69.325320
172 266 68.905733
174 266 68.512773
176 266 68.146900
178 266 67.808554
180 266 67.498148
182 266 67.216070
184 266 66.962676
186 266 66.738295
188 266 66.543219
190 266 66.377707
192 266 66.241981
194 266 66.136223
196 266 66.060578
198 266 66.015150
200 266 66.000000
202 266 66.015150
204 266 66.060578
206 266 66.136223
208 266 66.241981
210 266 66.377707
212 266 66.543219
214 266 66.738295
216 266 66.962676
218 266 67.216070
220 266 67.498148
222 266 67.808554
224 266 68.146900
226 266 68.512773
228 266 68.905733
230 266 69.325320
232 266 69.771054
234 266 70.242437
236 266 70.738957
238 266 71.260087
240 266 71.805292
242 266 72.374028
244 266 72.965745
246 266 73.579889
248 266 74.215901
250 266 74.873226
252 266 75.551307
254 266 76.249590
256 266 76.967526
258 266 77.704569
260 266 78.460181
262 266 79.233831
264 266 80.024996
266 266 80.833162
268 266 81.657823
270 266 82.498485
272 266 83.354664
274 266 84.225887
276 266 85.111691
278 266 86.011627
280 266 86.925255
282 266 87.852149
284 266 88.791892
286 266 89.744081
288 266 90.708324
290 266 91.684241
292 266 92.671463
294 266 93.669632
296 266 94.678403
298 266 95.697440
300 266 96.726418
302 266 97.765024
304 266 98.812955
306 266 99.869915
308 266 100.935623
310 266 102.009803
312 266 103.092192
314 266 104.182532
316 266 105.280578
318 266 106.386089
320 266 107.498837
322 266 108.618599
324 266 109.745159
326 266 110.878312
328 266 112.017856
330 266 113.163598
332 266 114.315353
334 266 115.472941
336 266 116.636186
338 266 117.804923
340 266 118.978990
342 266 120.158229
344 266 121.342490
346 266 122.531629
348 266 123.725503
350 266 124.923977
352 266 126.126920
354 266 127.334206
356 266 128.545712
358 266 129.761319
360 266 130.980915
362 266 132.204387
364 266 133.431630
366 266 134.662541
368 266 135.897020
370 266 137.134970
372 266 138.376299
374 266 139.620915
376 266 140.868733
378 266 142.119668
380 266 143.373638
382 266 144.630564
384 266 145.890370
386 266 147.152982
388 266 148.418328
390 266 149.686339
392 266 150.956948
394 266 152.230089
396 266 153.505700
398 266 154.783720
0 268 156.920362
2 268 155.647037
4 268 154.376164
6 268 153.107805
8 268 151.842023
10 268 150.578883
12 268 149.318452
14 268 148.060798
16 268 146.805994
18 268 145.554114
20 268 144.305232
22 268 143.059428
24 268 141.816783
26 268 140.577381
28 268 139.341308
30 268 138.108653
32 268 136.879509
34 268 135.653972
36 268 134.432139
38 268 133.214113
40 268 132.000000
42 268 130.789908
44 268 129.583950
46 268 128.382242
48 268 127.184905
50 268 125.992063
52 268 124.803846
54 268 123.620387
56 268 122.441823
58 268 121.268298
60 268 120.099958
62 268 118.936958
64 268 117.779455
66 268 116.627613
68 268 115.481600
70 268 114.341593
72 268 113.207774
74 268 112.080328
76 268 110.959452
78 268 109.845346
80 268 108.738218
82 268 107.638283
84 268 106.545765
86 268 105.460893
88 268 104.383907
90 268 103.315052
92 268 102.254584
94 268 101.202767
96 268 100.159872
98 268 99.126182
100 268 98.101988
102 268 97.087589
104 268 96.083297
106 268 95.089432
108 268 94.106323
110 268 93.134312
112 268 92.173749
114 268 91.224997
116 268 90.288427
118 268 89.364422
120 268 88.453378
122 268 87.555697
124 268 86.671795
126 268 85.802098
128 268 84.947042
130 268 84.107075
132 268 83.282651
134 268 82.474238
136 268 81.682311
138 268 80.907354
140 268 80.149860
142 268 79.410327
144 268 78.689262
146 268 77.987178
148 268 77.304592
150 268 76.642025
152 268 76.000000
154 268 75.379042
156 268 74.779676
158 268 74.202426
160 268 73.647811
162 268 73.116346
164 268 72.608539
166 268 72.124892
168 268 71.665891
170 268 71.232015
172 268 70.823725
174 268 70.441465
176 268 70.085662
178 268 69.756720
180 268 69.455021
182 268 69.180922
184 268 68.934752
186 268 68.716810
188 268 68.527367
190 268 68.366659
192 268 68.234888
194 268 68.132224
196 268 68.058798
198 268 68.014704
200 268 68.000000
202 268 68.014704
204 268 68.058798
206 268 68.132224
208 268 68.234888
210 268 68.366659
212 268 68.527367
214 268 68.716810
216 268 68.934752
218 268 69.180922
220 268 69.455021
222 268 69.756720
224 268 70.085662
226 268 70.441465
228 268 70.823725
230 268 71.232015
232 268 71.665891
234 268 72.124892
236 268 72.608539
238 268 73.116346
240 268 73.647811
242 268 74.202426
244 268 74.779676
246 268 75.379042
248 268 76.000000
250 268 76.642025
252 268 77.304592
254 268 77.987178
256 268 78.689262
258 268 79.410327
260 268 80.149860
262 268 80.907354
264 268 81.682311
266 268 82.474238
268 268 83.282651
270 268 84.107075
272 268 84.947042
274 268 85.802098
276 268 86.671795
278 268 87.555697
280 268 88.453378
282 268 89.364422
284 268 90.288427
286 268 91.224997
288 268 92.173749
290 268 93.134312
292 268 94.106323
294 268 95.089432
296 268 96.083297
298 268 97.087589
300 268 98.101988
302 268 99.126182
304 268 100.159872
306 268 101.202767
308 268 102.254584
310 268 103.315052
312 268 104.383907
314 268 105.460893
316 268 106.545765
318 268 107.638283
320 268 108.738218
322 268 109.845346
324 268 110.959452
326 268 112.080328
328 268 113.207774
330 268 114.341593
332 268 115.481600
334 268 116.627613
336 268 117.779455
338 268 118.936958
340 268 120.099958
342 268 121.268298
344 268 122.441823
346 268 123.620387
348 268 124.803846
350 268 125.992063
352 268 127.184905
354 268 128.382242
356 268 129.583950
358 268 130.789908
360 268 132.000000
362 268 133.214113
364 268 134.432139
366 268 135.653972
368 268 136.879509
370 268 138.108653
372 268 139.341308
374 268 140.577381
376 268 141.816783
378 268 143.059428
380 268 144.305232
382 268 145.554114
384 268 146.805994
386 268 148.060798
388 268 149.318452
390 268 150.578883
392 268 151.842023
394 268 153.107805
396 268 154.376164
398 268 155.647037
0 270 157.797338
2 270 156.531147
4 270 155.267511
6 270 154.006493
8 270 152.748159
10 270 151.492574
12 270 150.239808
14 270 148.989933
16 270 147.743020
18 270 146.499147
20 270 145.258390
22 270 144.020832
24 270 142.786554
26 270 141.555643
28 270 140.328187
30 270 139.104277
32 270 137.884009
34 270 136.667480
36 270 135.454790
38 270 134.246043
40 270 133.041347
42 270 131.840813
44 270 130.644556
46 270 129.452694
48 270 128.265350
50 270 127.082650
52 270 125.904726
54 270 124.731712
56 270 123.563749
58 270 122.400980
60 270 121.243557
62 270 120.091632
64 270 118.945366
66 270 117.804923
68 270 116.670476
70 270 115.542200
72 270 114.420278
74 270 113.304898
76 270 112.196257
78 270 111.094554
80 270 110.000000
82 270 108.912809
84 270 107.833205
86 270 106.761416
88 270 105.697682
90 270 104.642248
92 270 103.595367
94 270 102.557301
96 270 101.528321
98 270 100.508706
100 270 99.498744
102 270 98.498731
104 270 97.508974
106 270 96.529788
108 270 95.561499
110 270 94.604440
112 270 93.658956
114 270 92.725401
116 270 91.804139
118 270 90.895544
120 270 90.000000
122 270 89.117899
124 270 88.249646
126 270 87.395652
128 270 86.556340
130 270 85.732141
132 270 84.923495
134 270 84.130850
136 270 83.354664
138 270 82.595399
140 270 81.853528
142 270 81.129526
144 270 80.423877
146 270 79.737068
148 270 79.069590
150 270 78.421936
152 270 77.794601
154 270 77.188082
156 270 76.602872
158 270 76.039463
160 270 75.498344
162 270 74.979997
164 270 74.484898
166 270 74.013512
168 270 73.566297
170 270 73.143694
172 270 72.746134
174 270 72.374028
176 270 72.027772
178 270 71.707740
180 270 71.414284
182 270 71.147734
184 270 70.908392
186 270 70.696535
188 270 70.512410
190 270 70.356236
192 270 70.228199
194 270 70.128454
196 270 70.057120
198 270 70.014284
200 270 70.000000
202 270 70.014284
204 270 70.057120
206 270 70.128454
208 270 70.228199
210 270 70.356236
212 270 70.512410
214 270 70.696535
216 270 70.908392
218 270 71.147734
220 270 71.414284
222 270 71.707740
224 270 72.027772
226 270 72.374028
228 270 72.746134
230 270 73.143694
232 270 73.566297
234 270 74.013512
236 270 74.484898
238 270 74.979997
240 270 75.498344
242 270 76.039463
244 270 76.602872
246 270 77.188082
248 270 77.794601
250 270 78.421936
252 270 79.069590
254 270 79.737068
256 270 80.423877
258 270 81.129526
260 270 81.853528
262 270 82.595399
264 270 83.354664
266 270 84.130850
268 270 84.923495
270 270 85.732141
272 270 86.556340
274 270 87.395652
276 270 88.249646
278 270 89.117899
280 270 90.000000
282 270 90.895544
284 270 91.804139
286 270 92.725401
288 270 93.658956
290 270 94.604440
292 270 95.561499
294 270 96.529788
296 270 97.508974
298 270 98.498731
300 270 99.498744
302 270 100.508706
304 270 101.528321
306 270 102.557301
308 270 103.595367
310 270 104.642248
312 270 105.697682
314 270 106.761416
316 270 107.833205
318 270 108.912809
320 270 110.000000
322 270 111.094554
324 270 112.196257
326 270 113.304898
328 270 114.420278
330 270 115.542200
332 270 116.670476
334 270 117.804923
336 270 118.945366
338 270 120.091632
340 270 121.243557
342 270 122.400980
344 270 123.563749
346 270 124.731712
348 270 125.904726
350 270 127.082650
352 270 128.265350
354 270 129.452694
356 270 130.644556
358 270 131.840813
360 270 133.041347
362 270 134.246043
364 270 135.454790
366 270 136.667480
368 270 137.884009
370 270 139.104277
372 270 140.328187
374 270 141.555643
376 270 142.786554
378 270 144.020832
380 270 145.258390
382 270 146.499147
384 270 147.743020
386 270 148.989933
388 270 150.239808
390 270 151.492574
392 270 152.748159
394 270 154.006493
396 270 155.267511
398 270 156.531147
0 272 158.694675
2 272 157.435701
4 272 156.179384
6 272 154.925789
8 272 153.674982
10 272 152.427032
12 272 151.182010
14 272 149.939988
16 272 148.701042
18 272 147.465250
20 272 146.232691
22 272 145.003448
24 272 143.777606
26 272 142.555252
28 272 141.336478
30 272 140.121376
32 272 138.910043
34 272 137.702578
36 272 136.499084
38 272 135.299667
40 272 134.104437
42 272 132.913506
44 272 131.726990
46 272 130.545011
48 272 129.367693
50 272 128.195164
52 272 127.027556
54 272 125.865007
56 272 124.707658
58 272 123.555655
60 272 122.409150
62 272 121.268298
64 272 120.133259
66 272 119.004202
68 272 117.881296
70 272 116.764721
72 272 115.654658
74 272 114.551299
76 272 113.454837
78 272 112.365475
80 272 111.283422
82 272 110.208893
84 272 109.142109
86 272 108.083301
88 272 107.032705
90 272 105.990566
92 272 104.957134
94 272 103.932671
96 272 102.917443
98 272 101.911727
100 272 100.915806
102 272 99.929975
104 272 98.954535
106 272 97.989795
108 272 97.036076
110 272 96.093704
112 272 95.163018
114 272 94.244363
116 272 93.338095
118 272 92.444578
120 272 91.564185
122 272 90.697299
124 272 89.844310
126 272 89.005618
128 272 88.181631
130 272 87.372765
132 272 86.579443
134 272 85.802098
136 272 85.041167
138 272 84.297094
140 272 83.570330
142 272 82.861330
144 272 82.170554
146 272 81.498466
148 272 80.845532
150 272 80.212219
152 272 79.598995
154 272 79.006329
156 272 78.434686
158 272 77.884530
160 272 77.356318
162 272 76.850504
164 272 76.367532
166 272 75.907839
168 272 75.471849
170 272 75.059976
172 272 74.672619
174 272 74.310161
176 272 73.972968
178 272 73.661387
180 272 73.375745
182 272 73.116346
184 272 72.883469
186 272 72.677369
188 272 72.498276
190 272 72.346389
192 272 72.221880
194 272 72.124892
196 272 72.055534
198 272 72.013888
200 272 72.000000
202 272 72.013888
204 272 72.055534
206 272 72.124892
208 272 72.221880
210 272 72.346389
212 272 72.498276
214 272 72.677369
216 272 72.883469
218 272 73.116346
220 272 73.375745
222 272 73.661387
224 272 73.972968
226 272 74.310161
228 272 74.672619
230 272 75.059976
232 272 75.471849
234 272 75.907839
236 272 76.367532
238 272 76.850504
240 272 77.356318
242 272 77.884530
244 272 78.434686
246 272 79.006329
248 272 79.598995
250 272 80.212219
252 272 80.845532
254 272 81.498466
256 272 82.170554
258 272 82.861330
260 272 83.570330
262 272 84.297094
264 272 85.041167
266 272 85.802098
268 272 86.579443
270 272 87.372765
272 272 88.181631
274 272 89.005618
276 272 89.844310
278 272 90.697299
280 272 91.564185
282 272 92.444578
284 272 93.338095
286 272 94.244363
288 272 95.163018
290 272 96.093704
292 272 97.036076
294 272 97.989795
296 272 98.954535
298 272 99.929975
300 272 100.915806
302 272 101.911727
304 272 102.917443
306 272 103.932671
308 272 104.957134
310 272 105.990566
312 272 107.032705
314 272 108.083301
316 272 109.142109
318 272 110.208893
320 272 111.283422
322 272 112.365475
324 272 113.454837
326 272 114.551299
328 272 115.654658
330 272 116.764721
332 272 117.881296
334 272 119.004202
336 272 120.133259
338 272 121.268298
340 272 122.409150
342 272 123.555655
344 272 124.707658
346 272 125.865007
348 272 127.027556
350 272 128.195164
352 272 129.367693
354 272 130.545011
356 272 131.726990
358 272 132.913506
360 272 134.104437
362 272 135.299667
364 272 136.499084
366 272 137.702578
368 272 138.910043
370 272 140.121376
372 272 141.336478
374 272 142.555252
376 272 143.777606
378 272 145.003448
380 272 146.232691
382 272 147.465250
384 272 148.701042
386 272 149.939988
388 272 151.182010
390 272 152.427032
392 272 153.674982
394 272 154.925789
396 272 156.179384
398 272 157.435701
0 274 159.612030
2 274 158.360349
4 274 157.111425
6 274 155.865326
8 274 154.622120
10 274 153.381876
12 274 152.144668
14 274 150.910570
16 274 149.679658
18 274 148.452012
20 274 147.227715
22 274 146.006849
24 274 144.789502
26 274 143.575764
28 274 142.365726
30 274 141.159484
32 274 139.957136
34 274 138.758784
36 274 137.564530
38 274 136.374484
40 274 135.188757
42 274 134.007462
44 274 132.830719
46 274 131.658650
48 274 130.491379
50 274 129.329038
52 274 128.171760
54 274 127.019684
56 274 125.872952
58 274 124.731712
60 274 123.596116
62 274 122.466322
64 274 121.342490
66 274 120.224789
68 274 119.113391
70 274 118.008474
72 274 116.910222
74 274 115.818824
76 274 114.734476
78 274 113.657380
80 274 112.587744
82 274 111.525782
84 274 110.471716
86 274 109.425774
88 274 108.388191
90 274 107.359210
92 274 106.339080
94 274 105.328059
96 274 104.326411
98 274 103.334409
100 274 102.352333
102 274 101.380471
104 274 100.419122
106 274 99.468588
108 274 98.529183
110 274 97.601230
112 274 96.685056
114 274 95.781000
116 274 94.889409
118 274 94.010638
120 274 93.145048
122 274 92.293012
124 274 91.454907
126 274 90.631120
128 274 89.822046
130 274 89.028085
132 274 88.249646
134 274 87.487142
136 274 86.740994
138 274 86.011627
140 274 85.299472
142 274 84.604964
144 274 83.928541
146 274 83.270643
148 274 82.631713
150 274 82.012194
152 274 81.412530
154 274 80.833162
156 274 80.274529
158 274 79.737068
160 274 79.221209
162 274 78.727378
164 274 78.255990
166 274 77.807455
168 274 77.382168
170 274 76.980517
172 274 76.602872
174 274 76.249590
176 274 75.921012
178 274 75.617458
180 274 75.339233
182 274 75.086617
184 274 74.859869
186 274 74.659226
188 274 74.484898
190 274 74.337070
192 274 74.215901
194 274 74.121522
196 274 74.054034
198 274 74.013512
200 274 74.000000
202 274 74.013512
204 274 74.054034
206 274 74.121522
208 274 74.215901
210 274 74.337070
212 274 74.484898
214 274 74.659226
216 274 74.859869
218 274 75.086617
220 274 75.339233
222 274 75.617458
224 274 75.921012
226 274 76.249590
228 274 76.602872
230 274 76.980517
232 274 77.382168
234 274 77.807455
236 274 78.255990
238 274 78.727378
240 274 79.221209
242 274 79.737068
244 274 80.274529
246 274 80.833162
248 274 81.412530
250 274 82.012194
252 274 82.631713
254 274 83.270643
256 274 83.928541
258 274 84.604964
260 274 85.299472
262 274 86.011627
264 274 86.740994
266 274 87.487142
268 274 88.249646
270 274 89.028085
272 274 89.822046
274 274 90.631120
276 274 91.454907
278 274 92.293012
280 274 93.145048
282 274 94.010638
284 274 94.889409
286 274 95.781000
288 274 96.685056
290 274 97.601230
292 274 98.529183
294 274 99.468588
296 274 100.419122
298 274 101.380471
300 274 102.352333
302 274 103.334409
304 274 104.326411
306 274 105.328059
308 274 106.339080
310 274 107.359210
312 274 108.388191
314 274 109.425774
316 274 110.471716
318 274 111.525782
320 274 112.587744
322 274 113.657380
324 274 114.734476
326 274 115.818824
328 274 116.910222
330 274 118.008474
332 274 119.113391
334 274 120.224789
336 274 121.342490
338 274 122.466322
340 274 123.596116
342 274 124.731712
344 274 125.872952
346 274 127.019684
348 274 128.171760
350 274 129.329038
352 274 130.491379
354 274 131.658650
356 274 132.830719
358 274 134.007462
360 274 135.188757
362 274 136.374484
364 274 137.564530
366 274 138.758784
368 274 139.957136
370 274 141.159484
372 274 142.365726
374 274 143.575764
376 274 144.789502
378 274 146.006849
380 274 147.227715
382 274 148.452012
384 274 149.679658
386 274 150.910570
388 274 152.144668
390 274 153.381876
392 274 154.622120
394 274 155.865326
396 274 157.111425
398 274 158.360349
0 276 160.549058
2 276 159.304739
4 276 158.063278
6 276 156.824743
8 276 155.589203
10 276 154.356730
12 276 153.127398
14 276 151.901284
16 276 150.678466
18 276 149.459024
20 276 148.243044
22 276 147.030609
24 276 145.821809
26 276 144.616735
28 276 143.415480
30 276 142.218142
32 276 141.024821
34 276 139.835618
36 276 138.650640
38 276 137.469997
40 276 136.293800
42 276 135.122167
44 276 133.955216
46 276 132.793072
48 276 131.635861
50 276 130.483715
52 276 129.336770
54 276 128.195164
56 276 127.059041
58 276 125.928551
60 276 124.803846
62 276 123.685084
64 276 122.572428
66 276 121.466045
68 276 120.366108
70 276 119.272797
72 276 118.186294
74 276 117.106789
76 276 116.034478
78 276 114.969561
80 276 113.912247
82 276 112.862749
84 276 111.821286
86 276 110.788086
88 276 109.763382
90 276 108.747414
92 276 107.740429
94 276 106.742681
96 276 105.754433
98 276 104.775951
100 276 103.807514
102 276 102.849404
104 276 101.901914
106 276 100.965341
108 276 100.039992
110 276 99.126182
112 276 98.224233
114 276 97.334475
116 276 96.457244
118 276 95.592887
120 276 94.741754
122 276 93.904207
124 276 93.080610
126 276 92.271339
128 276 91.476773
130 276 90.697299
132 276 89.933309
134 276 89.185201
136 276 88.453378
138 276 87.738247
140 276 87.040221
142 276 86.359713
144 276 85.697141
146 276 85.052925
148 276 84.427484
150 276 83.821238
152 276 83.234608
154 276 82.668011
156 276 82.121861
158 276 81.596569
160 276 81.092540
162 276 80.610173
164 276 80.149860
166 276 79.711982
168 276 79.296910
170 276 78.905006
172 276 78.536616
174 276 78.192071
176 276 77.871689
178 276 77.575769
180 276 77.304592
182 276 77.058419
184 276 76.837491
186 276 76.642025
188 276 76.472217
190 276 76.328239
192 276 76.210236
194 276 76.118329
196 276 76.052613
198 276 76.013157
200 276 76.000000
202 276 76.013157
204 276 76.052613
206 276 76.118329
208 276 76.210236
210 276 76.328239
212 276 76.472217
214 276 76.642025
216 276 76.837491
218 276 77.058419
220 276 77.304592
222 276 77.575769
224 276 77.871689
226 276 78.192071
228 276 78.536616
230 276 78.905006
232 276 79.296910
234 276 79.711982
236 276 80.149860
238 276 80.610173
240 276 81.092540
242 276 81.596569
244 276 82.121861
246 276 82.668011
248 276 83.234608
250 276 83.821238
252 276 84.427484
254 276 85.052925
256 276 85.697141
258 276 86.359713
260 276 87.040221
262 276 87.738247
264 276 88.453378
266 276 89.185201
268 276 89.933309
270 276 90.697299
272 276 91.476773
274 276 92.271339
276 276 93.080610
278 276 93.904207
280 276 94.741754
282 276 95.592887
284 276 96.457244
286 276 97.334475
288 276 98.224233
290 276 99.126182
292 276 100.039992
294 276 100.965341
296 276 101.901914
298 276 102.849404
300 276 103.807514
302 276 104.775951
304 276 105.754433
306 276 106.742681
308 276 107.740429
310 276 108.747414
312 276 109.763382
314 276 110.788086
316 276 111.821286
318 276 112.862749
320 276 113.912247
322 276 114.969561
324 276 116.034478
326 276 117.106789
328 276 118.186294
330 276 119.272797
332 276 120.366108
334 276 121.466045
336 276 122.572428
338 276 123.685084
340 276 124.803846
342 276 125.928551
344 276 127.059041
346 276 128.195164
348 276 129.336770
350 276 130.483715
352 276 131.635861
354 276 132.793072
356 276 133.955216
358 276 135.122167
360 276 136.293800
362 276 137.469997
364 276 138.650640
366 276 139.835618
368 276 141.024821
370 276 142.218142
372 276 143.415480
374 276 144.616735
376 276 145.821809
378 276 147.030609
380 276 148.243044
382 276 149.459024
384 276 150.678466
386 276 151.901284
388 276 153.127398
390 276 154.356730
392 276 155.589203
394 276 156.824743
396 276 158.063278
398 276 159.304739
0 278 161.505418
2 278 160.268525
4 278 159.034587
6 278 157.803675
8 278 156.575860
10 278 155.351215
12 278 154.129815
14 278 152.911739
16 278 151.697067
18 278 150.485880
20 278 149.278264
22 278 148.074306
24 278 146.874096
26 278 145.677727
28 278 144.485293
30 278 143.296895
32 278 142.112631
34 278 140.932608
36 278 139.756932
38 278 138.585714
40 278 137.419067
42 278 136.257110
44 278 135.099963
46 278 133.947751
48 278 132.800602
50 278 131.658650
52 278 130.522029
54 278 129.390881
56 278 128.265350
58 278 127.145586
60 278 126.031742
62 278 124.923977
64 278 123.822454
66 278 122.727340
68 278 121.638810
70 278 120.557040
72 278 119.482216
74 278 118.414526
76 278 117.354165
78 278 116.301333
80 278 115.256236
82 278 114.219088
84 278 113.190106
86 278 112.169515
88 278 111.157546
90 278 110.154437
92 278 109.160432
94 278 108.175783
96 278 107.200746
98 278 106.235587
100 278 105.280578
102 278 104.335996
104 278 103.402128
106 278 102.479266
108 278 101.567711
110 278 100.667770
112 278 99.779757
114 278 98.903994
116 278 98.040808
118 278 97.190535
120 278 96.353516
122 278 95.530100
124 278 94.720642
126 278 93.925502
128 278 93.145048
130 278 92.379651
132 278 91.629690
134 278 90.895544
136 278 90.177603
138 278 89.476254
140 278 88.791892
142 278 88.124911
144 278 87.475711
146 278 86.844689
148 278 86.232245
150 278 85.638776
152 278 85.064681
154 278 84.510354
156 278 83.976187
158 278 83.462566
160 278 82.969874
162 278 82.498485
164 278 82.048766
166 278 81.621076
168 278 81.215762
170 278 80.833162
172 278 80.473598
174 278 80.137382
176 278 79.824808
178 278 79.536155
180 278 79.271685
182 278 79.031639
184 278 78.816242
186 278 78.625696
188 278 78.460181
190 278 78.319857
192 278 78.204859
194 278 78.115299
196 278 78.051265
198 278 78.012819
200 278 78.000000
202 278 78.012819
204 278 78.051265
206 278 78.115299
208 278 78.204859
210 278 78.319857
212 278 78.460181
214 278 78.625696
216 278 78.816242
218 278 79.031639
220 278 79.271685
222 278 79.536155
224 278 79.824808
226 278 80.137382
228 278 80.473598
230 278 80.833162
232 278 81.215762
234 278 81.621076
236 278 82.048766
238 278 82.498485
240 278 82.969874
242 278 83.462566
244 278 83.976187
246 278 84.510354
248 278 85.064681
250 278 85.638776
252 278 86.232245
254 278 86.844689
256 278 87.475711
258 278 88.124911
260 278 88.791892
262 278 89.476254
264 278 90.177603
266 278 90.895544
268 278 91.629690
270 278 92.379651
272 278 93.145048
274 278 93.925502
276 278 94.720642
278 278 95.530100
280 278 96.353516
282 278 97.190535
284 278 98.040808
286 278 98.903994
288 278 99.779757
290 278 100.667770
292 278 101.567711
294 278 102.479266
296 278 103.402128
298 278 104.335996
300 278 105.280578
302 278 106.235587
304 278 107.200746
306 278 108.175783
308 278 109.160432
310 278 110.154437
312 278 111.157546
314 278 112.169515
316 278 113.190106
318 278 114.219088
320 278 115.256236
322 278 116.301333
324 278 117.354165
326 278 118.414526
328 278 119.482216
330 278 120.557040
332 278 121.638810
334 278 122.727340
336 278 123.822454
338 278 124.923977
340 278 126.031742
342 278 127.145586
344 278 128.265350
346 278 129.390881
348 278 130.522029
350 278 131.658650
352 278 132.800602
354 278 133.947751
356 278 135.099963
358 278 136.257110
360 278 137.419067
362 278 138.585714
364 278 139.756932
366 278 140.932608
368 278 142.112631
370 278 143.296895
372 278 144.485293
374 278 145.677727
376 278 146.874096
378 278 148.074306
380 278 149.278264
382 278 150.485880
384 278 151.697067
386 278 152.911739
388 278 154.129815
390 278 155.351215
392 278 156.575860
394 278 157.803675
396 278 159.034587
398 278 160.268525
0 280 162.480768
2 280 161.251357
4 280 160.024998
6 280 158.801763
8 280 157.581725
10 280 156.364958
12 280 155.151539
14 280 153.941547
16 280 152.735065
18 280 151.532175
20 280 150.332964
22 280 149.137520
24 280 147.945936
26 280 146.758305
28 280 145.574723
30 280 144.395291
32 280 143.220110
34 280 142.049287
36 280 140.882930
38 280 139.721151
40 280 138.564065
42 280 137.411790
44 280 136.264449
46 280 135.122167
48 280 133.985074
50 280 132.853303
52 280 131.726990
54 280 130.606279
56 280 129.491312
58 280 128.382242
60 280 127.279221
62 280 126.182408
64 280 125.091966
66 280 124.008064
68 280 122.930875
70 280 121.860576
72 280 120.797351
74 280 119.741388
76 280 118.692881
78 280 117.652029
80 280 116.619038
82 280 115.594117
84 280 114.577485
86 280 113.569362
88 280 112.569978
90 280 111.579568
92 280 110.598373
94 280 109.626639
96 280 108.664622
98 280 107.712581
100 280 106.770783
102 280 105.839501
104 280 104.919016
106 280 104.009615
108 280 103.111590
110 280 102.225242
112 280 101.350876
114 280 100.488805
116 280 99.639350
118 280 98.802834
120 280 97.979590
122 280 97.169954
124 280 96.374270
126 280 95.592887
128 280 94.826157
130 280 94.074439
132 280 93.338095
134 280 92.617493
136 280 91.913002
138 280 91.224997
140 280 90.553851
142 280 89.899944
144 280 89.263654
146 280 88.645361
148 280 88.045443
150 280 87.464278
152 280 86.902244
154 280 86.359713
156 280 85.837055
158 280 85.334635
160 280 84.852814
162 280 84.391943
164 280 83.952367
166 280 83.534424
168 280 83.138439
170 280 82.764727
172 280 82.413591
174 280 82.085321
176 280 81.780193
178 280 81.498466
180 280 81.240384
182 280 81.006173
184 280 80.796040
186 280 80.610173
188 280 80.448741
190 280 80.311892
192 280 80.199751
194 280 80.112421
196 280 80.049984
198 280 80.012499
200 280 80.000000
202 280 80.012499
204 280 80.049984
206 280 80.112421
208 280 80.199751
210 280 80.311892
212 280 80.448741
214 280 80.610173
216 280 80.796040
218 280 81.006173
220 280 81.240384
222 280 81.498466
224 280 81.780193
226 280 82.085321
228 280 82.413591
230 280 82.764727
232 280 83.138439
234 280 83.534424
236 280 83.952367
238 280 84.391943
240 280 84.852814
242 280 85.334635
244 280 85.837055
246 280 86.359713
248 280 86.902244
250 280 87.464278
252 280 88.045443
254 280 88.645361
256 280 89.263654
258 280 89.899944
260 280 90.553851
262 280 91.224997
264 280 91.913002
266 280 92.617493
268 280 93.338095
270 280 94.074439
272 280 94.826157
274 280 95.592887
276 280 96.374270
278 280 97.169954
280 280 97.979590
282 280 98.802834
284 280 99.639350
286 280 100.488805
288 280 101.350876
290 280 102.225242
292 280 103.111590
294 280 104.009615
296 280 104.919016
298 280 105.839501
300 280 106.770783
302 280 107.712581
304 280 108.664622
306 280 109.626639
308 280 110.598373
310 280 111.579568
312 280 112.569978
314 280 113.569362
316 280 114.577485
318 280 115.594117
320 280 116.619038
322 280 117.652029
324 280 118.692881
326 280 119.741388
328 280 120.797351
330 280 121.860576
332 280 122.930875
334 280 124.008064
336 280 125.091966
338 280 126.182408
340 280 127.279221
342 280 128.382242
344 280 129.491312
346 280 130.606279
348 280 131.726990
350 280 132.853303
352 280 133.985074
354 280 135.122167
356 280 136.264449
358 280 137.411790
360 280 138.564065
362 280 139.721151
364 280 140.882930
366 280 142.049287
368 280 143.220110
370 280 144.395291
372 280 145.574723
374 280 146.758305
376 280 147.945936
378 280 149.137520
380 280 150.332964
382 280 151.532175
384 280 152.735065
386 280 153.941547
388 280 155.151539
390 280 156.364958
392 280 157.581725
394 280 158.801763
396 280 160.024998
398 280 161.251357
0 282 163.474769
2 282 162.252889
4 282 161.034158
6 282 159.818647
8 282 158.606431
10 282 157.397586
12 282 156.192189
14 282 154.990322
16 282 153.792067
18 282 152.597510
20 282 151.406737
22 282 150.219839
24 282 149.036908
26 282 147.858040
28 282 146.683332
30 282 145.512886
32 282 144.346805
34 282 143.185195
36 282 142.028166
38 282 140.875832
40 282 139.728308
42 282 138.585714
44 282 137.448172
46 282 136.315810
48 282 135.188757
50 282 134.067147
52 282 132.951119
54 282 131.840813
56 282 130.736376
58 282 129.637957
60 282 128.545712
62 282 127.459798
64 282 126.380378
66 282 125.307621
68 282 124.241700
70 282 123.182791
72 282 122.131077
74 282 121.086746
76 282 120.049990
78 282 119.021007
80 282 118.000000
82 282 116.987179
84 282 115.982757
86 282 114.986956
88 282 114.000000
90 282 113.022122
92 282 112.053559
94 282 111.094554
96 282 110.145359
98 282 109.206227
100 282 108.277421
102 282 107.359210
104 282 106.451867
106 282 105.555673
108 282 104.670913
110 282 103.797881
112 282 102.936874
114 282 102.088197
116 282 101.252160
118 282 100.429079
120 282 99.619275
122 282 98.823074
124 282 98.040808
126 282 97.272812
128 282 96.519428
130 282 95.781000
132 282 95.057877
134 282 94.350411
136 282 93.658956
138 282 92.983870
140 282 92.325511
142 282 91.684241
144 282 91.060420
146 282 90.454408
148 282 89.866568
150 282 89.297256
152 282 88.746831
154 282 88.215645
156 282 87.704048
158 282 87.212384
160 282 86.740994
162 282 86.290208
164 282 85.860352
166 282 85.451741
168 282 85.064681
170 282 84.699469
172 282 84.356387
174 282 84.035707
176 282 83.737686
178 282 83.462566
180 282 83.210576
182 282 82.981926
184 282 82.776808
186 282 82.595399
188 282 82.437855
190 282 82.304313
192 282 82.194890
194 282 82.109683
196 282 82.048766
198 282 82.012194
200 282 82.000000
202 282 82.012194
204 282 82.048766
206 282 82.109683
208 282 82.194890
210 282 82.304313
212 282 82.437855
214 282 82.595399
216 282 82.776808
218 282 82.981926
220 282 83.210576
222 282 83.462566
224 282 83.737686
226 282 84.035707
228 282 84.356387
230 282 84.699469
232 282 85.064681
234 282 85.451741
236 282 85.860352
238 282 86.290208
240 282 86.740994
242 282 87.212384
244 282 87.704048
246 282 88.215645
248 282 88.746831
250 282 89.297256
252 282 89.866568
254 282 90.454408
256 282 91.060420
258 282 91.684241
260 282 92.325511
262 282 92.983870
264 282 93.658956
266 282 94.350411
268 282 95.057877
270 282 95.781000
272 282 96.519428
274 282 97.272812
276 282 98.040808
278 282 98.823074
280 282 99.619275
282 282 100.429079
284 282 101.252160
286 282 102.088197
288 282 102.936874
290 282 103.797881
292 282 104.670913
294 282 105.555673
296 282 106.451867
298 282 107.359210
300 282 108.277421
302 282 109.206227
304 282 110.145359
306 282 111.094554
308 282 112.053559
310 282 113.022122
312 282 114.000000
314 282 114.986956
316 282 115.982757
318 282 116.987179
320 282 118.000000
322 282 119.021007
324 282 120.049990
326 282 121.086746
328 282 122.131077
330 282 123.182791
332 282 124.241700
334 282 125.307621
336 282 126.380378
338 282 127.459798
340 282 128.545712
342 282 129.637957
344 282 130.736376
346 282 131.840813
348 282 132.951119
350 282 134.067147
352 282 135.188757
354 282 136.315810
356 282 137.448172
358 282 138.585714
360 282 139.728308
362 282 140.875832
364 282 142.028166
366 282 143.185195
368 282 144.346805
370 282 145.512886
372 282 146.683332
374 282 147.858040
376 282 149.036908
378 282 150.219839
380 282 151.406737
382 282 152.597510
384 282 153.792067
386 282 154.990322
388 282 156.192189
390 282 157.397586
392 282 158.606431
394 282 159.818647
396 282 161.034158
398 282 162.252889
0 284 164.487082
2 284 163.272778
4 284 162.061717
6 284 160.853971
8 284 159.649616
10 284 158.448730
12 284 157.251391
14 284 156.057682
16 284 154.867685
18 284 153.681489
20 284 152.499180
22 284 151.320851
24 284 150.146595
26 284 148.976508
28 284 147.810690
30 284 146.649241
32 284 145.492268
34 284 144.339877
36 284 143.192179
38 284 142.049287
40 284 140.911320
42 284 139.778396
44 284 138.650640
46 284 137.528179
48 284 136.411143
50 284 135.299667
52 284 134.193890
54 284 133.093952
56 284 132.000000
58 284 130.912184
60 284 129.830659
62 284 128.755582
64 284 127.687118
66 284 126.625432
68 284 125.570697
70 284 124.523090
72 284 123.482792
74 284 122.449990
76 284 121.424874
78 284 120.407641
80 284 119.398492
82 284 118.397635
84 284 117.405281
86 284 116.421647
88 284 115.446958
90 284 114.481440
92 284 113.525328
94 284 112.578861
96 284 111.642286
98 284 110.715853
100 284 109.799818
102 284 108.894444
104 284 108.000000
106 284 107.116759
108 284 106.245000
110 284 105.385008
112 284 104.537075
114 284 103.701495
116 284 102.878569
118 284 102.068604
120 284 101.271911
122 284 100.488805
124 284 99.719607
126 284 98.964640
128 284 98.224233
130 284 97.498718
132 284 96.788429
134 284 96.093704
136 284 95.414884
138 284 94.752309
140 284 94.106323
142 284 93.477270
144 284 92.865494
146 284 92.271339
148 284 91.695147
150 284 91.137259
152 284 90.598013
154 284 90.077744
156 284 89.576783
158 284 89.095454
160 284 88.634079
162 284 88.192970
164 284 87.772433
166 284 87.372765
168 284 86.994253
170 284 86.637174
172 284 86.301796
174 284 85.988371
176 284 85.697141
178 284 85.428333
180 284 85.182158
182 284 84.958814
184 284 84.758480
186 284 84.581322
188 284 84.427484
190 284 84.297094
192 284 84.190261
194 284 84.107075
196 284 84.047606
198 284 84.011904
200 284 84.000000
202 284 84.011904
204 284 84.047606
206 284 84.107075
208 284 84.190261
210 284 84.297094
212 284 84.427484
214 284 84.581322
216 284 84.758480
218 284 84.958814
220 284 85.182158
222 284 85.428333
224 284 85.697141
226 284 85.988371
228 284 86.301796
230 284 86.637174
232 284 86.994253
234 284 87.372765
236 284 87.772433
238 284 88.192970
240 284 88.634079
242 284 89.095454
244 284 89.576783
246 284 90.077744
248 284 90.598013
250 284 91.137259
252 284 91.695147
254 284 92.271339
256 284 92.865494
258 284 93.477270
260 284 94.106323
262 284 94.752309
264 284 95.414884
266 284 96.093704
268 284 96.788429
270 284 97.498718
272 284 98.224233
274 284 98.964640
276 284 99.719607
278 284 100.488805
280 284 101.271911
282 284 102.068604
284 284 102.878569
286 284 103.701495
288 284 104.537075
290 284 105.385008
292 284 106.245000
294 284 107.116759
296 284 108.000000
298 284 108.894444
300 284 109.799818
302 284 110.715853
304 284 111.642286
306 284 112.578861
308 284 113.525328
310 284 114.481440
312 284 115.446958
314 284 116.421647
316 284 117.405281
318 284 118.397635
320 284 119.398492
322 284 120.407641
324 284 121.424874
326 284 122.449990
328 284 123.482792
330 284 124.523090
332 284 125.570697
334 284 126.625432
336 284 127.687118
338 284 128.755582
340 284 129.830659
342 284 130.912184
344 284 132.000000
346 284 133.093952
348 284 134.193890
350 284 135.299667
352 284 136.411143
354 284 137.528179
356 284 138.650640
358 284 139.778396
360 284 140.911320
362 284 142.049287
364 284 143.192179
366 284 144.339877
368 284 145.492268
370 284 146.649241
372 284 147.810690
374 284 148.976508
376 284 150.146595
378 284 151.320851
380 284 152.499180
382 284 153.681489
384 284 154.867685
386 284 156.057682
388 284 157.251391
390 284 158.448730
392 284 159.649616
394 284 160.853971
396 284 162.061717
398 284 163.272778
0 286 165.517371
2 286 164.310681
4 286 163.107327
6 286 161.907381
8 286 160.710921
10 286 159.518024
12 286 158.328772
14 286 157.143247
16 286 155.961534
18 286 154.783720
20 286 153.609896
22 286 152.440152
24 286 151.274585
26 286 150.113291
28 286 148.956369
30 286 147.803924
32 286 146.656060
34 286 145.512886
36 286 144.374513
38 286 143.241056
40 286 142.112631
42 286 140.989361
44 286 139.871369
46 286 138.758784
48 286 137.651734
50 286 136.550357
52 286 135.454790
54 286 134.365174
56 286 133.281657
58 286 132.204387
60 286 131.133520
62 286 130.069212
64 286 129.011627
66 286 127.960932
68 286 126.917296
70 286 125.880896
72 286 124.851912
74 286 123.830529
76 286 122.816937
78 286 121.811330
80 286 120.813906
82 286 119.824872
84 286 118.844436
86 286 117.872813
88 286 116.910222
90 286 115.956889
92 286 115.013043
94 286 114.078920
96 286 113.154761
98 286 112.240813
100 286 111.337325
102 286 110.444556
104 286 109.562767
106 286 108.692226
108 286 107.833205
110 286 106.985980
112 286 106.150836
114 286 105.328059
116 286 104.517941
118 286 103.720779
120 286 102.936874
122 286 102.166531
124 286 101.410059
126 286 100.667770
128 286 99.939982
130 286 99.227012
132 286 98.529183
134 286 97.846819
136 286 97.180245
138 286 96.529788
140 286 95.895777
142 286 95.278539
144 286 94.678403
146 286 94.095696
148 286 93.530744
150 286 92.983870
152 286 92.455395
154 286 91.945636
156 286 91.454907
158 286 90.983515
160 286 90.531762
162 286 90.099945
164 286 89.688349
166 286 89.297256
168 286 88.926936
170 286 88.577650
172 286 88.249646
174 286 87.943163
176 286 87.658428
178 286 87.395652
180 286 87.155034
182 286 86.936759
184 286 86.740994
186 286 86.567892
188 286 86.417591
190 286 86.290208
192 286 86.185846
194 286 86.104588
196 286 86.046499
198 286 86.011627
200 286 86.000000
202 286 86.011627
204 286 86.046499
206 286 86.104588
208 286 86.185846
210 286 86.290208
212 286 86.417591
214 286 86.567892
216 286 86.740994
218 286 86.936759
220 286 87.155034
222 286 87.395652
224 286 87.658428
226 286 87.943163
228 286 88.249646
230 286 88.577650
232 286 88.926936
234 286 89.297256
236 286 89.688349
238 286 90.099945
240 286 90.531762
242 286 90.983515
244 286 91.454907
246 286 91.945636
248 286 92.455395
250 286 92.983870
252 286 93.530744
254 286 94.095696
256 286 94.678403
258 286 95.278539
260 286 95.895777
262 286 96.529788
264 286 97.180245
266 286 97.846819
268 286 98.529183
270 286 99.227012
272 286 99.939982
274 286 100.667770
276 286 101.410059
278 286 102.166531
280 286 102.936874
282 286 103.720779
284 286 104.517941
286 286 105.328059
288 286 106.150836
290 286 106.985980
292 286 107.833205
294 286 108.692226
296 286 109.562767
298 286 110.444556
300 286 111.337325
302 286 112.240813
304 286 113.154761
306 286 114.078920
308 286 115.013043
310 286 115.956889
312 286 116.910222
314 286 117.872813
316 286 118.844436
318 286 119.824872
320 286 120.813906
322 286 121.811330
324 286 122.816937
326 286 123.830529
328 286 124.851912
330 286 125.880896
332 286 126.917296
334 286 127.960932
336 286 129.011627
338 286 130.069212
340 286 131.133520
342 286 132.204387
344 286 133.281657
346 286 134.365174
348 286 135.454790
350 286 136.550357
352 286 137.651734
354 286 138.758784
356 286 139.871369
358 286 140.989361
360 286 142.112631
362 286 143.241056
364 286 144.374513
366 286 145.512886
368 286 146.656060
370 286 147.803924
372 286 148.956369
374 286 150.113291
376 286 151.274585
378 286 152.440152
380 286 153.609896
382 286 154.783720
384 286 155.961534
386 286 157.143247
388 286 158.328772
390 286 159.518024
392 286 160.710921
394 286 161.907381
396 286 163.107327
398 286 164.310681
0 288 166.565303
2 288 165.366260
4 288 164.170643
6 288 162.978526
8 288 161.789987
10 288 160.605106
12 288 159.423963
14 288 158.246643
16 288 157.073231
18 288 155.903817
20 288 154.738489
22 288 153.577342
24 288 152.420471
26 288 151.267974
28 288 150.119952
30 288 148.976508
32 288 147.837749
34 288 146.703783
36 288 145.574723
38 288 144.450684
40 288 143.331783
42 288 142.218142
44 288 141.109886
46 288 140.007143
48 288 138.910043
50 288 137.818722
52 288 136.733317
54 288 135.653972
56 288 134.580831
58 288 133.514044
60 288 132.453766
62 288 131.400152
64 288 130.353366
66 288 129.313572
68 288 128.280942
70 288 127.255648
72 288 126.237871
74 288 125.227792
76 288 124.225601
78 288 123.231489
80 288 122.245654
82 288 121.268298
84 288 120.299626
86 288 119.339851
88 288 118.389189
90 288 117.447861
92 288 116.516093
94 288 115.594117
96 288 114.682169
98 288 113.780490
100 288 112.889326
102 288 112.008928
104 288 111.139552
106 288 110.281458
108 288 109.434912
110 288 108.600184
112 288 107.777549
114 288 106.967285
116 288 106.169676
118 288 105.385008
120 288 104.613575
122 288 103.855669
124 288 103.111590
126 288 102.381639
128 288 101.666120
130 288 100.965341
132 288 100.279609
134 288 99.609237
136 288 98.954535
138 288 98.315818
140 288 97.693398
142 288 97.087589
144 288 96.498705
146 288 95.927056
148 288 95.372952
150 288 94.836702
152 288 94.318609
154 288 93.818975
156 288 93.338095
158 288 92.876262
160 288 92.433760
162 288 92.010869
164 288 91.607860
166 288 91.224997
168 288 90.862534
170 288 90.520716
172 288 90.199778
174 288 89.899944
176 288 89.621426
178 288 89.364422
180 288 89.129120
182 288 88.915690
184 288 88.724292
186 288 88.555068
188 288 88.408144
190 288 88.283634
192 288 88.181631
194 288 88.102213
196 288 88.045443
198 288 88.011363
200 288 88.000000
202 288 88.011363
204 288 88.045443
206 288 88.102213
208 288 88.181631
210 288 88.283634
212 288 88.408144
214 288 88.555068
216 288 88.724292
218 288 88.915690
220 288 89.129120
222 288 89.364422
224 288 89.621426
226 288 89.899944
228 288 90.199778
230 288 90.520716
232 288 90.862534
234 288 91.224997
236 288 91.607860
238 288 92.010869
240 288 92.433760
242 288 92.876262
244 288 93.338095
246 288 93.818975
248 288 94.318609
250 288 94.836702
252 288 95.372952
254 288 95.927056
256 288 96.498705
258 288 97.087589
260 288 97.693398
262 288 98.315818
264 288 98.954535
266 288 99.609237
268 288 100.279609
270 288 100.965341
272 288 101.666120
274 288 102.381639
276 288 103.111590
278 288 103.855669
280 288 104.613575
282 288 105.385008
284 288 106.169676
286 288 106.967285
288 288 107.777549
290 288 108.600184
292 288 109.434912
294 288 110.281458
296 288 111.139552
298 288 112.008928
300 288 112.889326
302 288 113.780490
304 288 114.682169
306 288 115.594117
308 288 116.516093
310 288 117.447861
312 288 118.389189
314 288 119.339851
316 288 120.299626
318 288 121.268298
320 288 122.245654
322 288 123.231489
324 288 124.225601
326 288 125.227792
328 288 126.237871
330 288 127.255648
332 288 128.280942
334 288 129.313572
336 288 130.353366
338 288 131.400152
340 288 132.453766
342 288 133.514044
344 288 134.580831
346 288 135.653972
348 288 136.733317
350 288 137.818722
352 288 138.910043
354 288 140.007143
356 288 141.109886
358 288 142.218142
360 288 143.331783
362 288 144.450684
364 288 145.574723
366 288 146.703783
368 288 147.837749
370 288 148.976508
372 288 150.119952
374 288 151.267974
376 288 152.420471
378 288 153.577342
380 288 154.738489
382 288 155.903817
384 288 157.073231
386 288 158.246643
388 288 159.423963
390 288 160.605106
392 288 161.789987
394 288 162.978526
396 288 164.170643
398 288 165.366260
0 290 167.630546
2 290 166.439178
4 290 165.251324
6 290 164.067059
8 290 162.886464
10 290 161.709616
12 290 160.536600
14 290 159.367500
16 290 158.202402
18 290 157.041396
20 290 155.884573
22 290 154.732026
24 290 153.583853
26 290 152.440152
28 290 151.301024
30 290 150.166574
32 290 149.036908
34 290 147.912136
36 290 146.792370
38 290 145.677727
40 290 144.568323
42 290 143.464281
44 290 142.365726
46 290 141.272786
48 290 140.185591
50 290 139.104277
52 290 138.028982
54 290 136.959848
56 290 135.897020
58 290 134.840647
60 290 133.790882
62 290 132.747881
64 290 131.711807
66 290 130.682822
68 290 129.661097
70 290 128.646803
72 290 127.640119
74 290 126.641226
76 290 125.650308
78 290 124.667558
80 290 123.693169
82 290 122.727340
84 290 121.770276
86 290 120.822183
88 290 119.883277
90 290 118.953773
92 290 118.033893
94 290 117.123866
96 290 116.223922
98 290 115.334297
100 290 114.455231
102 290 113.586971
104 290 112.729765
106 290 111.883868
108 290 111.049538
110 290 110.227038
112 290 109.416635
114 290 108.618599
116 290 107.833205
118 290 107.060730
120 290 106.301458
122 290 105.555673
124 290 104.823661
126 290 104.105716
128 290 103.402128
130 290 102.713193
132 290 102.039208
134 290 101.380471
136 290 100.737282
138 290 100.109940
140 290 99.498744
142 290 98.903994
144 290 98.325988
146 290 97.765024
148 290 97.221397
150 290 96.695398
152 290 96.187317
154 290 95.697440
156 290 95.226047
158 290 94.773414
160 290 94.339811
162 290 93.925502
164 290 93.530744
166 290 93.155784
168 290 92.800862
170 290 92.466210
172 290 92.152048
174 290 91.858587
176 290 91.586025
178 290 91.334550
180 290 91.104336
182 290 90.895544
184 290 90.708324
186 290 90.542808
188 290 90.399115
190 290 90.277350
192 290 90.177603
194 290 90.099945
196 290 90.044433
198 290 90.011110
200 290 90.000000
202 290 90.011110
204 290 90.044433
206 290 90.099945
208 290 90.177603
210 290 90.277350
212 290 90.399115
214 290 90.542808
216 290 90.708324
218 290 90.895544
220 290 91.104336
222 290 91.334550
224 290 91.586025
226 290 91.858587
228 290 92.152048
230 290 92.466210
232 290 92.800862
234 290 93.155784
236 290 93.530744
238 290 93.925502
240 290 94.339811
242 290 94.773414
244 290 95.226047
246 290 95.697440
248 290 96.187317
250 290 96.695398
252 290 97.221397
254 290 97.765024
256 290 98.325988
258 290 98.903994
260 290 99.498744
262 290 100.109940
264 290 100.737282
266 290 101.380471
268 290 102.039208
270 290 102.713193
272 290 103.402128
274 290 104.105716
276 290 104.823661
278 290 105.555673
280 290 106.301458
282 290 107.060730
284 290 107.833205
286 290 108.618599
288 290 109.416635
290 290 110.227038
292 290 111.049538
294 290 111.883868
296 290 112.729765
298 290 113.586971
300 290 114.455231
302 290 115.334297
304 290 116.223922
306 290 117.123866
308 290 118.033893
310 290 118.953773
312 290 119.883277
314 290 120.822183
316 290 121.770276
318 290 122.727340
320 290 123.693169
322 290 124.667558
324 290 125.650308
326 290 126.641226
328 290 127.640119
330 290 128.646803
332 290 129.661097
334 290 130.682822
336 290 131.711807
338 290 132.747881
340 290 133.790882
342 290 134.840647
344 290 135.897020
346 290 136.959848
348 290 138.028982
350 290 139.104277
352 290 140.185591
354 290 141.272786
356 290 142.365726
358 290 143.464281
360 290 144.568323
362 290 145.677727
364 290 146.792370
366 290 147.912136
368 290 149.036908
370 290 150.166574
372 290 151.301024
374 290 152.440152
376 290 153.583853
378 290 154.732026
380 290 155.884573
382 290 157.041396
384 290 158.202402
386 290 159.367500
388 290 160.536600
390 290 161.709616
392 290 162.886464
394 290 164.067059
396 290 165.251324
398 290 166.439178
0 292 168.712774
2 292 167.529102
4 292 166.349031
6 292 165.172637
8 292 164.000000
10 292 162.831201
12 292 161.666323
14 292 160.505452
16 292 159.348674
18 292 158.196081
20 292 157.047763
22 292 155.903817
24 292 154.764337
26 292 153.629424
28 292 152.499180
30 292 151.373710
32 292 150.253120
34 292 149.137520
36 292 148.027025
38 292 146.921748
40 292 145.821809
42 292 144.727330
44 292 143.638435
46 292 142.555252
48 292 141.477913
50 292 140.406553
52 292 139.341308
54 292 138.282320
56 292 137.229734
58 292 136.183699
60 292 135.144367
62 292 134.111894
64 292 133.086438
66 292 132.068164
68 292 131.057239
70 292 130.053835
72 292 129.058126
74 292 128.070293
76 292 127.090519
78 292 126.118991
80 292 125.155903
82 292 124.201449
84 292 123.255832
86 292 122.319254
88 292 121.391927
90 292 120.474064
92 292 119.565881
94 292 118.667603
96 292 117.779455
98 292 116.901668
100 292 116.034478
102 292 115.178123
104 292 114.332847
106 292 113.498899
108 292 112.676528
110 292 111.865991
112 292 111.067547
114 292 110.281458
116 292 109.507991
118 292 108.747414
120 292 108.000000
122 292 107.266024
124 292 106.545765
126 292 105.839501
128 292 105.147515
130 292 104.470091
132 292 103.807514
134 292 103.160070
136 292 102.528045
138 292 101.911727
140 292 101.311401
142 292 100.727355
144 292 100.159872
146 292 99.609237
148 292 99.075729
150 292 98.559627
152 292 98.061205
154 292 97.580736
156 292 97.118484
158 292 96.674712
160 292 96.249675
162 292 95.843623
164 292 95.456797
166 292 95.089432
168 292 94.741754
170 292 94.413982
172 292 94.106323
174 292 93.818975
176 292 93.552125
178 292 93.305948
180 292 93.080610
182 292 92.876262
184 292 92.693042
186 292 92.531076
188 292 92.390476
190 292 92.271339
192 292 92.173749
194 292 92.097774
196 292 92.043468
198 292 92.010869
200 292 92.000000
202 292 92.010869
204 292 92.043468
206 292 92.097774
208 292 92.173749
210 292 92.271339
212 292 92.390476
214 292 92.531076
216 292 92.693042
218 292 92.876262
220 292 93.080610
222 292 93.305948
224 292 93.552125
226 292 93.818975
228 292 94.106323
230 292 94.413982
232 292 94.741754
234 292 95.089432
236 292 95.456797
238 292 95.843623
240 292 96.249675
242 292 96.674712
244 292 97.118484
246 292 97.580736
248 292 98.061205
250 292 98.559627
252 292 99.075729
254 292 99.609237
256 292 100.159872
258 292 100.727355
260 292 101.311401
262 292 101.911727
264 292 102.528045
266 292 103.160070
268 292 103.807514
270 292 104.470091
272 292 105.147515
274 292 105.839501
276 292 106.545765
278 292 107.266024
280 292 108.000000
282 292 108.747414
284 292 109.507991
286 292 110.281458
288 292 111.067547
290 292 111.865991
292 292 112.676528
294 292 113.498899
296 292 114.332847
298 292 115.178123
300 292 116.034478
302 292 116.901668
304 292 117.779455
306 292 118.667603
308 292 119.565881
310 292 120.474064
312 292 121.391927
314 292 122.319254
316 292 123.255832
318 292 124.201449
320 292 125.155903
322 292 126.118991
324 292 127.090519
326 292 128.070293
328 292 129.058126
330 292 130.053835
332 292 131.057239
334 292 132.068164
336 292 133.086438
338 292 134.111894
340 292 135.144367
342 292 136.183699
344 292 137.229734
346 292 138.282320
348 292 139.341308
350 292 140.406553
352 292 141.477913
354 292 142.555252
356 292 143.638435
358 292 144.727330
360 292 145.821809
362 292 146.921748
364 292 148.027025
366 292 149.137520
368 292 150.253120
370 292 151.373710
372 292 152.499180
374 292 153.629424
376 292 154.764337
378 292 155.903817
380 292 157.047763
382 292 158.196081
384 292 159.348674
386 292 160.505452
388 292 161.666323
390 292 162.831201
392 292 164.000000
394 292 165.172637
396 292 166.349031
398 292 167.529102
0 294 169.811660
2 294 168.635702
4 294 167.463429
6 294 166.294919
8 294 165.130252
10 294 163.969509
12 294 162.812776
14 294 161.660137
16 294 160.511682
18 294 159.367500
20 294 158.227684
22 294 157.092330
24 294 155.961534
26 294 154.835396
28 294 153.714020
30 294 152.597510
32 294 151.485973
34 294 150.379520
36 294 149.278264
38 294 148.182320
40 294 147.091808
42 294 146.006849
44 294 144.927568
46 294 143.854093
48 294 142.786554
50 294 141.725086
52 294 140.669826
54 294 139.620915
56 294 138.578498
58 294 137.542721
60 294 136.513736
62 294 135.491697
64 294 134.476764
66 294 133.469098
68 294 132.468864
70 294 131.476234
72 294 130.491379
74 294 129.514478
76 294 128.545712
78 294 127.585266
80 294 126.633329
82 294 125.690095
84 294 124.755761
86 294 123.830529
88 294 122.914605
90 294 122.008196
92 294 121.111519
94 294 120.224789
96 294 119.348230
98 294 118.482066
100 294 117.626528
102 294 116.781848
104 294 115.948264
106 294 115.126018
108 294 114.315353
110 294 113.516519
112 294 112.729765
114 294 111.955348
116 294 111.193525
118 294 110.444556
120 294 109.708705
122 294 108.986238
124 294 108.277421
126 294 107.582526
128 294 106.901824
130 294 106.235587
132 294 105.584090
134 294 104.947606
136 294 104.326411
138 294 103.720779
140 294 103.130985
142 294 102.557301
144 294 102.000000
146 294 101.459351
148 294 100.935623
150 294 100.429079
152 294 99.939982
154 294 99.468588
156 294 99.015150
158 294 98.579917
160 294 98.163130
162 294 97.765024
164 294 97.385831
166 294 97.025770
168 294 96.685056
170 294 96.363894
172 294 96.062480
174 294 95.781000
176 294 95.519631
178 294 95.278539
180 294 95.057877
182 294 94.857788
184 294 94.678403
186 294 94.519839
188 294 94.382202
190 294 94.265582
192 294 94.170059
194 294 94.095696
196 294 94.042544
198 294 94.010638
200 294 94.000000
202 294 94.010638
204 294 94.042544
206 294 94.095696
208 294 94.170059
210 294 94.265582
212 294 94.382202
214 294 94.519839
216 294 94.678403
218 294 94.857788
220 294 95.057877
222 294 95.278539
224 294 95.519631
226 294 95.781000
228 294 96.062480
230 294 96.363894
232 294 96.685056
234 294 97.025770
236 294 97.385831
238 294 97.765024
240 294 98.163130
242 294 98.579917
244 294 99.015150
246 294 99.468588
248 294 99.939982
250 294 100.429079
252 294 100.935623
254 294 101.459351
256 294 102.000000
258 294 102.557301
260 294 103.130985
262 294 103.720779
264 294 104.326411
266 294 104.947606
268 294 105.584090
270 294 106.235587
272 294 106.901824
274 294 107.582526
276 294 108.277421
278 294 108.986238
280 294 109.708705
282 294 110.444556
284 294 111.193525
286 294 111.955348
288 294 112.729765
290 294 113.516519
292 294 114.315353
294 294 115.126018
296 294 115.948264
298 294 116.781848
300 294 117.626528
302 294 118.482066
304 294 119.348230
306 294 120.224789
308 294 121.111519
310 294 122.008196
312 294 122.914605
314 294 123.830529
316 294 124.755761
318 294 125.690095
320 294 126.633329
322 294 127.585266
324 294 128.545712
326 294 129.514478
328 294 130.491379
330 294 131.476234
332 294 132.468864
334 294 133.469098
336 294 134.476764
338 294 135.491697
340 294 136.513736
342 294 137.542721
344 294 138.578498
346 294 139.620915
348 294 140.669826
350 294 141.725086
352 294 142.786554
354 294 143.854093
356 294 144.927568
358 294 146.006849
360 294 147.091808
362 294 148.182320
364 294 149.278264
366 294 150.379520
368 294 151.485973
370 294 152.597510
372 294 153.714020
374 294 154.835396
376 294 155.961534
378 294 157.092330
380 294 158.227684
382 294 159.367500
384 294 160.511682
386 294 161.660137
388 294 162.812776
390 294 163.969509
392 294 165.130252
394 294 166.294919
396 294 167.463429
398 294 168.635702
0 296 170.926885
2 296 169.758652
4 296 168.594187
6 296 167.433569
8 296 166.276878
10 296 165.124196
12 296 163.975608
14 296 162.831201
16 296 161.691063
18 296 160.555286
20 296 159.423963
22 296 158.297189
24 296 157.175062
26 296 156.057682
28 296 154.945152
30 296 153.837577
32 296 152.735065
34 296 151.637726
36 296 150.545674
38 296 149.459024
40 296 148.377896
42 296 147.302410
44 296 146.232691
46 296 145.168867
48 296 144.111068
50 296 143.059428
52 296 142.014084
54 296 140.975175
56 296 139.942845
58 296 138.917242
60 296 137.898513
62 296 136.886815
64 296 135.882302
66 296 134.885136
68 296 133.895482
70 296 132.913506
72 296 131.939380
74 296 130.973280
76 296 130.015384
78 296 129.065875
80 296 128.124939
82 296 127.192767
84 296 126.269553
86 296 125.355494
88 296 124.450793
90 296 123.555655
92 296 122.670290
94 296 121.794910
96 296 120.929732
98 296 120.074977
100 296 119.230868
102 296 118.397635
104 296 117.575508
106 296 116.764721
108 296 115.965512
110 296 115.178123
112 296 114.402797
114 296 113.639782
116 296 112.889326
118 296 112.151683
120 296 111.427106
122 296 110.715853
124 296 110.018180
126 296 109.334350
128 296 108.664622
130 296 108.009259
132 296 107.368524
134 296 106.742681
136 296 106.131993
138 296 105.536723
140 296 104.957134
142 296 104.393486
144 296 103.846040
146 296 103.315052
148 296 102.800778
150 296 102.303470
152 296 101.823376
154 296 101.360742
156 296 100.915806
158 296 100.488805
160 296 100.079968
162 296 99.689518
164 296 99.317672
166 296 98.964640
168 296 98.630624
170 296 98.315818
172 296 98.020406
174 296 97.744565
176 296 97.488461
178 296 97.252249
180 296 97.036076
182 296 96.840074
184 296 96.664368
186 296 96.509067
188 296 96.374270
190 296 96.260064
192 296 96.166522
194 296 96.093704
196 296 96.041658
198 296 96.010416
200 296 96.000000
202 296 96.010416
204 296 96.041658
206 296 96.093704
208 296 96.166522
210 296 96.260064
212 296 96.374270
214 296 96.509067
216 296 96.664368
218 296 96.840074
220 296 97.036076
222 296 97.252249
224 296 97.488461
226 296 97.744565
228 296 98.020406
230 296 98.315818
232 296 98.630624
234 296 98.964640
236 296 99.317672
238 296 99.689518
240 296 100.079968
242 296 100.488805
244 296 100.915806
246 296 101.360742
248 296 101.823376
250 296 102.303470
252 296 102.800778
254 296 103.315052
256 296 103.846040
258 296 104.393486
260 296 104.957134
262 296 105.536723
264 296 106.131993
266 296 106.742681
268 296 107.368524
270 296 108.009259
272 296 108.664622
274 296 109.334350
276 296 110.018180
278 296 110.715853
280 296 111.427106
282 296 112.151683
284 296 112.889326
286 296 113.639782
288 296 114.402797
290 296 115.178123
292 296 115.965512
294 296 116.764721
296 296 117.575508
298 296 118.397635
300 296 119.230868
302 296 120.074977
304 296 120.929732
306 296 121.794910
308 296 122.670290
310 296 123.555655
312 296 124.450793
314 296 125.355494
316 296 126.269553
318 296 127.192767
320 296 128.124939
322 296 129.065875
324 296 130.015384
326 296 130.973280
328 296 131.939380
330 296 132.913506
332 296 133.895482
334 296 134.885136
336 296 135.882302
338 296 136.886815
340 296 137.898513
342 296 138.917242
344 296 139.942845
346 296 140.975175
348 296 142.014084
350 296 143.059428
352 296 144.111068
354 296 145.168867
356 296 146.232691
358 296 147.302410
360 296 148.377896
362 296 149.459024
364 296 150.545674
366 296 151.637726
368 296 152.735065
370 296 153.837577
372 296 154.945152
374 296 156.057682
376 296 157.175062
378 296 158.297189
380 296 159.423963
382 296 160.555286
384 296 161.691063
386 296 162.831201
388 296 163.975608
390 296 165.124196
392 296 166.276878
394 296 167.433569
396 296 168.594187
398 296 169.758652
0 298 172.058130
2 298 170.897630
4 298 169.740979
6 298 168.588256
8 298 167.439541
10 298 166.294919
12 298 165.154473
14 298 164.018292
16 298 162.886464
18 298 161.759080
20 298 160.636235
22 298 159.518024
24 298 158.404545
26 298 157.295900
28 298 156.192189
30 298 155.093520
32 298 154.000000
34 298 152.911739
36 298 151.828851
38 298 150.751451
40 298 149.679658
42 298 148.613593
44 298 147.553380
46 298 146.499147
48 298 145.451023
50 298 144.409141
52 298 143.373638
54 298 142.344652
56 298 141.322327
58 298 140.306807
60 298 139.298241
62 298 138.296782
64 298 137.302586
66 298 136.315810
68 298 135.336617
70 298 134.365174
72 298 133.401649
74 298 132.446215
76 298 131.499049
78 298 130.560331
80 298 129.630243
82 298 128.708974
84 298 127.796714
86 298 126.893656
88 298 126.000000
90 298 125.115946
92 298 124.241700
94 298 123.377470
96 298 122.523467
98 298 121.679908
100 298 120.847011
102 298 120.024997
104 298 119.214093
106 298 118.414526
108 298 117.626528
110 298 116.850332
112 298 116.086175
114 298 115.334297
116 298 114.594939
118 298 113.868345
120 298 113.154761
122 298 112.454435
124 298 111.767616
126 298 111.094554
128 298 110.435502
130 298 109.790710
132 298 109.160432
134 298 108.544922
136 298 107.944430
138 298 107.359210
140 298 106.789513
142 298 106.235587
144 298 105.697682
146 298 105.176043
148 298 104.670913
150 298 104.182532
152 298 103.711137
154 298 103.256961
156 298 102.820231
158 298 102.401172
160 298 102.000000
162 298 101.616928
164 298 101.252160
166 298 100.905897
168 298 100.578328
170 298 100.269636
172 298 99.979998
174 298 99.709578
176 298 99.458534
178 298 99.227012
180 298 99.015150
182 298 98.823074
184 298 98.650900
186 298 98.498731
188 298 98.366661
190 298 98.254771
192 298 98.163130
194 298 98.091794
196 298 98.040808
198 298 98.010204
200 298 98.000000
202 298 98.010204
204 298 98.040808
206 298 98.091794
208 298 98.163130
210 298 98.254771
212 298 98.366661
214 298 98.498731
216 298 98.650900
218 298 98.823074
220 298 99.015150
222 298 99.227012
224 298 99.458534
226 298 99.709578
228 298 99.979998
230 298 100.269636
232 298 100.578328
234 298 100.905897
236 298 101.252160
238 298 101.616928
240 298 102.000000
242 298 102.401172
244 298 102.820231
246 298 103.256961
248 298 103.711137
250 298 104.182532
252 298 104.670913
254 298 105.176043
256 298 105.697682
258 298 106.235587
260 298 106.789513
262 298 107.359210
264 298 107.944430
266 298 108.544922
268 298 109.160432
270 298 109.790710
272 298 110.435502
274 298 111.094554
276 298 111.767616
278 298 112.454435
280 298 113.154761
282 298 113.868345
284 298 114.594939
286 298 115.334297
288 298 116.086175
290 298 116.850332
292 298 117.626528
294 298 118.414526
296 298 119.214093
298 298 120.024997
300 298 120.847011
302 298 121.679908
304 298 122.523467
306 298 123.377470
308 298 124.241700
310 298 125.115946
312 298 126.000000
314 298 126.893656
316 298 127.796714
318 298 128.708974
320 298 129.630243
322 298 130.560331
324 298 131.499049
326 298 132.446215
328 298 133.401649
330 298 134.365174
332 298 135.336617
334 298 136.315810
336 298 137.302586
338 298 138.296782
340 298 139.298241
342 298 140.306807
344 298 141.322327
346 298 142.344652
348 298 143.373638
350 298 144.409141
352 298 145.451023
354 298 146.499147
356 298 147.553380
358 298 148.613593
360 298 149.679658
362 298 150.751451
364 298 151.828851
366 298 152.911739
368 298 154.000000
370 298 155.093520
372 298 156.192189
374 298 157.295900
376 298 158.404545
378 298 159.518024
380 298 160.636235
382 298 161.759080
384 298 162.886464
386 298 164.018292
388 298 165.154473
390 298 166.294919
392 298 167.439541
394 298 168.588256
396 298 169.740979
398 298 170.897630
0 300 173.205081
2 300 172.052318
4 300 170.903482
6 300 169.758652
8 300 168.617911
10 300 167.481342
12 300 166.349031
14 300 165.221064
16 300 164.097532
18 300 162.978526
20 300 161.864141
22 300 160.754471
24 300 159.649616
26 300 158.549677
28 300 157.454755
30 300 156.364958
32 300 155.280392
34 300 154.201167
36 300 153.127398
38 300 152.059199
40 300 150.996689
42 300 149.939988
44 300 148.889221
46 300 147.844513
48 300 146.805994
50 300 145.773797
52 300 144.748057
54 300 143.728911
56 300 142.716502
58 300 141.710973
60 300 140.712473
62 300 139.721151
64 300 138.737162
66 300 137.760662
68 300 136.791813
70 300 135.830777
72 300 134.877722
74 300 133.932819
76 300 132.996241
78 300 132.068164
80 300 131.148770
82 300 130.238243
84 300 129.336770
86 300 128.444541
88 300 127.561750
90 300 126.688595
92 300 125.825276
94 300 124.971997
96 300 124.128965
98 300 123.296391
100 300 122.474487
102 300 121.663470
104 300 120.863559
106 300 120.074977
108 300 119.297946
110 300 118.532696
112 300 117.779455
114 300 117.038455
116 300 116.309931
118 300 115.594117
120 300 114.891253
122 300 114.201576
124 300 113.525328
126 300 112.862749
128 300 112.214081
130 300 111.579568
132 300 110.959452
134 300 110.353976
136 300 109.763382
138 300 109.187911
140 300 108.627805
142 300 108.083301
144 300 107.554637
146 300 107.042048
148 300 106.545765
150 300 106.066017
152 300 105.603030
154 300 105.157025
156 300 104.728220
158 300 104.316825
160 300 103.923048
162 300 103.547091
164 300 103.189147
166 300 102.849404
168 300 102.528045
170 300 102.225242
172 300 101.941159
174 300 101.675956
176 300 101.429779
178 300 101.202767
180 300 100.995049
182 300 100.806746
184 300 100.637965
186 300 100.488805
188 300 100.359354
190 300 100.249688
192 300 100.159872
194 300 100.089960
196 300 100.039992
198 300 100.010000
200 300 100.000000
202 300 100.010000
204 300 100.039992
206 300 100.089960
208 300 100.159872
210 300 100.249688
212 300 100.359354
214 300 100.488805
216 300 100.637965
218 300 100.806746
220 300 100.995049
222 300 101.202767
224 300 101.429779
226 300 101.675956
228 300 101.941159
230 300 102.225242
232 300 102.528045
234 300 102.849404
236 300 103.189147
238 300 103.547091
240 300 103.923048
242 300 104.316825
244 300 104.728220
246 300 105.157025
248 300 105.603030
250 300 106.066017
252 300 106.545765
254 300 107.042048
256 300 107.554637
258 300 108.083301
260 300 108.627805
262 300 109.187911
264 300 109.763382
266 300 110.353976
268 300 110.959452
270 300 111.579568
272 300 112.214081
274 300 112.862749
276 300 113.525328
278 300 114.201576
280 300 114.891253
282 300 115.594117
284 300 116.309931
286 300 117.038455
288 300 117.779455
290 300 118.532696
292 300 119.297946
294 300 120.074977
296 300 120.863559
298 300 121.663470
300 300 122.474487
302 300 123.296391
304 300 124.128965
306 300 124.971997
308 300 125.825276
310 300 126.688595
312 300 127.561750
314 300 128.444541
316 300 129.336770
318 300 130.238243
320 300 131.148770
322 300 132.068164
324 300 132.996241
326 300 133.932819
328 300 134.877722
330 300 135.830777
332 300 136.791813
334 300 137.760662
336 300 138.737162
338 300 139.721151
340 300 140.712473
342 300 141.710973
344 300 142.716502
346 300 143.728911
348 300 144.748057
350 300 145.773797
352 300 146.805994
354 300 147.844513
356 300 148.889221
358 300 149.939988
360 300 150.996689
362 300 152.059199
364 300 153.127398
366 300 154.201167
368 300 155.280392
370 300 156.364958
372 300 157.454755
374 300 158.549677
376 300 159.649616
378 300 160.754471
380 300 161.864141
382 300 162.978526
384 300 164.097532
386 300 165.221064
388 300 166.349031
390 300 167.481342
392 300 168.617911
394 300 169.758652
396 300 170.903482
398 300 172.052318
0 302 174.367428
2 302 173.222400
4 302 172.081376
6 302 170.944435
8 302 169.811660
10 302 168.683135
12 302 167.558945
14 302 166.439178
16 302 165.323924
18 302 164.213276
20 302 163.107327
22 302 162.006173
24 302 160.909913
26 302 159.818647
28 302 158.732479
30 302 157.651514
32 302 156.575860
34 302 155.505627
36 302 154.440927
38 302 153.381876
40 302 152.328592
42 302 151.281195
44 302 150.239808
46 302 149.204558
48 302 148.175572
50 302 147.152982
52 302 146.136922
54 302 145.127530
56 302 144.124946
58 302 143.129312
60 302 142.140775
62 302 141.159484
64 302 140.185591
66 302 139.219252
68 302 138.260623
70 302 137.309869
72 302 136.367151
74 302 135.432640
76 302 134.506505
78 302 133.588922
80 302 132.680066
82 302 131.780120
84 302 130.889266
86 302 130.007692
88 302 129.135588
90 302 128.273146
92 302 127.420563
94 302 126.578039
96 302 125.745775
98 302 124.923977
100 302 124.112852
102 302 123.312611
104 302 122.523467
106 302 121.745636
108 302 120.979337
110 302 120.224789
112 302 119.482216
114 302 118.751842
116 302 118.033893
118 302 117.328598
120 302 116.636186
122 302 115.956889
124 302 115.290936
126 302 114.638562
128 302 114.000000
130 302 113.375482
132 302 112.765243
134 302 112.169515
136 302 111.588530
138 302 111.022520
140 302 110.471716
142 302 109.936345
144 302 109.416635
146 302 108.912809
148 302 108.425089
150 302 107.953694
152 302 107.498837
154 302 107.060730
156 302 106.639580
158 302 106.235587
160 302 105.848949
162 302 105.479856
164 302 105.128493
166 302 104.795038
168 302 104.479663
170 302 104.182532
172 302 103.903802
174 302 103.643620
176 302 103.402128
178 302 103.179455
180 302 102.975725
182 302 102.791050
184 302 102.625533
186 302 102.479266
188 302 102.352333
190 302 102.244804
192 302 102.156742
194 302 102.088197
196 302 102.039208
198 302 102.009803
200 302 102.000000
202 302 102.009803
204 302 102.039208
206 302 102.088197
208 302 102.156742
210 302 102.244804
212 302 102.352333
214 302 102.479266
216 302 102.625533
218 302 102.791050
220 302 102.975725
222 302 103.179455
224 302 103.402128
226 302 103.643620
228 302 103.903802
230 302 104.182532
232 302 104.479663
234 302 104.795038
236 302 105.128493
238 302 105.479856
240 302 105.848949
242 302 106.235587
244 302 106.639580
246 302 107.060730
248 302 107.498837
250 302 107.953694
252 302 108.425089
254 302 108.912809
256 302 109.416635
258 302 109.936345
260 302 110.471716
262 302 111.022520
264 302 111.588530
266 302 112.169515
268 302 112.765243
270 302 113.375482
272 302 114.000000
274 302 114.638562
276 302 115.290936
278 302 115.956889
280 302 116.636186
282 302 117.328598
284 302 118.033893
286 302 118.751842
288 302 119.482216
290 302 120.224789
292 302 120.979337
294 302 121.745636
296 302 122.523467
298 302 123.312611
300 302 124.112852
302 302 124.923977
304 302 125.745775
306 302 126.578039
308 302 127.420563
310 302 128.273146
312 302 129.135588
314 302 130.007692
316 302 130.889266
318 302 131.780120
320 302 132.680066
322 302 133.588922
324 302 134.506505
326 302 135.432640
328 302 136.367151
330 302 137.309869
332 302 138.260623
334 302 139.219252
336 302 140.185591
338 302 141.159484
340 302 142.140775
342 302 143.129312
344 302 144.124946
346 302 145.127530
348 302 146.136922
350 302 147.152982
352 302 148.175572
354 302 149.204558
356 302 150.239808
358 302 151.281195
360 302 152.328592
362 302 153.381876
364 302 154.440927
366 302 155.505627
368 302 156.575860
370 302 157.651514
372 302 158.732479
374 302 159.818647
376 302 160.909913
378 302 162.006173
380 302 163.107327
382 302 164.213276
384 302 165.323924
386 302 166.439178
388 302 167.558945
390 302 168.683135
392 302 169.811660
394 302 170.944435
396 302 172.081376
398 302 173.222400
0 304 175.544866
2 304 174.407569
4 304 173.274349
6 304 172.145287
8 304 171.020467
10 304 169.899971
12 304 168.783885
14 304 167.672299
16 304 166.565303
18 304 165.462987
20 304 164.365446
22 304 163.272778
24 304 162.185079
26 304 161.102452
28 304 160.024998
30 304 158.952823
32 304 157.886035
34 304 156.824743
36 304 155.769060
38 304 154.719100
40 304 153.674982
42 304 152.636824
44 304 151.604749
46 304 150.578883
48 304 149.559353
50 304 148.546289
52 304 147.539825
54 304 146.540097
56 304 145.547243
58 304 144.561406
60 304 143.582729
62 304 142.611360
64 304 141.647450
66 304 140.691151
68 304 139.742621
70 304 138.802017
72 304 137.869504
74 304 136.945245
76 304 136.029409
78 304 135.122167
80 304 134.223694
82 304 133.334167
84 304 132.453766
86 304 131.582674
88 304 130.721077
90 304 129.869165
92 304 129.027129
94 304 128.195164
96 304 127.373467
98 304 126.562238
100 304 125.761679
102 304 124.971997
104 304 124.193398
106 304 123.426091
108 304 122.670290
110 304 121.926207
112 304 121.194059
114 304 120.474064
116 304 119.766439
118 304 119.071407
120 304 118.389189
122 304 117.720007
124 304 117.064085
126 304 116.421647
128 304 115.792919
130 304 115.178123
132 304 114.577485
134 304 113.991228
136 304 113.419575
138 304 112.862749
140 304 112.320969
142 304 111.794454
144 304 111.283422
146 304 110.788086
148 304 110.308658
150 304 109.845346
152 304 109.398355
154 304 108.967885
156 304 108.554134
158 304 108.157293
160 304 107.777549
162 304 107.415083
164 304 107.070071
166 304 106.742681
168 304 106.433078
170 304 106.141415
172 304 105.867842
174 304 105.612499
176 304 105.375519
178 304 105.157025
180 304 104.957134
182 304 104.775951
184 304 104.613575
186 304 104.470091
188 304 104.345580
190 304 104.240107
192 304 104.153733
194 304 104.086502
196 304 104.038454
198 304 104.009615
200 304 104.000000
202 304 104.009615
204 304 104.038454
206 304 104.086502
208 304 104.153733
210 304 104.240107
212 304 104.345580
214 304 104.470091
216 304 104.613575
218 304 104.775951
220 304 104.957134
222 304 105.157025
224 304 105.375519
226 304 105.612499
228 304 105.867842
230 304 106.141415
232 304 106.433078
234 304 106.742681
236 304 107.070071
238 304 107.415083
240 304 107.777549
242 304 108.157293
244 304 108.554134
246 304 108.967885
248 304 109.398355
250 304 109.845346
252 304 110.308658
254 304 110.788086
256 304 111.283422
258 304 111.794454
260 304 112.320969
262 304 112.862749
264 304 113.419575
266 304 113.991228
268 304 114.577485
270 304 115.178123
272 304 115.792919
274 304 116.421647
276 304 117.064085
278 304 117.720007
280 304 118.389189
282 304 119.071407
284 304 119.766439
286 304 120.474064
288 304 121.194059
290 304 121.926207
292 304 122.670290
294 304 123.426091
296 304 124.193398
298 304 124.971997
300 304 125.761679
302 304 126.562238
304 304 127.373467
306 304 128.195164
308 304 129.027129
310 304 129.869165
312 304 130.721077
314 304 131.582674
316 304 132.453766
318 304 133.334167
320 304 134.223694
322 304 135.122167
324 304 136.029409
326 304 136.945245
328 304 137.869504
330 304 138.802017
332 304 139.742621
334 304 140.691151
336 304 141.647450
338 304 142.611360
340 304 143.582729
342 304 144.561406
344 304 145.547243
346 304 146.540097
348 304 147.539825
350 304 148.546289
352 304 149.559353
354 304 150.578883
356 304 151.604749
358 304 152.636824
360 304 153.674982
362 304 154.719100
364 304 155.769060
366 304 156.824743
368 304 157.886035
370 304 158.952823
372 304 160.024998
374 304 161.102452
376 304 162.185079
378 304 163.272778
380 304 164.365446
382 304 165.462987
384 304 166.565303
386 304 167.672299
388 304 168.783885
390 304 169.899971
392 304 171.020467
394 304 172.145287
396 304 173.274349
398 304 174.407569
0 306 176.737093
2 306 175.607517
4 306 174.482091
6 306 173.360895
8 306 172.244013
10 306 171.131528
12 306 170.023528
14 306 168.920099
16 306 167.821334
18 306 166.727322
20 306 165.638160
22 306 164.553943
24 306 163.474769
26 306 162.400739
28 306 161.331956
30 306 160.268525
32 306 159.210552
34 306 158.158149
36 306 157.111425
38 306 156.070497
40 306 155.035480
42 306 154.006493
44 306 152.983659
46 306 151.967102
48 306 150.956948
50 306 149.953326
52 306 148.956369
54 306 147.966212
56 306 146.982992
58 306 146.006849
60 306 145.037926
62 306 144.076369
64 306 143.122325
66 306 142.175947
68 306 141.237389
70 306 140.306807
72 306 139.384361
74 306 138.470213
76 306 137.564530
78 306 136.667480
80 306 135.779233
82 306 134.899963
84 306 134.029847
86 306 133.169065
88 306 132.317799
90 306 131.476234
92 306 130.644556
94 306 129.822956
96 306 129.011627
98 306 128.210764
100 306 127.420563
102 306 126.641226
104 306 125.872952
106 306 125.115946
108 306 124.370414
110 306 123.636564
112 306 122.914605
114 306 122.204746
116 306 121.507201
118 306 120.822183
120 306 120.149906
122 306 119.490585
124 306 118.844436
126 306 118.211675
128 306 117.592517
130 306 116.987179
132 306 116.395876
134 306 115.818824
136 306 115.256236
138 306 114.708326
140 306 114.175304
142 306 113.657380
144 306 113.154761
146 306 112.667653
148 306 112.196257
150 306 111.740771
152 306 111.301393
154 306 110.878312
156 306 110.471716
158 306 110.081788
160 306 109.708705
162 306 109.352641
164 306 109.013761
166 306 108.692226
168 306 108.388191
170 306 108.101804
172 306 107.833205
174 306 107.582526
176 306 107.349895
178 306 107.135428
180 306 106.939235
182 306 106.761416
184 306 106.602064
186 306 106.461261
188 306 106.339080
190 306 106.235587
192 306 106.150836
194 306 106.084872
196 306 106.037729
198 306 106.009434
200 306 106.000000
202 306 106.009434
204 306 106.037729
206 306 106.084872
208 306 106.150836
210 306 106.235587
212 306 106.339080
214 306 106.461261
216 306 106.602064
218 306 106.761416
220 306 106.939235
222 306 107.135428
224 306 107.349895
226 306 107.582526
228 306 107.833205
230 306 108.101804
232 306 108.388191
234 306 108.692226
236 306 109.013761
238 306 109.352641
240 306 109.708705
242 306 110.081788
244 306 110.471716
246 306 110.878312
248 306 111.301393
250 306 111.740771
252 306 112.196257
254 306 112.667653
256 306 113.154761
258 306 113.657380
260 306 114.175304
262 306 114.708326
264 306 115.256236
266 306 115.818824
268 306 116.395876
270 306 116.987179
272 306 117.592517
274 306 118.211675
276 306 118.844436
278 306 119.490585
280 306 120.149906
282 306 120.822183
284 306 121.507201
286 306 122.204746
288 306 122.914605
290 306 123.636564
292 306 124.370414
294 306 125.115946
296 306 125.872952
298 306 126.641226
300 306 127.420563
302 306 128.210764
304 306 129.011627
306 306 129.822956
308 306 130.644556
310 306 131.476234
312 306 132.317799
314 306 133.169065
316 306 134.029847
318 306 134.899963
320 306 135.779233
322 306 136.667480
324 306 137.564530
326 306 138.470213
328 306 139.384361
330 306 140.306807
332 306 141.237389
334 306 142.175947
336 306 143.122325
338 306 144.076369
340 306 145.037926
342 306 146.006849
344 306 146.982992
346 306 147.966212
348 306 148.956369
350 306 149.953326
352 306 150.956948
354 306 151.967102
356 306 152.983659
358 306 154.006493
360 306 155.035480
362 306 156.070497
364 306 157.111425
366 306 158.158149
368 306 159.210552
370 306 160.268525
372 306 161.331956
374 306 162.400739
376 306 163.474769
378 306 164.553943
380 306 165.638160
382 306 166.727322
384 306 167.821334
386 306 168.920099
388 306 170.023528
390 306 171.131528
392 306 172.244013
394 306 173.360895
396 306 174.482091
398 306 175.607517
0 308 177.943811
2 308 176.821944
4 308 175.704297
6 308 174.590951
8 308 173.481988
10 308 172.377493
12 308 171.277553
14 308 170.182255
16 308 169.091691
18 308 168.005952
20 308 166.925133
22 308 165.849329
24 308 164.778639
26 308 163.713164
28 308 162.653005
30 308 161.598267
32 308 160.549058
34 308 159.505486
36 308 158.467662
38 308 157.435701
40 308 156.409718
42 308 155.389832
44 308 154.376164
46 308 153.368836
48 308 152.367976
50 308 151.373710
52 308 150.386170
54 308 149.405489
56 308 148.431803
58 308 147.465250
60 308 146.505973
62 308 145.554114
64 308 144.609820
66 308 143.673240
68 308 142.744527
70 308 141.823834
72 308 140.911320
74 308 140.007143
76 308 139.111466
78 308 138.224455
80 308 137.346278
82 308 136.477104
84 308 135.617108
86 308 134.766465
88 308 133.925352
90 308 133.093952
92 308 132.272446
94 308 131.461021
96 308 130.659864
98 308 129.869165
100 308 129.089117
102 308 128.319913
104 308 127.561750
106 308 126.814826
108 308 126.079340
110 308 125.355494
112 308 124.643492
114 308 123.943536
116 308 123.255832
118 308 122.580586
120 308 121.918005
122 308 121.268298
124 308 120.631671
126 308 120.008333
128 308 119.398492
130 308 118.802357
132 308 118.220134
134 308 117.652029
136 308 117.098249
138 308 116.558998
140 308 116.034478
142 308 115.524889
144 308 115.030431
146 308 114.551299
148 308 114.087686
150 308 113.639782
152 308 113.207774
154 308 112.791844
156 308 112.392171
158 308 112.008928
160 308 111.642286
162 308 111.292408
164 308 110.959452
166 308 110.643572
168 308 110.344914
170 308 110.063618
172 308 109.799818
174 308 109.553640
176 308 109.325203
178 308 109.114619
180 308 108.921990
182 308 108.747414
184 308 108.590976
186 308 108.452755
188 308 108.332821
190 308 108.231234
192 308 108.148047
194 308 108.083301
196 308 108.037031
198 308 108.009259
200 308 108.000000
202 308 108.009259
204 308 108.037031
206 308 108.083301
208 308 108.148047
210 308 108.231234
212 308 108.332821
214 308 108.452755
216 308 108.590976
218 308 108.747414
220 308 108.921990
222 308 109.114619
224 308 109.325203
226 308 109.553640
228 308 109.799818
230 308 110.063618
232 308 110.344914
234 308 110.643572
236 308 110.959452
238 308 111.292408
240 308 111.642286
242 308 112.008928
244 308 112.392171
246 308 112.791844
248 308 113.207774
250 308 113.639782
252 308 114.087686
254 308 114.551299
256 308 115.030431
258 308 115.524889
260 308 116.034478
262 308 116.558998
264 308 117.098249
266 308 117.652029
268 308 118.220134
270 308 118.802357
272 308 119.398492
274 308 120.008333
276 308 120.631671
278 308 121.268298
280 308 121.918005
282 308 122.580586
284 308 123.255832
286 308 123.943536
288 308 124.643492
290 308 125.355494
292 308 126.079340
294 308 126.814826
296 308 127.561750
298 308 128.319913
300 308 129.089117
302 308 129.869165
304 308 130.659864
306 308 131.461021
308 308 132.272446
310 308 133.093952
312 308 133.925352
314 308 134.766465
316 308 135.617108
318 308 136.477104
320 308 137.346278
322 308 138.224455
324 308 139.111466
326 308 140.007143
328 308 140.911320
330 308 141.823834
332 308 142.744527
334 308 143.673240
336 308 144.609820
338 308 145.554114
340 308 146.505973
342 308 147.465250
344 308 148.431803
346 308 149.405489
348 308 150.386170
350 308 151.373710
352 308 152.367976
354 308 153.368836
356 308 154.376164
358 308 155.389832
360 308 156.409718
362 308 157.435701
364 308 158.467662
366 308 159.505486
368 308 160.549058
370 308 161.598267
372 308 162.653005
374 308 163.713164
376 308 164.778639
378 308 165.849329
380 308 166.925133
382 308 168.005952
384 308 169.091691
386 308 170.182255
388 308 171.277553
390 308 172.377493
392 308 173.481988
394 308 174.590951
396 308 175.704297
398 308 176.821944
0 310 179.164729
2 310 178.050555
4 310 176.940668
6 310 175.835150
8 310 174.734084
10 310 173.637554
12 310 172.545646
14 310 171.458450
16 310 170.376055
18 310 169.298553
20 310 168.226038
22 310 167.158607
24 310 166.096358
26 310 165.039389
28 310 163.987804
30 310 162.941707
32 310 161.901204
34 310 160.866404
36 310 159.837417
38 310 158.814357
40 310 157.797338
42 310 156.786479
44 310 155.781899
46 310 154.783720
48 310 153.792067
50 310 152.807068
52 310 151.828851
54 310 150.857549
56 310 149.893295
58 310 148.936228
60 310 147.986486
62 310 147.044211
64 310 146.109548
66 310 145.182644
68 310 144.263648
70 310 143.352712
72 310 142.449991
74 310 141.555643
76 310 140.669826
78 310 139.792704
80 310 138.924440
82 310 138.065202
84 310 137.215160
86 310 136.374484
88 310 135.543351
90 310 134.721936
92 310 133.910418
94 310 133.108978
96 310 132.317799
98 310 131.537067
100 310 130.766968
102 310 130.007692
104 310 129.259429
106 310 128.522372
108 310 127.796714
110 310 127.082650
112 310 126.380378
114 310 125.690095
116 310 125.011999
118 310 124.346291
120 310 123.693169
122 310 123.052834
124 310 122.425488
126 310 121.811330
128 310 121.210561
130 310 120.623381
132 310 120.049990
134 310 119.490585
136 310 118.945366
138 310 118.414526
140 310 117.898261
142 310 117.396763
144 310 116.910222
146 310 116.438825
148 310 115.982757
150 310 115.542200
152 310 115.117331
154 310 114.708326
156 310 114.315353
158 310 113.938580
160 310 113.578167
162 310 113.234270
164 310 112.907041
166 310 112.596625
168 310 112.303161
170 310 112.026783
172 310 111.767616
174 310 111.525782
176 310 111.301393
178 310 111.094554
180 310 110.905365
182 310 110.733915
184 310 110.580288
186 310 110.444556
188 310 110.326787
190 310 110.227038
192 310 110.145359
194 310 110.081788
196 310 110.036358
198 310 110.009091
200 310 110.000000
202 310 110.009091
204 310 110.036358
206 310 110.081788
208 310 110.145359
210 310 110.227038
212 310 110.326787
214 310 110.444556
216 310 110.580288
218 310 110.733915
220 310 110.905365
222 310 111.094554
224 310 111.301393
226 310 111.525782
228 310 111.767616
230 310 112.026783
232 310 112.303161
234 310 112.596625
236 310 112.907041
238 310 113.234270
240 310 113.578167
242 310 113.938580
244 310 114.315353
246 310 114.708326
248 310 115.117331
250 310 115.542200
252 310 115.982757
254 310 116.438825
256 310 116.910222
258 310 117.396763
260 310 117.898261
262 310 118.414526
264 310 118.945366
266 310 119.490585
268 310 120.049990
270 310 120.623381
272 310 121.210561
274 310 121.811330
276 310 122.425488
278 310 123.052834
280 310 123.693169
282 310 124.346291
284 310 125.011999
286 310 125.690095
288 310 126.380378
290 310 127.082650
292 310 127.796714
294 310 128.522372
296 310 129.259429
298 310 130.007692
300 310 130.766968
302 310 131.537067
304 310 132.317799
306 310 133.108978
308 310 133.910418
310 310 134.721936
312 310 135.543351
314 310 136.374484
316 310 137.215160
318 310 138.065202
320 310 138.924440
322 310 139.792704
324 310 140.669826
326 310 141.555643
328 310 142.449991
330 310 143.352712
332 310 144.263648
334 310 145.182644
336 310 146.109548
338 310 147.044211
340 310 147.986486
342 310 148.936228
344 310 149.893295
346 310 150.857549
348 310 151.828851
350 310 152.807068
352 310 153.792067
354 310 154.783720
356 310 155.781899
358 310 156.786479
360 310 157.797338
362 310 158.814357
364 310 159.837417
366 310 160.866404
368 310 161.901204
370 310 162.941707
372 310 163.987804
374 310 165.039389
376 310 166.096358
378 310 167.158607
380 310 168.226038
382 310 169.298553
384 310 170.376055
386 310 171.458450
388 310 172.545646
390 310 173.637554
392 310 174.734084
394 310 175.835150
396 310 176.940668
398 310 178.050555
0 312 180.399557
2 312 179.293056
4 312 178.190909
6 312 177.093196
8 312 176.000000
10 312 174.911406
12 312 173.827501
14 312 172.748372
16 312 171.674110
18 312 170.604806
20 312 169.540556
22 312 168.481453
24 312 167.427596
26 312 166.379085
28 312 165.336021
30 312 164.298509
32 312 163.266653
34 312 162.240562
36 312 161.220346
38 312 160.206117
40 312 159.197990
42 312 158.196081
44 312 157.200509
46 312 156.211395
48 312 155.228863
50 312 154.253039
52 312 153.284050
54 312 152.322027
56 312 151.367103
58 312 150.419414
60 312 149.479096
62 312 148.546289
64 312 147.621137
66 312 146.703783
68 312 145.794376
70 312 144.893064
72 312 144.000000
74 312 143.115338
76 312 142.239235
78 312 141.371850
80 312 140.513345
82 312 139.663882
84 312 138.823629
86 312 137.992753
88 312 137.171426
90 312 136.359818
92 312 135.558106
94 312 134.766465
96 312 133.985074
98 312 133.214113
100 312 132.453766
102 312 131.704214
104 312 130.965644
106 312 130.238243
108 312 129.522199
110 312 128.817701
112 312 128.124939
114 312 127.444105
116 312 126.775392
118 312 126.118991
120 312 125.475097
122 312 124.843903
124 312 124.225601
126 312 123.620387
128 312 123.028452
130 312 122.449990
132 312 121.885192
134 312 121.334249
136 312 120.797351
138 312 120.274686
140 312 119.766439
142 312 119.272797
144 312 118.793939
146 312 118.330047
148 312 117.881296
150 312 117.447861
152 312 117.029911
154 312 116.627613
156 312 116.241129
158 312 115.870618
160 312 115.516233
162 312 115.178123
164 312 114.856432
166 312 114.551299
168 312 114.262855
170 312 113.991228
172 312 113.736538
174 312 113.498899
176 312 113.278418
178 312 113.075196
180 312 112.889326
182 312 112.720894
184 312 112.569978
186 312 112.436649
188 312 112.320969
190 312 112.222992
192 312 112.142766
194 312 112.080328
196 312 112.035709
198 312 112.008928
200 312 112.000000
202 312 112.008928
204 312 112.035709
206 312 112.080328
208 312 112.142766
210 312 112.222992
212 312 112.320969
214 312 112.436649
216 312 112.569978
218 312 112.720894
220 312 112.889326
222 312 113.075196
224 312 113.278418
226 312 113.498899
228 312 113.736538
230 312 113.991228
232 312 114.262855
234 312 114.551299
236 312 114.856432
238 312 115.178123
240 312 115.516233
242 312 115.870618
244 312 116.241129
246 312 116.627613
248 312 117.029911
250 312 117.447861
252 312 117.881296
254 312 118.330047
256 312 118.793939
258 312 119.272797
260 312 119.766439
262 312 120.274686
264 312 120.797351
266 312 121.334249
268 312 121.885192
270 312 122.449990
272 312 123.028452
274 312 123.620387
276 312 124.225601
278 312 124.843903
280 312 125.475097
282 312 126.118991
284 312 126.775392
286 312 127.444105
288 312 128.124939
290 312 128.817701
292 312 129.522199
294 312 130.238243
296 312 130.965644
298 312 131.704214
300 312 132.453766
302 312 133.214113
304 312 133.985074
306 312 134.766465
308 312 135.558106
310 312 136.359818
312 312 137.171426
314 312 137.992753
316 312 138.823629
318 312 139.663882
320 312 140.513345
322 312 141.371850
324 312 142.239235
326 312 143.115338
328 312 144.000000
330 312 144.893064
332 312 145.794376
334 312 146.703783
336 312 147.621137
338 312 148.546289
340 312 149.479096
342 312 150.419414
344 312 151.367103
346 312 152.322027
348 312 153.284050
350 312 154.253039
352 312 155.228863
354 312 156.211395
356 312 157.200509
358 312 158.196081
360 312 159.197990
362 312 160.206117
364 312 161.220346
366 312 162.240562
368 312 163.266653
370 312 164.298509
372 312 165.336021
374 312 166.379085
376 312 167.427596
378 312 168.481453
380 312 169.540556
382 312 170.604806
384 312 171.674110
386 312 172.748372
388 312 173.827501
390 312 174.911406
392 312 176.000000
394 312 177.093196
396 312 178.190909
398 312 179.293056
0 314 181.648011
2 314 180.549162
4 314 179.454730
6 314 178.364795
8 314 177.279440
10 314 176.198751
12 314 175.122814
14 314 174.051716
16 314 172.985549
18 314 171.924402
20 314 170.868370
22 314 169.817549
24 314 168.772036
26 314 167.731929
28 314 166.697331
30 314 165.668343
32 314 164.645073
34 314 163.627626
36 314 162.616112
38 314 161.610643
40 314 160.611332
42 314 159.618295
44 314 158.631649
46 314 157.651514
48 314 156.678014
50 314 155.711271
52 314 154.751414
54 314 153.798570
56 314 152.852870
58 314 151.914450
60 314 150.983443
62 314 150.059988
64 314 149.144226
66 314 148.236298
68 314 147.336350
70 314 146.444529
72 314 145.560984
74 314 144.685867
76 314 143.819331
78 314 142.961533
80 314 142.112631
82 314 141.272786
84 314 140.442159
86 314 139.620915
88 314 138.809222
90 314 138.007246
92 314 137.215160
94 314 136.433134
96 314 135.661343
98 314 134.899963
100 314 134.149171
102 314 133.409145
104 314 132.680066
106 314 131.962116
108 314 131.255476
110 314 130.560331
112 314 129.876865
114 314 129.205263
116 314 128.545712
118 314 127.898397
120 314 127.263506
122 314 126.641226
124 314 126.031742
126 314 125.435242
128 314 124.851912
130 314 124.281938
132 314 123.725503
134 314 123.182791
136 314 122.653985
138 314 122.139265
140 314 121.638810
142 314 121.152796
144 314 120.681399
146 314 120.224789
148 314 119.783137
150 314 119.356609
152 314 118.945366
154 314 118.549568
156 314 118.169370
158 314 117.804923
160 314 117.456375
162 314 117.123866
164 314 116.807534
166 314 116.507510
168 314 116.223922
170 314 115.956889
172 314 115.706525
174 314 115.472941
176 314 115.256236
178 314 115.056508
180 314 114.873844
182 314 114.708326
184 314 114.560028
186 314 114.429017
188 314 114.315353
190 314 114.219088
192 314 114.140265
194 314 114.078920
196 314 114.035082
198 314 114.008772
200 314 114.000000
202 314 114.008772
204 314 114.035082
206 314 114.078920
208 314 114.140265
210 314 114.219088
212 314 114.315353
214 314 114.429017
216 314 114.560028
218 314 114.708326
220 314 114.873844
222 314 115.056508
224 314 115.256236
226 314 115.472941
228 314 115.706525
230 314 115.956889
232 314 116.223922
234 314 116.507510
236 314 116.807534
238 314 117.123866
240 314 117.456375
242 314 117.804923
244 314 118.169370
246 314 118.549568
248 314 118.945366
250 314 119.356609
252 314 119.783137
254 314 120.224789
256 314 120.681399
258 314 121.152796
260 314 121.638810
262 314 122.139265
264 314 122.653985
266 314 123.182791
268 314 123.725503
270 314 124.281938
272 314 124.851912
274 314 125.435242
276 314 126.031742
278 314 126.641226
280 314 127.263506
282 314 127.898397
284 314 128.545712
286 314 129.205263
288 314 129.876865
290 314 130.560331
292 314 131.255476
294 314 131.962116
296 314 132.680066
298 314 133.409145
300 314 134.149171
302 314 134.899963
304 314 135.661343
306 314 136.433134
308 314 137.215160
310 314 138.007246
312 314 138.809222
314 314 139.620915
316 314 140.442159
318 314 141.272786
320 314 142.112631
322 314 142.961533
324 314 143.819331
326 314 144.685867
328 314 145.560984
330 314 146.444529
332 314 147.336350
334 314 148.236298
336 314 149.144226
338 314 150.059988
340 314 150.983443
342 314 151.914450
344 314 152.852870
346 314 153.798570
348 314 154.751414
350 314 155.711271
352 314 156.678014
354 314 157.651514
356 314 158.631649
358 314 159.618295
360 314 160.611332
362 314 161.610643
364 314 162.616112
366 314 163.627626
368 314 164.645073
370 314 165.668343
372 314 166.697331
374 314 167.731929
376 314 168.772036
378 314 169.817549
380 314 170.868370
382 314 171.924402
384 314 172.985549
386 314 174.051716
388 314 175.122814
390 314 176.198751
392 314 177.279440
394 314 178.364795
396 314 179.454730
398 314 180.549162
0 316 182.909814
2 316 181.818591
4 316 180.731846
6 316 179.649659
8 316 178.572114
10 316 177.499296
12 316 176.431290
14 316 175.368184
16 316 174.310069
18 316 173.257034
20 316 172.209175
22 316 171.166586
24 316 170.129363
26 316 169.097605
28 316 168.071413
30 316 167.050890
32 316 166.036141
34 316 165.027270
36 316 164.024388
38 316 163.027605
40 316 162.037033
42 316 161.052786
44 316 160.074982
46 316 159.103740
48 316 158.139179
50 316 157.181424
52 316 156.230599
54 316 155.286831
56 316 154.350251
58 316 153.420989
60 316 152.499180
62 316 151.584960
64 316 150.678466
66 316 149.779838
68 316 148.889221
70 316 148.006757
72 316 147.132593
74 316 146.266879
76 316 145.409766
78 316 144.561406
80 316 143.721954
82 316 142.891567
84 316 142.070405
86 316 141.258628
88 316 140.456399
90 316 139.663882
92 316 138.881244
94 316 138.108653
96 316 137.346278
98 316 136.594290
100 316 135.852862
102 316 135.122167
104 316 134.402381
106 316 133.693680
108 316 132.996241
110 316 132.310241
112 316 131.635861
114 316 130.973280
116 316 130.322676
118 316 129.684232
120 316 129.058126
122 316 128.444541
124 316 127.843655
126 316 127.255648
128 316 126.680701
130 316 126.118991
132 316 125.570697
134 316 125.035995
136 316 124.515059
138 316 124.008064
140 316 123.515181
142 316 123.036580
144 316 122.572428
146 316 122.122889
148 316 121.688126
150 316 121.268298
152 316 120.863559
154 316 120.474064
156 316 120.099958
158 316 119.741388
160 316 119.398492
162 316 119.071407
164 316 118.760263
166 316 118.465185
168 316 118.186294
170 316 117.923704
172 316 117.677525
174 316 117.447861
176 316 117.234807
178 316 117.038455
180 316 116.858889
182 316 116.696187
184 316 116.550418
186 316 116.421647
188 316 116.309931
190 316 116.215317
192 316 116.137849
194 316 116.077560
196 316 116.034478
198 316 116.008620
200 316 116.000000
202 316 116.008620
204 316 116.034478
206 316 116.077560
208 316 116.137849
210 316 116.215317
212 316 116.309931
214 316 116.421647
216 316 116.550418
218 316 116.696187
220 316 116.858889
222 316 117.038455
224 316 117.234807
226 316 117.447861
228 316 117.677525
230 316 117.923704
232 316 118.186294
234 316 118.465185
236 316 118.760263
238 316 119.071407
240 316 119.398492
242 316 119.741388
244 316 120.099958
246 316 120.474064
248 316 120.863559
250 316 121.268298
252 316 121.688126
254 316 122.122889
256 316 122.572428
258 316 123.036580
260 316 123.515181
262 316 124.008064
264 316 124.515059
266 316 125.035995
268 316 125.570697
270 316 126.118991
272 316 126.680701
274 316 127.255648
276 316 127.843655
278 316 128.444541
280 316 129.058126
282 316 129.684232
284 316 130.322676
286 316 130.973280
288 316 131.635861
290 316 132.310241
292 316 132.996241
294 316 133.693680
296 316 134.402381
298 316 135.122167
300 316 135.852862
302 316 136.594290
304 316 137.346278
306 316 138.108653
308 316 138.881244
310 316 139.663882
312 316 140.456399
314 316 141.258628
316 316 142.070405
318 316 142.891567
320 316 143.721954
322 316 144.561406
324 316 145.409766
326 316 146.266879
328 316 147.132593
330 316 148.006757
332 316 148.889221
334 316 149.779838
336 316 150.678466
338 316 151.584960
340 316 152.499180
342 316 153.420989
344 316 154.350251
346 316 155.286831
348 316 156.230599
350 316 157.181424
352 316 158.139179
354 316 159.103740
356 316 160.074982
358 316 161.052786
360 316 162.037033
362 316 163.027605
364 316 164.024388
366 316 165.027270
368 316 166.036141
370 316 167.050890
372 316 168.071413
374 316 169.097605
376 316 170.129363
378 316 171.166586
380 316 172.209175
382 316 173.257034
384 316 174.310069
386 316 175.368184
388 316 176.431290
390 316 177.499296
392 316 178.572114
394 316 179.649659
396 316 180.731846
398 316 181.818591
0 318 184.184690
2 318 183.101065
4 318 182.021977
6 318 180.947506
8 318 179.877736
10 318 178.812751
12 318 177.752637
14 318 176.697482
16 318 175.647374
18 318 174.602405
20 318 173.562669
22 318 172.528259
24 318 171.499271
26 318 170.475805
28 318 169.457959
30 318 168.445837
32 318 167.439541
34 318 166.439178
36 318 165.444855
38 318 164.456681
40 318 163.474769
42 318 162.499231
44 318 161.530183
46 318 160.567743
48 318 159.612030
50 318 158.663165
52 318 157.721273
54 318 156.786479
56 318 155.858911
58 318 154.938698
60 318 154.025972
62 318 153.120867
64 318 152.223520
66 318 151.334068
68 318 150.452650
70 318 149.579410
72 318 148.714492
74 318 147.858040
76 318 147.010204
78 318 146.171133
80 318 145.340978
82 318 144.519895
84 318 143.708037
86 318 142.905563
88 318 142.112631
90 318 141.329402
92 318 140.556039
94 318 139.792704
96 318 139.039563
98 318 138.296782
100 318 137.564530
102 318 136.842976
104 318 136.132289
106 318 135.432640
108 318 134.744202
110 318 134.067147
112 318 133.401649
114 318 132.747881
116 318 132.106018
118 318 131.476234
120 318 130.858702
122 318 130.253599
124 318 129.661097
126 318 129.081370
128 318 128.514591
130 318 127.960932
132 318 127.420563
134 318 126.893656
136 318 126.380378
138 318 125.880896
140 318 125.395375
142 318 124.923977
144 318 124.466863
146 318 124.024191
148 318 123.596116
150 318 123.182791
152 318 122.784364
154 318 122.400980
156 318 122.032782
158 318 121.679908
160 318 121.342490
162 318 121.020659
164 318 120.714539
166 318 120.424250
168 318 120.149906
170 318 119.891618
172 318 119.649488
174 318 119.423616
176 318 119.214093
178 318 119.021007
180 318 118.844436
182 318 118.684456
184 318 118.541132
186 318 118.414526
188 318 118.304691
190 318 118.211675
192 318 118.135515
194 318 118.076247
196 318 118.033893
198 318 118.008474
200 318 118.000000
202 318 118.008474
204 318 118.033893
206 318 118.076247
208 318 118.135515
210 318 118.211675
212 318 118.304691
214 318 118.414526
216 318 118.541132
218 318 118.684456
220 318 118.844436
222 318 119.021007
224 318 119.214093
226 318 119.423616
228 318 119.649488
230 318 119.891618
232 318 120.149906
234 318 120.424250
236 318 120.714539
238 318 121.020659
240 318 121.342490
242 318 121.679908
244 318 122.032782
246 318 122.400980
248 318 122.784364
250 318 123.182791
252 318 123.596116
254 318 124.024191
256 318 124.466863
258 318 124.923977
260 318 125.395375
262 318 125.880896
264 318 126.380378
266 318 126.893656
268 318 127.420563
270 318 127.960932
272 318 128.514591
274 318 129.081370
276 318 129.661097
278 318 130.253599
280 318 130.858702
282 318 131.476234
284 318 132.106018
286 318 132.747881
288 318 133.401649
290 318 134.067147
292 318 134.744202
294 318 135.432640
296 318 136.132289
298 318 136.842976
300 318 137.564530
302 318 138.296782
304 318 139.039563
306 318 139.792704
308 318 140.556039
310 318 141.329402
312 318 142.112631
314 318 142.905563
316 318 143.708037
318 318 144.519895
320 318 145.340978
322 318 146.171133
324 318 147.010204
326 318 147.858040
328 318 148.714492
330 318 149.579410
332 318 150.452650
334 318 151.334068
336 318 152.223520
338 318 153.120867
340 318 154.025972
342 318 154.938698
344 318 155.858911
346 318 156.786479
348 318 157.721273
350 318 158.663165
352 318 159.612030
354 318 160.567743
356 318 161.530183
358 318 162.499231
360 318 163.474769
362 318 164.456681
364 318 165.444855
366 318 166.439178
368 318 167.439541
370 318 168.445837
372 318 169.457959
374 318 170.475805
376 318 171.499271
378 318 172.528259
380 318 173.562669
382 318 174.602405
384 318 175.647374
386 318 176.697482
388 318 177.752637
390 318 178.812751
392 318 179.877736
394 318 180.947506
396 318 182.021977
398 318 183.101065
0 320 185.472370
2 320 184.396312
4 320 183.324848
6 320 182.258059
8 320 181.196026
10 320 180.138835
12 320 179.086571
14 320 178.039321
16 320 176.997175
18 320 175.960223
20 320 174.928557
22 320 173.902271
24 320 172.881462
26 320 171.866227
28 320 170.856665
30 320 169.852878
32 320 168.854967
34 320 167.863039
36 320 166.877200
38 320 165.897559
40 320 164.924225
42 320 163.957312
44 320 162.996932
46 320 162.043204
48 320 161.096245
50 320 160.156174
52 320 159.223114
54 320 158.297189
56 320 157.378525
58 320 156.467249
60 320 155.563492
62 320 154.667385
64 320 153.779062
66 320 152.898659
68 320 152.026314
70 320 151.162165
72 320 150.306354
74 320 149.459024
76 320 148.620322
78 320 147.790392
80 320 146.969385
82 320 146.157449
84 320 145.354738
86 320 144.561406
88 320 143.777606
90 320 143.003496
92 320 142.239235
94 320 141.484982
96 320 140.740897
98 320 140.007143
100 320 139.283883
102 320 138.571281
104 320 137.869504
106 320 137.178716
108 320 136.499084
110 320 135.830777
112 320 135.173962
114 320 134.528807
116 320 133.895482
118 320 133.274154
120 320 132.664992
122 320 132.068164
124 320 131.483839
126 320 130.912184
128 320 130.353366
130 320 129.807550
132 320 129.274901
134 320 128.755582
136 320 128.249756
138 320 127.757583
140 320 127.279221
142 320 126.814826
144 320 126.364552
146 320 125.928551
148 320 125.506972
150 320 125.099960
152 320 124.707658
154 320 124.330206
156 320 123.967738
158 320 123.620387
160 320 123.288280
162 320 122.971541
164 320 122.670290
166 320 122.384640
168 320 122.114700
170 320 121.860576
172 320 121.622366
174 320 121.400165
176 320 121.194059
178 320 121.004132
180 320 120.830460
182 320 120.673112
184 320 120.532153
186 320 120.407641
188 320 120.299626
190 320 120.208153
192 320 120.133259
194 320 120.074977
196 320 120.033329
198 320 120.008333
200 320 120.000000
202 320 120.008333
204 320 120.033329
206 320 120.074977
208 320 120.133259
210 320 120.208153
212 320 120.299626
214 320 120.407641
216 320 120.532153
218 320 120.673112
220 320 120.830460
222 320 121.004132
224 320 121.194059
226 320 121.400165
228 320 121.622366
230 320 121.860576
232 320 122.114700
234 320 122.384640
236 320 122.670290
238 320 122.971541
240 320 123.288280
242 320 123.620387
244 320 123.967738
246 320 124.330206
248 320 124.707658
250 320 125.099960
252 320 125.506972
254 320 125.928551
256 320 126.364552
258 320 126.814826
260 320 127.279221
262 320 127.757583
264 320 128.249756
266 320 128.755582
268 320 129.274901
270 320 129.807550
272 320 130.353366
274 320 130.912184
276 320 131.483839
278 320 132.068164
280 320 132.664992
282 320 133.274154
284 320 133.895482
286 320 134.528807
288 320 135.173962
290 320 135.830777
292 320 136.499084
294 320 137.178716
296 320 137.869504
298 320 138.571281
300 320 139.283883
302 320 140.007143
304 320 140.740897
306 320 141.484982
308 320 142.239235
310 320 143.003496
312 320 143.777606
314 320 144.561406
316 320 145.354738
318 320 146.157449
320 320 146.969385
322 320 147.790392
324 320 148.620322
326 320 149.459024
328 320 150.306354
330 320 151.162165
332 320 152.026314
334 320 152.898659
336 320 153.779062
338 320 154.667385
340 320 155.563492
342 320 156.467249
344 320 157.378525
346 320 158.297189
348 320 159.223114
350 320 160.156174
352 320 161.096245
354 320 162.043204
356 320 162.996932
358 320 163.957312
360 320 164.924225
362 320 165.897559
364 320 166.877200
366 320 167.863039
368 320 168.854967
370 320 169.852878
372 320 170.856665
374 320 171.866227
376 320 172.881462
378 320 173.902271
380 320 174.928557
382 320 175.960223
384 320 176.997175
386 320 178.039321
388 320 179.086571
390 320 180.138835
392 320 181.196026
394 320 182.258059
396 320 183.324848
398 320 184.396312
0 322 186.772589
2 322 185.704066
4 322 184.640191
6 322 183.581045
8 322 182.526710
10 322 181.477271
12 322 180.432813
14 322 179.393422
16 322 178.359188
18 322 177.330200
20 322 176.306551
22 322 175.288334
24 322 174.275644
26 322 173.268578
28 322 172.267234
30 322 171.271714
32 322 170.282119
34 322 169.298553
36 322 168.321122
38 322 167.349933
40 322 166.385095
42 322 165.426721
44 322 164.474922
46 322 163.529814
48 322 162.591513
50 322 161.660137
52 322 160.735808
54 322 159.818647
56 322 158.908779
58 322 158.006329
60 322 157.111425
62 322 156.224198
64 322 155.344778
66 322 154.473299
68 322 153.609896
70 322 152.754705
72 322 151.907867
74 322 151.069520
76 322 150.239808
78 322 149.418874
80 322 148.606864
82 322 147.803924
84 322 147.010204
86 322 146.225853
88 322 145.451023
90 322 144.685867
92 322 143.930539
94 322 143.185195
96 322 142.449991
98 322 141.725086
100 322 141.010638
102 322 140.306807
104 322 139.613753
106 322 138.931638
108 322 138.260623
110 322 137.600872
112 322 136.952547
114 322 136.315810
116 322 135.690825
118 322 135.077755
120 322 134.476764
122 322 133.888013
124 322 133.311665
126 322 132.747881
128 322 132.196823
130 322 131.658650
132 322 131.133520
134 322 130.621591
136 322 130.123019
138 322 129.637957
140 322 129.166559
142 322 128.708974
144 322 128.265350
146 322 127.835832
148 322 127.420563
150 322 127.019684
152 322 126.633329
154 322 126.261633
156 322 125.904726
158 322 125.562733
160 322 125.235778
162 322 124.923977
164 322 124.627445
166 322 124.346291
168 322 124.080619
170 322 123.830529
172 322 123.596116
174 322 123.377470
176 322 123.174673
178 322 122.987804
180 322 122.816937
182 322 122.662138
184 322 122.523467
186 322 122.400980
188 322 122.294726
190 322 122.204746
192 322 122.131077
194 322 122.073748
196 322 122.032782
198 322 122.008196
200 322 122.000000
202 322 122.008196
204 322 122.032782
206 322 122.073748
208 322 122.131077
210 322 122.204746
212 322 122.294726
214 322 122.400980
216 322 122.523467
218 322 122.662138
220 322 122.816937
222 322 122.987804
224 322 123.174673
226 322 123.377470
228 322 123.596116
230 322 123.830529
232 322 124.080619
234 322 124.346291
236 322 124.627445
238 322 124.923977
240 322 125.235778
242 322 125.562733
244 322 125.904726
246 322 126.261633
248 322 126.633329
250 322 127.019684
252 322 127.420563
254 322 127.835832
256 322 128.265350
258 322 128.708974
260 322 129.166559
262 322 129.637957
264 322 130.123019
266 322 130.621591
268 322 131.133520
270 322 131.658650
272 322 132.196823
274 322 132.747881
276 322 133.311665
278 322 133.888013
280 322 134.476764
282 322 135.077755
284 322 135.690825
286 322 136.315810
288 322 136.952547
290 322 137.600872
292 322 138.260623
294 322 138.931638
296 322 139.613753
298 322 140.306807
300 322 141.010638
302 322 141.725086
304 322 142.449991
306 322 143.185195
308 322 143.930539
310 322 144.685867
312 322 145.451023
314 322 146.225853
316 322 147.010204
318 322 147.803924
320 322 148.606864
322 322 149.418874
324 322 150.239808
326 322 151.069520
328 322 151.907867
330 322 152.754705
332 322 153.609896
334 322 154.473299
336 322 155.344778
338 322 156.224198
340 322 157.111425
342 322 158.006329
344 322 158.908779
346 322 159.818647
348 322 160.735808
350 322 161.660137
352 322 162.591513
354 322 163.529814
356 322 164.474922
358 322 165.426721
360 322 166.385095
362 322 167.349933
364 322 168.321122
366 322 169.298553
368 322 170.282119
370 322 171.271714
372 322 172.267234
374 322 173.268578
376 322 174.275644
378 322 175.288334
380 322 176.306551
382 322 177.330200
384 322 178.359188
386 322 179.393422
388 322 180.432813
390 322 181.477271
392 322 182.526710
394 322 183.581045
396 322 184.640191
398 322 185.704066
0 324 188.085087
2 324 187.024063
4 324 185.967739
6 324 184.916197
8 324 183.869519
10 324 182.827788
12 324 181.791089
14 324 180.759509
16 324 179.733136
18 324 178.712059
20 324 177.696370
22 324 176.686162
24 324 175.681530
26 324 174.682569
28 324 173.689378
30 324 172.702056
32 324 171.720703
34 324 170.745425
36 324 169.776323
38 324 168.813507
40 324 167.857082
42 324 166.907160
44 324 165.963851
46 324 165.027270
48 324 164.097532
50 324 163.174753
52 324 162.259052
54 324 161.350550
56 324 160.449369
58 324 159.555633
60 324 158.669468
62 324 157.791001
64 324 156.920362
66 324 156.057682
68 324 155.203093
70 324 154.356730
72 324 153.518728
74 324 152.689227
76 324 151.868364
78 324 151.056281
80 324 150.253120
82 324 149.459024
84 324 148.674140
86 324 147.898614
88 324 147.132593
90 324 146.376228
92 324 145.629667
94 324 144.893064
96 324 144.166570
98 324 143.450340
100 324 142.744527
102 324 142.049287
104 324 141.364776
106 324 140.691151
108 324 140.028569
110 324 139.377186
112 324 138.737162
114 324 138.108653
116 324 137.491818
118 324 136.886815
120 324 136.293800
122 324 135.712932
124 324 135.144367
126 324 134.588261
128 324 134.044769
130 324 133.514044
132 324 132.996241
134 324 132.491509
136 324 132.000000
138 324 131.521861
140 324 131.057239
142 324 130.606279
144 324 130.169121
146 324 129.745906
148 324 129.336770
150 324 128.941847
152 324 128.561269
154 324 128.195164
156 324 127.843655
158 324 127.506863
160 324 127.184905
162 324 126.877894
164 324 126.585939
166 324 126.309145
168 324 126.047610
170 324 125.801431
172 324 125.570697
174 324 125.355494
176 324 125.155903
178 324 124.971997
180 324 124.803846
182 324 124.651514
184 324 124.515059
186 324 124.394534
188 324 124.289984
190 324 124.201449
192 324 124.128965
194 324 124.072559
196 324 124.032254
198 324 124.008064
200 324 124.000000
202 324 124.008064
204 324 124.032254
206 324 124.072559
208 324 124.128965
210 324 124.201449
212 324 124.289984
214 324 124.394534
216 324 124.515059
218 324 124.651514
220 324 124.803846
222 324 124.971997
224 324 125.155903
226 324 125.355494
228 324 125.570697
230 324 125.801431
232 324 126.047610
234 324 126.309145
236 324 126.585939
238 324 126.877894
240 324 127.184905
242 324 127.506863
244 324 127.843655
246 324 128.195164
248 324 128.561269
250 324 128.941847
252 324 129.336770
254 324 129.745906
256 324 130.169121
258 324 130.606279
260 324 131.057239
262 324 131.521861
264 324 132.000000
266 324 132.491509
268 324 132.996241
270 324 133.514044
272 324 134.044769
274 324 134.588261
276 324 135.144367
278 324 135.712932
280 324 136.293800
282 324 136.886815
284 324 137.491818
286 324 138.108653
288 324 138.737162
290 324 139.377186
292 324 140.028569
294 324 140.691151
296 324 141.364776
298 324 142.049287
300 324 142.744527
302 324 143.450340
304 324 144.166570
306 324 144.893064
308 324 145.629667
310 324 146.376228
312 324 147.132593
314 324 147.898614
316 324 148.674140
318 324 149.459024
320 324 150.253120
322 324 151.056281
324 324 151.868364
326 324 152.689227
328 324 153.518728
330 324 154.356730
332 324 155.203093
334 324 156.057682
336 324 156.920362
338 324 157.791001
340 324 158.669468
342 324 159.555633
344 324 160.449369
346 324 161.350550
348 324 162.259052
350 324 163.174753
352 324 164.097532
354 324 165.027270
356 324 165.963851
358 324 166.907160
360 324 167.857082
362 324 168.813507
364 324 169.776323
366 324 170.745425
368 324 171.720703
370 324 172.702056
372 324 173.689378
374 324 174.682569
376 324 175.681530
378 324 176.686162
380 324 177.696370
382 324 178.712059
384 324 179.733136
386 324 180.759509
388 324 181.791089
390 324 182.827788
392 324 183.869519
394 324 184.916197
396 324 185.967739
398 324 187.024063
0 326 189.409609
2 326 188.356046
4 326 187.307234
6 326 186.263255
8 326 185.224188
10 326 184.190119
12 326 183.161131
14 326 182.137311
16 326 181.118746
18 326 180.105525
20 326 179.097739
22 326 178.095480
24 326 177.098842
26 326 176.107921
28 326 175.122814
30 326 174.143619
32 326 173.170436
34 326 172.203368
36 326 171.242518
38 326 170.287991
40 326 169.339895
42 326 168.398337
44 326 167.463429
46 326 166.535282
48 326 165.614009
50 326 164.699727
52 326 163.792552
54 326 162.892603
56 326 162.000000
58 326 161.114866
60 326 160.237324
62 326 159.367500
64 326 158.505520
66 326 157.651514
68 326 156.805612
70 326 155.967945
72 326 155.138648
74 326 154.317854
76 326 153.505700
78 326 152.702325
80 326 151.907867
82 326 151.122467
84 326 150.346267
86 326 149.579410
88 326 148.822041
90 326 148.074306
92 326 147.336350
94 326 146.608322
96 326 145.890370
98 326 145.182644
100 326 144.485293
102 326 143.798470
104 326 143.122325
106 326 142.457011
108 326 141.802680
110 326 141.159484
112 326 140.527577
114 326 139.907112
116 326 139.298241
118 326 138.701118
120 326 138.115893
122 326 137.542721
124 326 136.981751
126 326 136.433134
128 326 135.897020
130 326 135.373557
132 326 134.862893
134 326 134.365174
136 326 133.880544
138 326 133.409145
140 326 132.951119
142 326 132.506604
144 326 132.075736
146 326 131.658650
148 326 131.255476
150 326 130.866344
152 326 130.491379
154 326 130.130704
156 326 129.784437
158 326 129.452694
160 326 129.135588
162 326 128.833226
164 326 128.545712
166 326 128.273146
168 326 128.015624
170 326 127.773237
172 326 127.546070
174 326 127.334206
176 326 127.137721
178 326 126.956686
180 326 126.791167
182 326 126.641226
184 326 126.506917
186 326 126.388291
188 326 126.285391
190 326 126.198257
192 326 126.126920
194 326 126.071408
196 326 126.031742
198 326 126.007936
200 326 126.000000
202 326 126.007936
204 326 126.031742
206 326 126.071408
208 326 126.126920
210 326 126.198257
212 326 126.285391
214 326 126.388291
216 326 126.506917
218 326 126.641226
220 326 126.791167
222 326 126.956686
224 326 127.137721
226 326 127.334206
228 326 127.546070
230 326 127.773237
232 326 128.015624
234 326 128.273146
236 326 128.545712
238 326 128.833226
240 326 129.135588
242 326 129.452694
244 326 129.784437
246 326 130.130704
248 326 130.491379
250 326 130.866344
252 326 131.255476
254 326 131.658650
256 326 132.075736
258 326 132.506604
260 326 132.951119
262 326 133.409145
264 326 133.880544
266 326 134.365174
268 326 134.862893
270 326 135.373557
272 326 135.897020
274 326 136.433134
276 326 136.981751
278 326 137.542721
280 326 138.115893
282 326 138.701118
284 326 139.298241
286 326 139.907112
288 326 140.527577
290 326 141.159484
292 326 141.802680
294 326 142.457011
296 326 143.122325
298 326 143.798470
300 326 144.485293
302 326 145.182644
304 326 145.890370
306 326 146.608322
308 326 147.336350
310 326 148.074306
312 326 148.822041
314 326 149.579410
316 326 150.346267
318 326 151.122467
320 326 151.907867
322 326 152.702325
324 326 153.505700
326 326 154.317854
328 326 155.138648
330 326 155.967945
332 326 156.805612
334 326 157.651514
336 326 158.505520
338 326 159.367500
340 326 160.237324
342 326 161.114866
344 326 162.000000
346 326 162.892603
348 326 163.792552
350 326 164.699727
352 326 165.614009
354 326 166.535282
356 326 167.463429
358 326 168.398337
360 326 169.339895
362 326 170.287991
364 326 171.242518
366 326 172.203368
368 326 173.170436
370 326 174.143619
372 326 175.122814
374 326 176.107921
376 326 177.098842
378 326 178.095480
380 326 179.097739
382 326 180.105525
384 326 181.118746
386 326 182.137311
388 326 183.161131
390 326 184.190119
392 326 185.224188
394 326 186.263255
396 326 187.307234
398 326 188.356046
0 328 190.745904
2 328 189.699763
4 328 188.658421
6 328 187.621960
8 328 186.590461
10 328 185.564005
12 328 184.542678
14 328 183.526565
16 328 182.515753
18 328 181.510330
20 328 180.510388
22 328 179.516016
24 328 178.527309
26 328 177.544361
28 328 176.567268
30 328 175.596128
32 328 174.631040
34 328 173.672105
36 328 172.719426
38 328 171.773106
40 328 170.833252
42 328 169.899971
44 328 168.973371
46 328 168.053563
48 328 167.140659
50 328 166.234774
52 328 165.336021
54 328 164.444520
56 328 163.560386
58 328 162.683742
60 328 161.814709
62 328 160.953409
64 328 160.099969
66 328 159.254513
68 328 158.417171
70 328 157.588071
72 328 156.767344
74 328 155.955122
76 328 155.151539
78 328 154.356730
80 328 153.570831
82 328 152.793979
84 328 152.026314
86 328 151.267974
88 328 150.519102
90 328 149.779838
92 328 149.050327
94 328 148.330712
96 328 147.621137
98 328 146.921748
100 328 146.232691
102 328 145.554114
104 328 144.886162
106 328 144.228985
108 328 143.582729
110 328 142.947543
112 328 142.323575
114 328 141.710973
116 328 141.109886
118 328 140.520461
120 328 139.942845
122 328 139.377186
124 328 138.823629
126 328 138.282320
128 328 137.753403
130 328 137.237021
132 328 136.733317
134 328 136.242431
136 328 135.764502
138 328 135.299667
140 328 134.848063
142 328 134.409821
144 328 133.985074
146 328 133.573950
148 328 133.176575
150 328 132.793072
152 328 132.423563
154 328 132.068164
156 328 131.726990
158 328 131.400152
160 328 131.087757
162 328 130.789908
164 328 130.506705
166 328 130.238243
168 328 129.984614
170 328 129.745906
172 328 129.522199
174 328 129.313572
176 328 129.120099
178 328 128.941847
180 328 128.778880
182 328 128.631256
184 328 128.499027
186 328 128.382242
188 328 128.280942
190 328 128.195164
192 328 128.124939
194 328 128.070293
196 328 128.031246
198 328 128.007812
200 328 128.000000
202 328 128.007812
204 328 128.031246
206 328 128.070293
208 328 128.124939
210 328 128.195164
212 328 128.280942
214 328 128.382242
216 328 128.499027
218 328 128.631256
220 328 128.778880
222 328 128.941847
224 328 129.120099
226 328 129.313572
228 328 129.522199
230 328 129.745906
232 328 129.984614
234 328 130.238243
236 328 130.506705
238 328 130.789908
240 328 131.087757
242 328 131.400152
244 328 131.726990
246 328 132.068164
248 328 132.423563
250 328 132.793072
252 328 133.176575
254 328 133.573950
256 328 133.985074
258 328 134.409821
260 328 134.848063
262 328 135.299667
264 328 135.764502
266 328 136.242431
268 328 136.733317
270 328 137.237021
272 328 137.753403
274 328 138.282320
276 328 138.823629
278 328 139.377186
280 328 139.942845
282 328 140.520461
284 328 141.109886
286 328 141.710973
288 328 142.323575
290 328 142.947543
292 328 143.582729
294 328 144.228985
296 328 144.886162
298 328 145.554114
300 328 146.232691
302 328 146.921748
304 328 147.621137
306 328 148.330712
308 328 149.050327
310 328 149.779838
312 328 150.519102
314 328 151.267974
316 328 152.026314
318 328 152.793979
320 328 153.570831
322 328 154.356730
324 328 155.151539
326 328 155.955122
328 328 156.767344
330 328 157.588071
332 328 158.417171
334 328 159.254513
336 328 160.099969
338 328 160.953409
340 328 161.814709
342 328 162.683742
344 328 163.560386
346 328 164.444520
348 328 165.336021
350 328 166.234774
352 328 167.140659
354 328 168.053563
356 328 168.973371
358 328 169.899971
360 328 170.833252
362 328 171.773106
364 328 172.719426
366 328 173.672105
368 328 174.631040
370 328 175.596128
372 328 176.567268
374 328 177.544361
376 328 178.527309
378 328 179.516016
380 328 180.510388
382 328 181.510330
384 328 182.515753
386 328 183.526565
388 328 184.542678
390 328 185.564005
392 328 186.590461
394 328 187.621960
396 328 188.658421
398 328 189.699763
0 330 192.093727
2 330 191.054966
4 330 190.021051
6 330 188.992063
8 330 187.968082
10 330 186.949191
12 330 185.935473
14 330 184.927013
16 330 183.923897
18 330 182.926215
20 330 181.934054
22 330 180.947506
24 330 179.966664
26 330 178.991620
28 330 178.022470
30 330 177.059312
32 330 176.102243
34 330 175.151363
36 330 174.206774
38 330 173.268578
40 330 172.336879
42 330 171.411785
44 330 170.493402
46 330 169.581839
48 330 168.677207
50 330 167.779617
52 330 166.889185
54 330 166.006024
56 330 165.130252
58 330 164.261986
60 330 163.401346
62 330 162.548454
64 330 161.703432
66 330 160.866404
68 330 160.037496
70 330 159.216833
72 330 158.404545
74 330 157.600761
76 330 156.805612
78 330 156.019230
80 330 155.241747
82 330 154.473299
84 330 153.714020
86 330 152.964048
88 330 152.223520
90 330 151.492574
92 330 150.771350
94 330 150.059988
96 330 149.358629
98 330 148.667414
100 330 147.986486
102 330 147.315987
104 330 146.656060
106 330 146.006849
108 330 145.368497
110 330 144.741148
112 330 144.124946
114 330 143.520033
116 330 142.926555
118 330 142.344652
120 330 141.774469
122 330 141.216146
124 330 140.669826
126 330 140.135649
128 330 139.613753
130 330 139.104277
132 330 138.607359
134 330 138.123133
136 330 137.651734
138 330 137.193294
140 330 136.747943
142 330 136.315810
144 330 135.897020
146 330 135.491697
148 330 135.099963
150 330 134.721936
152 330 134.357731
154 330 134.007462
156 330 133.671238
158 330 133.349166
160 330 133.041347
162 330 132.747881
164 330 132.468864
166 330 132.204387
168 330 131.954538
170 330 131.719399
172 330 131.499049
174 330 131.293564
176 330 131.103013
178 330 130.927461
180 330 130.766968
182 330 130.621591
184 330 130.491379
186 330 130.376378
188 330 130.276629
190 330 130.192166
192 330 130.123019
194 330 130.069212
196 330 130.030766
198 330 130.007692
200 330 130.000000
202 330 130.007692
204 330 130.030766
206 330 130.069212
208 330 130.123019
210 330 130.192166
212 330 130.276629
214 330 130.376378
216 330 130.491379
218 330 130.621591
220 330 130.766968
222 330 130.927461
224 330 131.103013
226 330 131.293564
228 330 131.499049
230 330 131.719399
232 330 131.954538
234 330 132.204387
236 330 132.468864
238 330 132.747881
240 330 133.041347
242 330 133.349166
244 330 133.671238
246 330 134.007462
248 330 134.357731
250 330 134.721936
252 330 135.099963
254 330 135.491697
256 330 135.897020
258 330 136.315810
260 330 136.747943
262 330 137.193294
264 330 137.651734
266 330 138.123133
268 330 138.607359
270 330 139.104277
272 330 139.613753
274 330 140.135649
276 330 140.669826
278 330 141.216146
280 330 141.774469
282 330 142.344652
284 330 142.926555
286 330 143.520033
288 330 144.124946
290 330 144.741148
292 330 145.368497
294 330 146.006849
296 330 146.656060
298 330 147.315987
300 330 147.986486
302 330 148.667414
304 330 149.358629
306 330 150.059988
308 330 150.771350
310 330 151.492574
312 330 152.223520
314 330 152.964048
316 330 153.714020
318 330 154.473299
320 330 155.241747
322 330 156.019230
324 330 156.805612
326 330 157.600761
328 330 158.404545
330 330 159.216833
332 330 160.037496
334 330 160.866404
336 330 161.703432
338 330 162.548454
340 330 163.401346
342 330 164.261986
344 330 165.130252
346 330 166.006024
348 330 166.889185
350 330 167.779617
352 330 168.677207
354 330 169.581839
356 330 170.493402
358 330 171.411785
360 330 172.336879
362 330 173.268578
364 330 174.206774
366 330 175.151363
368 330 176.102243
370 330 177.059312
372 330 178.022470
374 330 178.991620
376 330 179.966664
378 330 180.947506
380 330 181.934054
382 330 182.926215
384 330 183.923897
386 330 184.927013
388 330 185.935473
390 330 186.949191
392 330 187.968082
394 330 188.992063
396 330 190.021051
398 330 191.054966
0 332 193.452837
2 332 192.421413
4 332 191.394880
6 332 190.373317
8 332 189.356806
10 332 188.345427
12 332 187.339264
14 332 186.338402
16 332 185.342925
18 332 184.352922
20 332 183.368481
22 332 182.389693
24 332 181.416648
26 332 180.449439
28 332 179.488161
30 332 178.532910
32 332 177.583783
34 332 176.640879
36 332 175.704297
38 332 174.774140
40 332 173.850510
42 332 172.933513
44 332 172.023254
46 332 171.119841
48 332 170.223383
50 332 169.333990
52 332 168.451774
54 332 167.576848
56 332 166.709328
58 332 165.849329
60 332 164.996970
62 332 164.152368
64 332 163.315645
66 332 162.486923
68 332 161.666323
70 332 160.853971
72 332 160.049992
74 332 159.254513
76 332 158.467662
78 332 157.689568
80 332 156.920362
82 332 156.160174
84 332 155.409137
86 332 154.667385
88 332 153.935051
90 332 153.212271
92 332 152.499180
94 332 151.795916
96 332 151.102614
98 332 150.419414
100 332 149.746452
102 332 149.083869
104 332 148.431803
106 332 147.790392
108 332 147.159777
110 332 146.540097
112 332 145.931491
114 332 145.334098
116 332 144.748057
118 332 144.173507
120 332 143.610585
122 332 143.059428
124 332 142.520174
126 332 141.992958
128 332 141.477913
130 332 140.975175
132 332 140.484875
134 332 140.007143
136 332 139.542108
138 332 139.089899
140 332 138.650640
142 332 138.224455
144 332 137.811465
146 332 137.411790
148 332 137.025545
150 332 136.652845
152 332 136.293800
154 332 135.948520
156 332 135.617108
158 332 135.299667
160 332 134.996296
162 332 134.707090
164 332 134.432139
166 332 134.171532
168 332 133.925352
170 332 133.693680
172 332 133.476590
174 332 133.274154
176 332 133.086438
178 332 132.913506
180 332 132.755414
182 332 132.612217
184 332 132.483961
186 332 132.370692
188 332 132.272446
190 332 132.189258
192 332 132.121157
194 332 132.068164
196 332 132.030300
198 332 132.007576
200 332 132.000000
202 332 132.007576
204 332 132.030300
206 332 132.068164
208 332 132.121157
210 332 132.189258
212 332 132.272446
214 332 132.370692
216 332 132.483961
218 332 132.612217
220 332 132.755414
222 332 132.913506
224 332 133.086438
226 332 133.274154
228 332 133.476590
230 332 133.693680
232 332 133.925352
234 332 134.171532
236 332 134.432139
238 332 134.707090
240 332 134.996296
242 332 135.299667
244 332 135.617108
246 332 135.948520
248 332 136.293800
250 332 136.652845
252 332 137.025545
254 332 137.411790
256 332 137.811465
258 332 138.224455
260 332 138.650640
262 332 139.089899
264 332 139.542108
266 332 140.007143
268 332 140.484875
270 332 140.975175
272 332 141.477913
274 332 141.992958
276 332 142.520174
278 332 143.059428
280 332 143.610585
282 332 144.173507
284 332 144.748057
286 332 145.334098
288 332 145.931491
290 332 146.540097
292 332 147.159777
294 332 147.790392
296 332 148.431803
298 332 149.083869
300 332 149.746452
302 332 150.419414
304 332 151.102614
306 332 151.795916
308 332 152.499180
310 332 153.212271
312 332 153.935051
314 332 154.667385
316 332 155.409137
318 332 156.160174
320 332 156.920362
322 332 157.689568
324 332 158.467662
326 332 159.254513
328 332 160.049992
330 332 160.853971
332 332 161.666323
334 332 162.486923
336 332 163.315645
338 332 164.152368
340 332 164.996970
342 332 165.849329
344 332 166.709328
346 332 167.576848
348 332 168.451774
350 332 169.333990
352 332 170.223383
354 332 171.119841
356 332 172.023254
358 332 172.933513
360 332 173.850510
362 332 174.774140
364 332 175.704297
366 332 176.640879
368 332 177.583783
370 332 178.532910
372 332 179.488161
374 332 180.449439
376 332 181.416648
378 332 182.389693
380 332 183.368481
382 332 184.352922
384 332 185.342925
386 332 186.338402
388 332 187.339264
390 332 188.345427
392 332 189.356806
394 332 190.373317
396 332 191.394880
398 332 192.421413
0 334 194.822997
2 334 193.798865
4 334 192.779667
6 334 191.765482
8 334 190.756389
10 334 189.752470
12 334 188.753808
14 334 187.760486
16 334 186.772589
18 334 185.790204
20 334 184.813419
22 334 183.842324
24 334 182.877008
26 334 181.917564
28 334 180.964085
30 334 180.016666
32 334 179.075403
34 334 178.140394
36 334 177.211738
38 334 176.289535
40 334 175.373886
42 334 174.464896
44 334 173.562669
46 334 172.667310
48 334 171.778928
50 334 170.897630
52 334 170.023528
54 334 169.156732
56 334 168.297356
58 334 167.445514
60 334 166.601321
62 334 165.764894
64 334 164.936351
66 334 164.115813
68 334 163.303399
70 334 162.499231
72 334 161.703432
74 334 160.916127
76 334 160.137441
78 334 159.367500
80 334 158.606431
82 334 157.854363
84 334 157.111425
86 334 156.377748
88 334 155.653461
90 334 154.938698
92 334 154.233589
94 334 153.538269
96 334 152.852870
98 334 152.177528
100 334 151.512376
102 334 150.857549
104 334 150.213182
106 334 149.579410
108 334 148.956369
110 334 148.344194
112 334 147.743020
114 334 147.152982
116 334 146.574213
118 334 146.006849
120 334 145.451023
122 334 144.906867
124 334 144.374513
126 334 143.854093
128 334 143.345736
130 334 142.849571
132 334 142.365726
134 334 141.894327
136 334 141.435498
138 334 140.989361
140 334 140.556039
142 334 140.135649
144 334 139.728308
146 334 139.334131
148 334 138.953230
150 334 138.585714
152 334 138.231690
154 334 137.891262
156 334 137.564530
158 334 137.251594
160 334 136.952547
162 334 136.667480
164 334 136.396481
166 334 136.139634
168 334 135.897020
170 334 135.668714
172 334 135.454790
174 334 135.255314
176 334 135.070352
178 334 134.899963
180 334 134.744202
182 334 134.603120
184 334 134.476764
186 334 134.365174
188 334 134.268388
190 334 134.186437
192 334 134.119350
194 334 134.067147
196 334 134.029847
198 334 134.007462
200 334 134.000000
202 334 134.007462
204 334 134.029847
206 334 134.067147
208 334 134.119350
210 334 134.186437
212 334 134.268388
214 334 134.365174
216 334 134.476764
218 334 134.603120
220 334 134.744202
222 334 134.899963
224 334 135.070352
226 334 135.255314
228 334 135.454790
230 334 135.668714
232 334 135.897020
234 334 136.139634
236 334 136.396481
238 334 136.667480
240 334 136.952547
242 334 137.251594
244 334 137.564530
246 334 137.891262
248 334 138.231690
250 334 138.585714
252 334 138.953230
254 334 139.334131
256 334 139.728308
258 334 140.135649
260 334 140.556039
262 334 140.989361
264 334 141.435498
266 334 141.894327
268 334 142.365726
270 334 142.849571
272 334 143.345736
274 334 143.854093
276 334 144.374513
278 334 144.906867
280 334 145.451023
282 334 146.006849
284 334 146.574213
286 334 147.152982
288 334 147.743020
290 334 148.344194
292 334 148.956369
294 334 149.579410
296 334 150.213182
298 334 150.857549
300 334 151.512376
302 334 152.177528
304 334 152.852870
306 334 153.538269
308 334 154.233589
310 334 154.938698
312 334 155.653461
314 334 156.377748
316 334 157.111425
318 334 157.854363
320 334 158.606431
322 334 159.367500
324 334 160.137441
326 334 160.916127
328 334 161.703432
330 334 162.499231
332 334 163.303399
334 334 164.115813
336 334 164.936351
338 334 165.764894
340 334 166.601321
342 334 167.445514
344 334 168.297356
346 334 169.156732
348 334 170.023528
350 334 170.897630
352 334 171.778928
354 334 172.667310
356 334 173.562669
358 334 174.464896
360 334 175.373886
362 334 176.289535
364 334 177.211738
366 334 178.140394
368 334 179.075403
370 334 180.016666
372 334 180.964085
374 334 181.917564
376 334 182.877008
378 334 183.842324
380 334 184.813419
382 334 185.790204
384 334 186.772589
386 334 187.760486
388 334 188.753808
390 334 189.752470
392 334 190.756389
394 334 191.765482
396 334 192.779667
398 334 193.798865
0 336 196.203975
2 336 195.187090
4 336 194.175179
6 336 193.168320
8 336 192.166594
10 336 191.170081
12 336 190.178863
14 336 189.193023
16 336 188.212646
18 336 187.237817
20 336 186.268623
22 336 185.305154
24 336 184.347498
26 336 183.395747
28 336 182.449993
30 336 181.510330
32 336 180.576853
34 336 179.649659
36 336 178.728845
38 336 177.814510
40 336 176.906755
42 336 176.005682
44 336 175.111393
46 336 174.223994
48 336 173.343589
50 336 172.470287
52 336 171.604196
54 336 170.745425
56 336 169.894085
58 336 169.050288
60 336 168.214149
62 336 167.385782
64 336 166.565303
66 336 165.752828
68 336 164.948477
70 336 164.152368
72 336 163.364623
74 336 162.585362
76 336 161.814709
78 336 161.052786
80 336 160.299719
82 336 159.555633
84 336 158.820654
86 336 158.094908
88 336 157.378525
90 336 156.671631
92 336 155.974357
94 336 155.286831
96 336 154.609185
98 336 153.941547
100 336 153.284050
102 336 152.636824
104 336 152.000000
106 336 151.373710
108 336 150.758084
110 336 150.153255
112 336 149.559353
114 336 148.976508
116 336 148.404852
118 336 147.844513
120 336 147.295621
122 336 146.758305
124 336 146.232691
126 336 145.718907
128 336 145.217079
130 336 144.727330
132 336 144.249783
134 336 143.784561
136 336 143.331783
138 336 142.891567
140 336 142.464031
142 336 142.049287
144 336 141.647450
146 336 141.258628
148 336 140.882930
150 336 140.520461
152 336 140.171324
154 336 139.835618
156 336 139.513440
158 336 139.204885
160 336 138.910043
162 336 138.629001
164 336 138.361844
166 336 138.108653
168 336 137.869504
170 336 137.644470
172 336 137.433620
174 336 137.237021
176 336 137.054734
178 336 136.886815
180 336 136.733317
182 336 136.594290
184 336 136.469777
186 336 136.359818
188 336 136.264449
190 336 136.183699
192 336 136.117596
194 336 136.066160
196 336 136.029409
198 336 136.007353
200 336 136.000000
202 336 136.007353
204 336 136.029409
206 336 136.066160
208 336 136.117596
210 336 136.183699
212 336 136.264449
214 336 136.359818
216 336 136.469777
218 336 136.594290
220 336 136.733317
222 336 136.886815
224 336 137.054734
226 336 137.237021
228 336 137.433620
230 336 137.644470
232 336 137.869504
234 336 138.108653
236 336 138.361844
238 336 138.629001
240 336 138.910043
242 336 139.204885
244 336 139.513440
246 336 139.835618
248 336 140.171324
250 336 140.520461
252 336 140.882930
254 336 141.258628
256 336 141.647450
258 336 142.049287
260 336 142.464031
262 336 142.891567
264 336 143.331783
266 336 143.784561
268 336 144.249783
270 336 144.727330
272 336 145.217079
274 336 145.718907
276 336 146.232691
278 336 146.758305
280 336 147.295621
282 336 147.844513
284 336 148.404852
286 336 148.976508
288 336 149.559353
290 336 150.153255
292 336 150.758084
294 336 151.373710
296 336 152.000000
298 336 152.636824
300 336 153.284050
302 336 153.941547
304 336 154.609185
306 336 155.286831
308 336 155.974357
310 336 156.671631
312 336 157.378525
314 336 158.094908
316 336 158.820654
318 336 159.555633
320 336 160.299719
322 336 161.052786
324 336 161.814709
326 336 162.585362
328 336 163.364623
330 336 164.152368
332 336 164.948477
334 336 165.752828
336 336 166.565303
338 336 167.385782
340 336 168.214149
342 336 169.050288
344 336 169.894085
346 336 170.745425
348 336 171.604196
350 336 172.470287
352 336 173.343589
354 336 174.223994
356 336 175.111393
358 336 176.005682
360 336 176.906755
362 336 177.814510
364 336 178.728845
366 336 179.649659
368 336 180.576853
370 336 181.510330
372 336 182.449993
374 336 183.395747
376 336 184.347498
378 336 185.305154
380 336 186.268623
382 336 187.237817
384 336 188.212646
386 336 189.193023
388 336 190.178863
390 336 191.170081
392 336 192.166594
394 336 193.168320
396 336 194.175179
398 336 195.187090
0 338 197.595547
2 338 196.585859
4 338 195.581185
6 338 194.581602
8 338 193.587190
10 338 192.598027
12 338 191.614196
14 338 190.635778
16 338 189.662859
18 338 188.695522
20 338 187.733854
22 338 186.777943
24 338 185.827877
26 338 184.883747
28 338 183.945644
30 338 183.013661
32 338 182.087891
34 338 181.168430
36 338 180.255374
38 338 179.348822
40 338 178.448872
42 338 177.555625
44 338 176.669182
46 338 175.789647
48 338 174.917123
50 338 174.051716
52 338 173.193533
54 338 172.342682
56 338 171.499271
58 338 170.663411
60 338 169.835214
62 338 169.014792
64 338 168.202259
66 338 167.397730
68 338 166.601321
70 338 165.813148
72 338 165.033330
74 338 164.261986
76 338 163.499235
78 338 162.745200
80 338 162.000000
82 338 161.263759
84 338 160.536600
86 338 159.818647
88 338 159.110025
90 338 158.410858
92 338 157.721273
94 338 157.041396
96 338 156.371353
98 338 155.711271
100 338 155.061278
102 338 154.421501
104 338 153.792067
106 338 153.173105
108 338 152.564740
110 338 151.967102
112 338 151.380316
114 338 150.804509
116 338 150.239808
118 338 149.686339
120 338 149.144226
122 338 148.613593
124 338 148.094564
126 338 147.587262
128 338 147.091808
130 338 146.608322
132 338 146.136922
134 338 145.677727
136 338 145.230851
138 338 144.796409
140 338 144.374513
142 338 143.965274
144 338 143.568799
146 338 143.185195
148 338 142.814565
150 338 142.457011
152 338 142.112631
154 338 141.781522
156 338 141.463776
158 338 141.159484
160 338 140.868733
162 338 140.591607
164 338 140.328187
166 338 140.078549
168 338 139.842769
170 338 139.620915
172 338 139.413055
174 338 139.219252
176 338 139.039563
178 338 138.874044
180 338 138.722745
182 338 138.585714
184 338 138.462991
186 338 138.354617
188 338 138.260623
190 338 138.181041
192 338 138.115893
194 338 138.065202
196 338 138.028982
198 338 138.007246
200 338 138.000000
202 338 138.007246
204 338 138.028982
206 338 138.065202
208 338 138.115893
210 338 138.181041
212 338 138.260623
214 338 138.354617
216 338 138.462991
218 338 138.585714
220 338 138.722745
222 338 138.874044
224 338 139.039563
226 338 139.219252
228 338 139.413055
230 338 139.620915
232 338 139.842769
234 338 140.078549
236 338 140.328187
238 338 140.591607
240 338 140.868733
242 338 141.159484
244 338 141.463776
246 338 141.781522
248 338 142.112631
250 338 142.457011
252 338 142.814565
254 338 143.185195
256 338 143.568799
258 338 143.965274
260 338 144.374513
262 338 144.796409
264 338 145.230851
266 338 145.677727
268 338 146.136922
270 338 146.608322
272 338 147.091808
274 338 147.587262
276 338 148.094564
278 338 148.613593
280 338 149.144226
282 338 149.686339
284 338 150.239808
286 338 150.804509
288 338 151.380316
290 338 151.967102
292 338 152.564740
294 338 153.173105
296 338 153.792067
298 338 154.421501
300 338 155.061278
302 338 155.711271
304 338 156.371353
306 338 157.041396
308 338 157.721273
310 338 158.410858
312 338 159.110025
314 338 159.818647
316 338 160.536600
318 338 161.263759
320 338 162.000000
322 338 162.745200
324 338 163.499235
326 338 164.261986
328 338 165.033330
330 338 165.813148
332 338 166.601321
334 338 167.397730
336 338 168.202259
338 338 169.014792
340 338 169.835214
342 338 170.663411
344 338 171.499271
346 338 172.342682
348 338 173.193533
350 338 174.051716
352 338 174.917123
354 338 175.789647
356 338 176.669182
358 338 177.555625
360 338 178.448872
362 338 179.348822
364 338 180.255374
366 338 181.168430
368 338 182.087891
370 338 183.013661
372 338 183.945644
374 338 184.883747
376 338 185.827877
378 338 186.777943
380 338 187.733854
382 338 188.695522
384 338 189.662859
386 338 190.635778
388 338 191.614196
390 338 192.598027
392 338 193.587190
394 338 194.581602
396 338 195.581185
398 338 196.585859
0 340 198.997487
2 340 197.994949
4 340 196.997462
6 340 196.005102
8 340 195.017948
10 340 194.036079
12 340 193.059576
14 340 192.088521
16 340 191.122997
18 340 190.163088
20 340 189.208879
22 340 188.260458
24 340 187.317912
26 340 186.381330
28 340 185.450802
30 340 184.526421
32 340 183.608279
34 340 182.696470
36 340 181.791089
38 340 180.892233
40 340 180.000000
42 340 179.114489
44 340 178.235799
46 340 177.364032
48 340 176.499292
50 340 175.641681
52 340 174.791304
54 340 173.948268
56 340 173.112680
58 340 172.284648
60 340 171.464282
62 340 170.651692
64 340 169.846990
66 340 169.050288
68 340 168.261701
70 340 167.481342
72 340 166.709328
74 340 165.945774
76 340 165.190799
78 340 164.444520
80 340 163.707055
82 340 162.978526
84 340 162.259052
86 340 161.548754
88 340 160.847754
90 340 160.156174
92 340 159.474136
94 340 158.801763
96 340 158.139179
98 340 157.486507
100 340 156.843871
102 340 156.211395
104 340 155.589203
106 340 154.977418
108 340 154.376164
110 340 153.785565
112 340 153.205744
114 340 152.636824
116 340 152.078927
118 340 151.532175
120 340 150.996689
122 340 150.472589
124 340 149.959995
126 340 149.459024
128 340 148.969796
130 340 148.492424
132 340 148.027025
134 340 147.573710
136 340 147.132593
138 340 146.703783
140 340 146.287388
142 340 145.883515
144 340 145.492268
146 340 145.113748
148 340 144.748057
150 340 144.395291
152 340 144.055545
154 340 143.728911
156 340 143.415480
158 340 143.115338
160 340 142.828569
162 340 142.555252
164 340 142.295467
166 340 142.049287
168 340 141.816783
170 340 141.598023
172 340 141.393069
174 340 141.201983
176 340 141.024821
178 340 140.861634
180 340 140.712473
182 340 140.577381
184 340 140.456399
186 340 140.349564
188 340 140.256907
190 340 140.178458
192 340 140.114239
194 340 140.064271
196 340 140.028569
198 340 140.007143
200 340 140.000000
202 340 140.007143
204 340 140.028569
206 340 140.064271
208 340 140.114239
210 340 140.178458
212 340 140.256907
214 340 140.349564
216 340 140.456399
218 340 140.577381
220 340 140.712473
222 340 140.861634
224 340 141.024821
226 340 141.201983
228 340 141.393069
230 340 141.598023
232 340 141.816783
234 340 142.049287
236 340 142.295467
238 340 142.555252
240 340 142.828569
242 340 143.115338
244 340 143.415480
246 340 143.728911
248 340 144.055545
250 340 144.395291
252 340 144.748057
254 340 145.113748
256 340 145.492268
258 340 145.883515
260 340 146.287388
262 340 146.703783
264 340 147.132593
266 340 147.573710
268 340 148.027025
270 340 148.492424
272 340 148.969796
274 340 149.459024
276 340 149.959995
278 340 150.472589
280 340 150.996689
282 340 151.532175
284 340 152.078927
286 340 152.636824
288 340 153.205744
290 340 153.785565
292 340 154.376164
294 340 154.977418
296 340 155.589203
298 340 156.211395
300 340 156.843871
302 340 157.486507
304 340 158.139179
306 340 158.801763
308 340 159.474136
310 340 160.156174
312 340 160.847754
314 340 161.548754
316 340 162.259052
318 340 162.978526
320 340 163.707055
322 340 164.444520
324 340 165.190799
326 340 165.945774
328 340 166.709328
330 340 167.481342
332 340 168.261701
334 340 169.050288
336 340 169.846990
338 340 170.651692
340 340 171.464282
342 340 172.284648
344 340 173.112680
346 340 173.948268
348 340 174.791304
350 340 175.641681
352 340 176.499292
354 340 177.364032
356 340 178.235799
358 340 179.114489
360 340 180.000000
362 340 180.892233
364 340 181.791089
366 340 182.696470
368 340 183.608279
370 340 184.526421
372 340 185.450802
374 340 186.381330
376 340 187.317912
378 340 188.260458
380 340 189.208879
382 340 190.163088
384 340 191.122997
386 340 192.088521
388 340 193.059576
390 340 194.036079
392 340 195.017948
394 340 196.005102
396 340 196.997462
398 340 197.994949
0 342 200.409581
2 342 199.414142
4 342 198.423789
6 342 197.438598
8 342 196.458647
10 342 195.484015
12 342 194.514781
14 342 193.551027
16 342 192.592835
18 342 191.640288
20 342 190.693471
22 342 189.752470
24 342 188.817372
26 342 187.888265
28 342 186.965237
30 342 186.048381
32 342 185.137787
34 342 184.233547
36 342 183.335758
38 342 182.444512
40 342 181.559907
42 342 180.682041
44 342 179.811012
46 342 178.946920
48 342 178.089865
50 342 177.239950
52 342 176.397279
54 342 175.561955
56 342 174.734084
58 342 173.913772
60 342 173.101127
62 342 172.296256
64 342 171.499271
66 342 170.710281
68 342 169.929397
70 342 169.156732
72 342 168.392399
74 342 167.636512
76 342 166.889185
78 342 166.150534
80 342 165.420676
82 342 164.699727
84 342 163.987804
86 342 163.285027
88 342 162.591513
90 342 161.907381
92 342 161.232751
94 342 160.567743
96 342 159.912476
98 342 159.267071
100 342 158.631649
102 342 158.006329
104 342 157.391232
106 342 156.786479
108 342 156.192189
110 342 155.608483
112 342 155.035480
114 342 154.473299
116 342 153.922058
118 342 153.381876
120 342 152.852870
122 342 152.335157
124 342 151.828851
126 342 151.334068
128 342 150.850920
130 342 150.379520
132 342 149.919979
134 342 149.472405
136 342 149.036908
138 342 148.613593
140 342 148.202564
142 342 147.803924
144 342 147.417774
146 342 147.044211
148 342 146.683332
150 342 146.335232
152 342 146.000000
154 342 145.677727
156 342 145.368497
158 342 145.072396
160 342 144.789502
162 342 144.519895
164 342 144.263648
166 342 144.020832
168 342 143.791516
170 342 143.575764
172 342 143.373638
174 342 143.185195
176 342 143.010489
178 342 142.849571
180 342 142.702488
182 342 142.569281
184 342 142.449991
186 342 142.344652
188 342 142.253295
190 342 142.175947
192 342 142.112631
194 342 142.063366
196 342 142.028166
198 342 142.007042
200 342 142.000000
202 342 142.007042
204 342 142.028166
206 342 142.063366
208 342 142.112631
210 342 142.175947
212 342 142.253295
214 342 142.344652
216 342 142.449991
218 342 142.569281
220 342 142.702488
222 342 142.849571
224 342 143.010489
226 342 143.185195
228 342 143.373638
230 342 143.575764
232 342 143.791516
234 342 144.020832
236 342 144.263648
238 342 144.519895
240 342 144.789502
242 342 145.072396
244 342 145.368497
246 342 145.677727
248 342 146.000000
250 342 146.335232
252 342 146.683332
254 342 147.044211
256 342 147.417774
258 342 147.803924
260 342 148.202564
262 342 148.613593
264 342 149.036908
266 342 149.472405
268 342 149.919979
270 342 150.379520
272 342 150.850920
274 342 151.334068
276 342 151.828851
278 342 152.335157
280 342 152.852870
282 342 153.381876
284 342 153.922058
286 342 154.473299
288 342 155.035480
290 342 155.608483
292 342 156.192189
294 342 156.786479
296 342 157.391232
298 342 158.006329
300 342 158.631649
302 342 159.267071
304 342 159.912476
306 342 160.567743
308 342 161.232751
310 342 161.907381
312 342 162.591513
314 342 163.285027
316 342 163.987804
318 342 164.699727
320 342 165.420676
322 342 166.150534
324 342 166.889185
326 342 167.636512
328 342 168.392399
330 342 169.156732
332 342 169.929397
334 342 170.710281
336 342 171.499271
338 342 172.296256
340 342 173.101127
342 342 173.913772
344 342 174.734084
346 342 175.561955
348 342 176.397279
350 342 177.239950
352 342 178.089865
354 342 178.946920
356 342 179.811012
358 342 180.682041
360 342 181.559907
362 342 182.444512
364 342 183.335758
366 342 184.233547
368 342 185.137787
370 342 186.048381
372 342 186.965237
374 342 187.888265
376 342 188.817372
378 342 189.752470
380 342 190.693471
382 342 191.640288
384 342 192.592835
386 342 193.551027
388 342 194.514781
390 342 195.484015
392 342 196.458647
394 342 197.438598
396 342 198.423789
398 342 199.414142
0 344 201.831613
2 344 200.843222
4 344 199.859951
6 344 198.881874
8 344 197.909070
10 344 196.941616
12 344 195.979591
14 344 195.023076
16 344 194.072152
18 344 193.126901
20 344 192.187409
22 344 191.253758
24 344 190.326036
26 344 189.404329
28 344 188.488726
30 344 187.579317
32 344 186.676190
34 344 185.779439
36 344 184.889156
38 344 184.005435
40 344 183.128370
42 344 182.258059
44 344 181.394597
46 344 180.538085
48 344 179.688620
50 344 178.846303
52 344 178.011236
54 344 177.183521
56 344 176.363261
58 344 175.550563
60 344 174.745529
62 344 173.948268
64 344 173.158887
66 344 172.377493
68 344 171.604196
70 344 170.839106
72 344 170.082333
74 344 169.333990
76 344 168.594187
78 344 167.863039
80 344 167.140659
82 344 166.427161
84 344 165.722660
86 344 165.027270
88 344 164.341109
90 344 163.664291
92 344 162.996932
94 344 162.339151
96 344 161.691063
98 344 161.052786
100 344 160.424437
102 344 159.806133
104 344 159.197990
106 344 158.600126
108 344 158.012658
110 344 157.435701
112 344 156.869372
114 344 156.313787
116 344 155.769060
118 344 155.235305
120 344 154.712637
122 344 154.201167
124 344 153.701008
126 344 153.212271
128 344 152.735065
130 344 152.269498
132 344 151.815678
134 344 151.373710
136 344 150.943698
138 344 150.525745
140 344 150.119952
142 344 149.726417
144 344 149.345238
146 344 148.976508
148 344 148.620322
150 344 148.276768
152 344 147.945936
154 344 147.627911
156 344 147.322775
158 344 147.030609
160 344 146.751491
162 344 146.485494
164 344 146.232691
166 344 145.993151
168 344 145.766937
170 344 145.554114
172 344 145.354738
174 344 145.168867
176 344 144.996552
178 344 144.837840
180 344 144.692778
182 344 144.561406
184 344 144.443761
186 344 144.339877
188 344 144.249783
190 344 144.173507
192 344 144.111068
194 344 144.062486
196 344 144.027775
198 344 144.006944
200 344 144.000000
202 344 144.006944
204 344 144.027775
206 344 144.062486
208 344 144.111068
210 344 144.173507
212 344 144.249783
214 344 144.339877
216 344 144.443761
218 344 144.561406
220 344 144.692778
222 344 144.837840
224 344 144.996552
226 344 145.168867
228 344 145.354738
230 344 145.554114
232 344 145.766937
234 344 145.993151
236 344 146.232691
238 344 146.485494
240 344 146.751491
242 344 147.030609
244 344 147.322775
246 344 147.627911
248 344 147.945936
250 344 148.276768
252 344 148.620322
254 344 148.976508
256 344 149.345238
258 344 149.726417
260 344 150.119952
262 344 150.525745
264 344 150.943698
266 344 151.373710
268 344 151.815678
270 344 152.269498
272 344 152.735065
274 344 153.212271
276 344 153.701008
278 344 154.201167
280 344 154.712637
282 344 155.235305
284 344 155.769060
286 344 156.313787
288 344 156.869372
290 344 157.435701
292 344 158.012658
294 344 158.600126
296 344 159.197990
298 344 159.806133
300 344 160.424437
302 344 161.052786
304 344 161.691063
306 344 162.339151
308 344 162.996932
310 344 163.664291
312 344 164.341109
314 344 165.027270
316 344 165.722660
318 344 166.427161
320 344 167.140659
322 344 167.863039
324 344 168.594187
326 344 169.333990
328 344 170.082333
330 344 170.839106
332 344 171.604196
334 344 172.377493
336 344 173.158887
338 344 173.948268
340 344 174.745529
342 344 175.550563
344 344 176.363261
346 344 177.183521
348 344 178.011236
350 344 178.846303
352 344 179.688620
354 344 180.538085
356 344 181.394597
358 344 182.258059
360 344 183.128370
362 344 184.005435
364 344 184.889156
366 344 185.779439
368 344 186.676190
370 344 187.579317
372 344 188.488726
374 344 189.404329
376 344 190.326036
378 344 191.253758
380 344 192.187409
382 344 193.126901
384 344 194.072152
386 344 195.023076
388 344 195.979591
390 344 196.941616
392 344 197.909070
394 344 198.881874
396 344 199.859951
398 344 200.843222
0 346 203.263376
2 346 202.281981
4 346 201.305738
6 346 200.334720
8 346 199.369005
10 346 198.408669
12 346 197.453792
14 346 196.504453
16 346 195.560732
18 346 194.622712
20 346 193.690475
22 346 192.764105
24 346 191.843686
26 346 190.929306
28 346 190.021051
30 346 189.119010
32 346 188.223272
34 346 187.333926
36 346 186.451066
38 346 185.574783
40 346 184.705170
42 346 183.842324
44 346 182.986338
46 346 182.137311
48 346 181.295339
50 346 180.460522
52 346 179.632959
54 346 178.812751
56 346 178.000000
58 346 177.194808
60 346 176.397279
62 346 175.607517
64 346 174.825627
66 346 174.051716
68 346 173.285891
70 346 172.528259
72 346 171.778928
74 346 171.038007
76 346 170.305608
78 346 169.581839
80 346 168.866811
82 346 168.160637
84 346 167.463429
86 346 166.775298
88 346 166.096358
90 346 165.426721
92 346 164.766501
94 346 164.115813
96 346 163.474769
98 346 162.843483
100 346 162.222070
102 346 161.610643
104 346 161.009317
106 346 160.418203
108 346 159.837417
110 346 159.267071
112 346 158.707278
114 346 158.158149
116 346 157.619796
118 346 157.092330
120 346 156.575860
122 346 156.070497
124 346 155.576348
126 346 155.093520
128 346 154.622120
130 346 154.162252
132 346 153.714020
134 346 153.277526
136 346 152.852870
138 346 152.440152
140 346 152.039469
142 346 151.650915
144 346 151.274585
146 346 150.910570
148 346 150.558959
150 346 150.219839
152 346 149.893295
154 346 149.579410
156 346 149.278264
158 346 148.989933
160 346 148.714492
162 346 148.452012
164 346 148.202564
166 346 147.966212
168 346 147.743020
170 346 147.533047
172 346 147.336350
174 346 147.152982
176 346 146.982992
178 346 146.826428
180 346 146.683332
182 346 146.553744
184 346 146.437700
186 346 146.335232
188 346 146.246367
190 346 146.171133
192 346 146.109548
194 346 146.061631
196 346 146.027395
198 346 146.006849
200 346 146.000000
202 346 146.006849
204 346 146.027395
206 346 146.061631
208 346 146.109548
210 346 146.171133
212 346 146.246367
214 346 146.335232
216 346 146.437700
218 346 146.553744
220 346 146.683332
222 346 146.826428
224 346 146.982992
226 346 147.152982
228 346 147.336350
230 346 147.533047
232 346 147.743020
234 346 147.966212
236 346 148.202564
238 346 148.452012
240 346 148.714492
242 346 148.989933
244 346 149.278264
246 346 149.579410
248 346 149.893295
250 346 150.219839
252 346 150.558959
254 346 150.910570
256 346 151.274585
258 346 151.650915
260 346 152.039469
262 346 152.440152
264 346 152.852870
266 346 153.277526
268 346 153.714020
270 346 154.162252
272 346 154.622120
274 346 155.093520
276 346 155.576348
278 346 156.070497
280 346 156.575860
282 346 157.092330
284 346 157.619796
286 346 158.158149
288 346 158.707278
290 346 159.267071
292 346 159.837417
294 346 160.418203
296 346 161.009317
298 346 161.610643
300 346 162.222070
302 346 162.843483
304 346 163.474769
306 346 164.115813
308 346 164.766501
310 346 165.426721
312 346 166.096358
314 346 166.775298
316 346 167.463429
318 346 168.160637
320 346 168.866811
322 346 169.581839
324 346 170.305608
326 346 171.038007
328 346 171.778928
330 346 172.528259
332 346 173.285891
334 346 174.051716
336 346 174.825627
338 346 175.607517
340 346 176.397279
342 346 177.194808
344 346 178.000000
346 346 178.812751
348 346 179.632959
350 346 180.460522
352 346 181.295339
354 346 182.137311
356 346 182.986338
358 346 183.842324
360 346 184.705170
362 346 185.574783
364 346 186.451066
366 346 187.333926
368 346 188.223272
370 346 189.119010
372 346 190.021051
374 346 190.929306
376 346 191.843686
378 346 192.764105
380 346 193.690475
382 346 194.622712
384 346 195.560732
386 346 196.504453
388 346 197.453792
390 346 198.408669
392 346 199.369005
394 346 200.334720
396 346 201.305738
398 346 202.281981
0 348 204.704665
2 348 203.730214
4 348 202.760943
6 348 201.796928
8 348 200.838243
10 348 199.884967
12 348 198.937176
14 348 197.994949
16 348 197.058367
18 348 196.127510
20 348 195.202459
22 348 194.283298
24 348 193.370111
26 348 192.462983
28 348 191.562000
30 348 190.667249
32 348 189.778819
34 348 188.896797
36 348 188.021275
38 348 187.152344
40 348 186.290096
42 348 185.434625
44 348 184.586023
46 348 183.744388
48 348 182.909814
50 348 182.082399
52 348 181.262241
54 348 180.449439
56 348 179.644093
58 348 178.846303
60 348 178.056171
62 348 177.273800
64 348 176.499292
66 348 175.732752
68 348 174.974284
70 348 174.223994
72 348 173.481988
74 348 172.748372
76 348 172.023254
78 348 171.306742
80 348 170.598945
82 348 169.899971
84 348 169.209929
86 348 168.528929
88 348 167.857082
90 348 167.194498
92 348 166.541286
94 348 165.897559
96 348 165.263426
98 348 164.638999
100 348 164.024388
102 348 163.419705
104 348 162.825059
106 348 162.240562
108 348 161.666323
110 348 161.102452
112 348 160.549058
114 348 160.006250
116 348 159.474136
118 348 158.952823
120 348 158.442419
122 348 157.943028
124 348 157.454755
126 348 156.977705
128 348 156.511980
130 348 156.057682
132 348 155.614909
134 348 155.183762
136 348 154.764337
138 348 154.356730
140 348 153.961034
142 348 153.577342
144 348 153.205744
146 348 152.846328
148 348 152.499180
150 348 152.164385
152 348 151.842023
154 348 151.532175
156 348 151.234917
158 348 150.950323
160 348 150.678466
162 348 150.419414
164 348 150.173233
166 348 149.939988
168 348 149.719738
170 348 149.512541
172 348 149.318452
174 348 149.137520
176 348 148.969796
178 348 148.815322
180 348 148.674140
182 348 148.546289
184 348 148.431803
186 348 148.330712
188 348 148.243044
190 348 148.168823
192 348 148.108069
194 348 148.060798
196 348 148.027025
198 348 148.006757
200 348 148.000000
202 348 148.006757
204 348 148.027025
206 348 148.060798
208 348 148.108069
210 348 148.168823
212 348 148.243044
214 348 148.330712
216 348 148.431803
218 348 148.546289
220 348 148.674140
222 348 148.815322
224 348 148.969796
226 348 149.137520
228 348 149.318452
230 348 149.512541
232 348 149.719738
234 348 149.939988
236 348 150.173233
238 348 150.419414
240 348 150.678466
242 348 150.950323
244 348 151.234917
246 348 151.532175
248 348 151.842023
250 348 152.164385
252 348 152.499180
254 348 152.846328
256 348 153.205744
258 348 153.577342
260 348 153.961034
262 348 154.356730
264 348 154.764337
266 348 155.183762
268 348 155.614909
270 348 156.057682
272 348 156.511980
274 348 156.977705
276 348 157.454755
278 348 157.943028
280 348 158.442419
282 348 158.952823
284 348 159.474136
286 348 160.006250
288 348 160.549058
290 348 161.102452
292 348 161.666323
294 348 162.240562
296 348 162.825059
298 348 163.419705
300 348 164.024388
302 348 164.638999
304 348 165.263426
306 348 165.897559
308 348 166.541286
310 348 167.194498
312 348 167.857082
314 348 168.528929
316 348 169.209929
318 348 169.899971
320 348 170.598945
322 348 171.306742
324 348 172.023254
326 348 172.748372
328 348 173.481988
330 348 174.223994
332 348 174.974284
334 348 175.732752
336 348 176.499292
338 348 177.273800
340 348 178.056171
342 348 178.846303
344 348 179.644093
346 348 180.449439
348 348 181.262241
350 348 182.082399
352 348 182.909814
354 348 183.744388
356 348 184.586023
358 348 185.434625
360 348 186.290096
362 348 187.152344
364 348 188.021275
366 348 188.896797
368 348 189.778819
370 348 190.667249
372 348 191.562000
374 348 192.462983
376 348 193.370111
378 348 194.283298
380 348 195.202459
382 348 196.127510
384 348 197.058367
386 348 197.994949
388 348 198.937176
390 348 199.884967
392 348 200.838243
394 348 201.796928
396 348 202.760943
398 348 203.730214
0 350 206.155281
2 350 205.187719
4 350 204.225366
6 350 203.268296
8 350 202.316584
10 350 201.370306
12 350 200.429539
14 350 199.494361
16 350 198.564851
18 350 197.641089
20 350 196.723156
22 350 195.811133
24 350 194.905105
26 350 194.005155
28 350 193.111367
30 350 192.223828
32 350 191.342625
34 350 190.467845
36 350 189.599578
38 350 188.737914
40 350 187.882942
42 350 187.034756
44 350 186.193448
46 350 185.359111
48 350 184.531840
50 350 183.711731
52 350 182.898879
54 350 182.093383
56 350 181.295339
58 350 180.504848
60 350 179.722008
62 350 178.946920
64 350 178.179685
66 350 177.420405
68 350 176.669182
70 350 175.926121
72 350 175.191324
74 350 174.464896
76 350 173.746942
78 350 173.037568
80 350 172.336879
82 350 171.644982
84 350 170.961984
86 350 170.287991
88 350 169.623112
90 350 168.967452
92 350 168.321122
94 350 167.684227
96 350 167.056877
98 350 166.439178
100 350 165.831240
102 350 165.233169
104 350 164.645073
106 350 164.067059
108 350 163.499235
110 350 162.941707
112 350 162.394581
114 350 161.857962
116 350 161.331956
118 350 160.816666
120 350 160.312195
122 350 159.818647
124 350 159.336123
126 350 158.864722
128 350 158.404545
130 350 157.955690
132 350 157.518253
134 350 157.092330
136 350 156.678014
138 350 156.275398
140 350 155.884573
142 350 155.505627
144 350 155.138648
146 350 154.783720
148 350 154.440927
150 350 154.110350
152 350 153.792067
154 350 153.486156
156 350 153.192689
158 350 152.911739
160 350 152.643375
162 350 152.387664
164 350 152.144668
166 350 151.914450
168 350 151.697067
170 350 151.492574
172 350 151.301024
174 350 151.122467
176 350 150.956948
178 350 150.804509
180 350 150.665192
182 350 150.539031
184 350 150.426062
186 350 150.326312
188 350 150.239808
190 350 150.166574
192 350 150.106629
194 350 150.059988
196 350 150.026664
198 350 150.006667
200 350 150.000000
202 350 150.006667
204 350 150.026664
206 350 150.059988
208 350 150.106629
210 350 150.166574
212 350 150.239808
214 350 150.326312
216 350 150.426062
218 350 150.539031
220 350 150.665192
222 350 150.804509
224 350 150.956948
226 350 151.122467
228 350 151.301024
230 350 151.492574
232 350 151.697067
234 350 151.914450
236 350 152.144668
238 350 152.387664
240 350 152.643375
242 350 152.911739
244 350 153.192689
246 350 153.486156
248 350 153.792067
250 350 154.110350
252 350 154.440927
254 350 154.783720
256 350 155.138648
258 350 155.505627
260 350 155.884573
262 350 156.275398
264 350 156.678014
266 350 157.092330
268 350 157.518253
270 350 157.955690
272 350 158.404545
274 350 158.864722
276 350 159.336123
278 350 159.818647
280 350 160.312195
282 350 160.816666
284 350 161.331956
286 350 161.857962
288 350 162.394581
290 350 162.941707
292 350 163.499235
294 350 164.067059
296 350 164.645073
298 350 165.233169
300 350 165.831240
302 350 166.439178
304 350 167.056877
306 350 167.684227
308 350 168.321122
310 350 168.967452
312 350 169.623112
314 350 170.287991
316 350 170.961984
318 350 171.644982
320 350 172.336879
322 350 173.037568
324 350 173.746942
326 350 174.464896
328 350 175.191324
330 350 175.926121
332 350 176.669182
334 350 177.420405
336 350 178.179685
338 350 178.946920
340 350 179.722008
342 350 180.504848
344 350 181.295339
346 350 182.093383
348 350 182.898879
350 350 183.711731
352 350 184.531840
354 350 185.359111
356 350 186.193448
358 350 187.034756
360 350 187.882942
362 350 188.737914
364 350 189.599578
366 350 190.467845
368 350 191.342625
370 350 192.223828
372 350 193.111367
374 350 194.005155
376 350 194.905105
378 350 195.811133
380 350 196.723156
382 350 197.641089
384 350 198.564851
386 350 199.494361
388 350 200.429539
390 350 201.370306
392 350 202.316584
394 350 203.268296
396 350 204.225366
398 350 205.187719
0 352 207.615028
2 352 206.654301
4 352 205.698809
6 352 204.748626
8 352 203.803827
10 352 202.864487
12 352 201.930681
14 352 201.002488
16 352 200.079984
18 352 199.163250
20 352 198.252364
22 352 197.347409
24 352 196.448467
26 352 195.555619
28 352 194.668950
30 352 193.788545
32 352 192.914489
34 352 192.046869
36 352 191.185774
38 352 190.331290
40 352 189.483509
42 352 188.642519
44 352 187.808413
46 352 186.981282
48 352 186.161220
50 352 185.348321
52 352 184.542678
54 352 183.744388
56 352 182.953546
58 352 182.170250
60 352 181.394597
62 352 180.626687
64 352 179.866617
66 352 179.114489
68 352 178.370401
70 352 177.634456
72 352 176.906755
74 352 176.187400
76 352 175.476494
78 352 174.774140
80 352 174.080441
82 352 173.395502
84 352 172.719426
86 352 172.052318
88 352 171.394282
90 352 170.745425
92 352 170.105849
94 352 169.475662
96 352 168.854967
98 352 168.243871
100 352 167.642477
102 352 167.050890
104 352 166.469216
106 352 165.897559
108 352 165.336021
110 352 164.784708
112 352 164.243721
114 352 163.713164
116 352 163.193137
118 352 162.683742
120 352 162.185079
122 352 161.697248
124 352 161.220346
126 352 160.754471
128 352 160.299719
130 352 159.856185
132 352 159.423963
134 352 159.003145
136 352 158.593821
138 352 158.196081
140 352 157.810012
142 352 157.435701
144 352 157.073231
146 352 156.722685
148 352 156.384142
150 352 156.057682
152 352 155.743379
154 352 155.441307
156 352 155.151539
158 352 154.874142
160 352 154.609185
162 352 154.356730
164 352 154.116839
166 352 153.889571
168 352 153.674982
170 352 153.473125
172 352 153.284050
174 352 153.107805
176 352 152.944434
178 352 152.793979
180 352 152.656477
182 352 152.531964
184 352 152.420471
186 352 152.322027
188 352 152.236658
190 352 152.164385
192 352 152.105227
194 352 152.059199
196 352 152.026314
198 352 152.006579
200 352 152.000000
202 352 152.006579
204 352 152.026314
206 352 152.059199
208 352 152.105227
210 352 152.164385
212 352 152.236658
214 352 152.322027
216 352 152.420471
218 352 152.531964
220 352 152.656477
222 352 152.793979
224 352 152.944434
226 352 153.107805
228 352 153.284050
230 352 153.473125
232 352 153.674982
234 352 153.889571
236 352 154.116839
238 352 154.356730
240 352 154.609185
242 352 154.874142
244 352 155.151539
246 352 155.441307
248 352 155.743379
250 352 156.057682
252 352 156.384142
254 352 156.722685
256 352 157.073231
258 352 157.435701
260 352 157.810012
262 352 158.196081
264 352 158.593821
266 352 159.003145
268 352 159.423963
270 352 159.856185
272 352 160.299719
274 352 160.754471
276 352 161.220346
278 352 161.697248
280 352 162.185079
282 352 162.683742
284 352 163.193137
286 352 163.713164
288 352 164.243721
290 352 164.784708
292 352 165.336021
294 352 165.897559
296 352 166.469216
298 352 167.050890
300 352 167.642477
302 352 168.243871
304 352 168.854967
306 352 169.475662
308 352 170.105849
310 352 170.745425
312 352 171.394282
314 352 172.052318
316 352 172.719426
318 352 173.395502
320 352 174.080441
322 352 174.774140
324 352 175.476494
326 352 176.187400
328 352 176.906755
330 352 177.634456
332 352 178.370401
334 352 179.114489
336 352 179.866617
338 352 180.626687
340 352 181.394597
342 352 182.170250
344 352 182.953546
346 352 183.744388
348 352 184.542678
350 352 185.348321
352 352 186.161220
354 352 186.981282
356 352 187.808413
358 352 188.642519
360 352 189.483509
362 352 190.331290
364 352 191.185774
366 352 192.046869
368 352 192.914489
370 352 193.788545
372 352 194.668950
374 352 195.555619
376 352 196.448467
378 352 197.347409
380 352 198.252364
382 352 199.163250
384 352 200.079984
386 352 201.002488
388 352 201.930681
390 352 202.864487
392 352 203.803827
394 352 204.748626
396 352 205.698809
398 352 206.654301
0 354 209.083715
2 354 208.129767
4 354 207.181080
6 354 206.237727
8 354 205.299781
10 354 204.367316
12 354 203.440409
14 354 202.519135
16 354 201.603571
18 354 200.693797
20 354 199.789890
22 354 198.891930
24 354 198.000000
26 354 197.114180
28 354 196.234554
30 354 195.361204
32 354 194.494216
34 354 193.633675
36 354 192.779667
38 354 191.932280
40 354 191.091601
42 354 190.257720
44 354 189.430726
46 354 188.610710
48 354 187.797764
50 354 186.991978
52 354 186.193448
54 354 185.402265
56 354 184.618526
58 354 183.842324
60 354 183.073756
62 354 182.312918
64 354 181.559907
66 354 180.814822
68 354 180.077761
70 354 179.348822
72 354 178.628105
74 354 177.915710
76 354 177.211738
78 354 176.516288
80 354 175.829463
82 354 175.151363
84 354 174.482091
86 354 173.821748
88 354 173.170436
90 354 172.528259
92 354 171.895317
94 354 171.271714
96 354 170.657552
98 354 170.052933
100 354 169.457959
102 354 168.872733
104 354 168.297356
106 354 167.731929
108 354 167.176553
110 354 166.631330
112 354 166.096358
114 354 165.571737
116 354 165.057566
118 354 164.553943
120 354 164.060964
122 354 163.578727
124 354 163.107327
126 354 162.646857
128 354 162.197411
130 354 161.759080
132 354 161.331956
134 354 160.916127
136 354 160.511682
138 354 160.118706
140 354 159.737284
142 354 159.367500
144 354 159.009434
146 354 158.663165
148 354 158.328772
150 354 158.006329
152 354 157.695910
154 354 157.397586
156 354 157.111425
158 354 156.837496
160 354 156.575860
162 354 156.326581
164 354 156.089718
166 354 155.865326
168 354 155.653461
170 354 155.454173
172 354 155.267511
174 354 155.093520
176 354 154.932243
178 354 154.783720
180 354 154.647987
182 354 154.525079
184 354 154.415025
186 354 154.317854
188 354 154.233589
190 354 154.162252
192 354 154.103861
194 354 154.058430
196 354 154.025972
198 354 154.006493
200 354 154.000000
202 354 154.006493
204 354 154.025972
206 354 154.058430
208 354 154.103861
210 354 154.162252
212 354 154.233589
214 354 154.317854
216 354 154.415025
218 354 154.525079
220 354 154.647987
222 354 154.783720
224 354 154.932243
226 354 155.093520
228 354 155.267511
230 354 155.454173
232 354 155.653461
234 354 155.865326
236 354 156.089718
238 354 156.326581
240 354 156.575860
242 354 156.837496
244 354 157.111425
246 354 157.397586
248 354 157.695910
250 354 158.006329
252 354 158.328772
254 354 158.663165
256 354 159.009434
258 354 159.367500
260 354 159.737284
262 354 160.118706
264 354 160.511682
266 354 160.916127
268 354 161.331956
270 354 161.759080
272 354 162.197411
274 354 162.646857
276 354 163.107327
278 354 163.578727
280 354 164.060964
282 354 164.553943
284 354 165.057566
286 354 165.571737
288 354 166.096358
290 354 166.631330
292 354 167.176553
294 354 167.731929
296 354 168.297356
298 354 168.872733
300 354 169.457959
302 354 170.052933
304 354 170.657552
306 354 171.271714
308 354 171.895317
310 354 172.528259
312 354 173.170436
314 354 173.821748
316 354 174.482091
318 354 175.151363
320 354 175.829463
322 354 176.516288
324 354 177.211738
326 354 177.915710
328 354 178.628105
330 354 179.348822
332 354 180.077761
334 354 180.814822
336 354 181.559907
338 354 182.312918
340 354 183.073756
342 354 183.842324
344 354 184.618526
346 354 185.402265
348 354 186.193448
350 354 186.991978
352 354 187.797764
354 354 188.610710
356 354 189.430726
358 354 190.257720
360 354 191.091601
362 354 191.932280
364 354 192.779667
366 354 193.633675
368 354 194.494216
370 354 195.361204
372 354 196.234554
374 354 197.114180
376 354 198.000000
378 354 198.891930
380 354 199.789890
382 354 200.693797
384 354 201.603571
386 354 202.519135
388 354 203.440409
390 354 204.367316
392 354 205.299781
394 354 206.237727
396 354 207.181080
398 354 208.129767
0 356 210.561155
2 356 209.613931
4 356 208.671991
6 356 207.735409
8 356 206.804255
10 356 205.878605
12 356 204.958532
14 356 204.044113
16 356 203.135423
18 356 202.232539
20 356 201.335541
22 356 200.444506
24 356 199.559515
26 356 198.680648
28 356 197.807988
30 356 196.941616
32 356 196.081616
34 356 195.228072
36 356 194.381069
38 356 193.540693
40 356 192.707032
42 356 191.880171
44 356 191.060200
46 356 190.247208
48 356 189.441284
50 356 188.642519
52 356 187.851005
54 356 187.066833
56 356 186.290096
58 356 185.520888
60 356 184.759303
62 356 184.005435
64 356 183.259379
66 356 182.521232
68 356 181.791089
70 356 181.069048
72 356 180.355205
74 356 179.649659
76 356 178.952508
78 356 178.263849
80 356 177.583783
82 356 176.912408
84 356 176.249823
86 356 175.596128
88 356 174.951422
90 356 174.315805
92 356 173.689378
94 356 173.072239
96 356 172.464489
98 356 171.866227
100 356 171.277553
102 356 170.698565
104 356 170.129363
106 356 169.570045
108 356 169.020709
110 356 168.481453
112 356 167.952374
114 356 167.433569
116 356 166.925133
118 356 166.427161
120 356 165.939748
122 356 165.462987
124 356 164.996970
126 356 164.541788
128 356 164.097532
130 356 163.664291
132 356 163.242151
134 356 162.831201
136 356 162.431524
138 356 162.043204
140 356 161.666323
142 356 161.300961
144 356 160.947196
146 356 160.605106
148 356 160.274764
150 356 159.956244
152 356 159.649616
154 356 159.354950
156 356 159.072311
158 356 158.801763
160 356 158.543369
162 356 158.297189
164 356 158.063278
166 356 157.841693
168 356 157.632484
170 356 157.435701
172 356 157.251391
174 356 157.079598
176 356 156.920362
178 356 156.773722
180 356 156.639714
182 356 156.518370
184 356 156.409718
186 356 156.313787
188 356 156.230599
190 356 156.160174
192 356 156.102530
194 356 156.057682
196 356 156.025639
198 356 156.006410
200 356 156.000000
202 356 156.006410
204 356 156.025639
206 356 156.057682
208 356 156.102530
210 356 156.160174
212 356 156.230599
214 356 156.313787
216 356 156.409718
218 356 156.518370
220 356 156.639714
222 356 156.773722
224 356 156.920362
226 356 157.079598
228 356 157.251391
230 356 157.435701
232 356 157.632484
234 356 157.841693
236 356 158.063278
238 356 158.297189
240 356 158.543369
242 356 158.801763
244 356 159.072311
246 356 159.354950
248 356 159.649616
250 356 159.956244
252 356 160.274764
254 356 160.605106
256 356 160.947196
258 356 161.300961
260 356 161.666323
262 356 162.043204
264 356 162.431524
266 356 162.831201
268 356 163.242151
270 356 163.664291
272 356 164.097532
274 356 164.541788
276 356 164.996970
278 356 165.462987
280 356 165.939748
282 356 166.427161
284 356 166.925133
286 356 167.433569
288 356 167.952374
290 356 168.481453
292 356 169.020709
294 356 169.570045
296 356 170.129363
298 356 170.698565
300 356 171.277553
302 356 171.866227
304 356 172.464489
306 356 173.072239
308 356 173.689378
310 356 174.315805
312 356 174.951422
314 356 175.596128
316 356 176.249823
318 356 176.912408
320 356 177.583783
322 356 178.263849
324 356 178.952508
326 356 179.649659
328 356 180.355205
330 356 181.069048
332 356 181.791089
334 356 182.521232
336 356 183.259379
338 356 184.005435
340 356 184.759303
342 356 185.520888
344 356 186.290096
346 356 187.066833
348 356 187.851005
350 356 188.642519
352 356 189.441284
354 356 190.247208
356 356 191.060200
358 356 191.880171
360 356 192.707032
362 356 193.540693
364 356 194.381069
366 356 195.228072
368 356 196.081616
370 356 196.941616
372 356 197.807988
374 356 198.680648
376 356 199.559515
378 356 200.444506
380 356 201.335541
382 356 202.232539
384 356 203.135423
386 356 204.044113
388 356 204.958532
390 356 205.878605
392 356 206.804255
394 356 207.735409
396 356 208.671991
398 356 209.613931
0 358 212.047165
2 358 211.106608
4 358 210.171359
6 358 209.241487
8 358 208.317066
10 358 207.398168
12 358 206.484866
14 358 205.577236
16 358 204.675353
18 358 203.779292
20 358 202.889132
22 358 202.004950
24 358 201.126826
26 358 200.254838
28 358 199.389067
30 358 198.529595
32 358 197.676503
34 358 196.829876
36 358 195.989796
38 358 195.156348
40 358 194.329617
42 358 193.509690
44 358 192.696653
46 358 191.890594
48 358 191.091601
50 358 190.299764
52 358 189.515171
54 358 188.737914
56 358 187.968082
58 358 187.205769
60 358 186.451066
62 358 185.704066
64 358 184.964862
66 358 184.233547
68 358 183.510218
70 358 182.794967
72 358 182.087891
74 358 181.389085
76 358 180.698644
78 358 180.016666
80 358 179.343246
82 358 178.678482
84 358 178.022470
86 358 177.375308
88 358 176.737093
90 358 176.107921
92 358 175.487891
94 358 174.877100
96 358 174.275644
98 358 173.683620
100 358 173.101127
102 358 172.528259
104 358 171.965113
106 358 171.411785
108 358 170.868370
110 358 170.334964
112 358 169.811660
114 358 169.298553
116 358 168.795735
118 358 168.303298
120 358 167.821334
122 358 167.349933
124 358 166.889185
126 358 166.439178
128 358 166.000000
130 358 165.571737
132 358 165.154473
134 358 164.748293
136 358 164.353278
138 358 163.969509
140 358 163.597066
142 358 163.236025
144 358 162.886464
146 358 162.548454
148 358 162.222070
150 358 161.907381
152 358 161.604455
154 358 161.313360
156 358 161.034158
158 358 160.766912
160 358 160.511682
162 358 160.268525
164 358 160.037496
166 358 159.818647
168 358 159.612030
170 358 159.417690
172 358 159.235674
174 358 159.066024
176 358 158.908779
178 358 158.763976
180 358 158.631649
182 358 158.511829
184 358 158.404545
186 358 158.309823
188 358 158.227684
190 358 158.158149
192 358 158.101233
194 358 158.056952
196 358 158.025314
198 358 158.006329
200 358 158.000000
202 358 158.006329
204 358 158.025314
206 358 158.056952
208 358 158.101233
210 358 158.158149
212 358 158.227684
214 358 158.309823
216 358 158.404545
218 358 158.511829
220 358 158.631649
222 358 158.763976
224 358 158.908779
226 358 159.066024
228 358 159.235674
230 358 159.417690
232 358 159.612030
234 358 159.818647
236 358 160.037496
238 358 160.268525
240 358 160.511682
242 358 160.766912
244 358 161.034158
246 358 161.313360
248 358 161.604455
250 358 161.907381
252 358 162.222070
254 358 162.548454
256 358 162.886464
258 358 163.236025
260 358 163.597066
262 358 163.969509
264 358 164.353278
266 358 164.748293
268 358 165.154473
270 358 165.571737
272 358 166.000000
274 358 166.439178
276 358 166.889185
278 358 167.349933
280 358 167.821334
282 358 168.303298
284 358 168.795735
286 358 169.298553
288 358 169.811660
290 358 170.334964
292 358 170.868370
294 358 171.411785
296 358 171.965113
298 358 172.528259
300 358 173.101127
302 358 173.683620
304 358 174.275644
306 358 174.877100
308 358 175.487891
310 358 176.107921
312 358 176.737093
314 358 177.375308
316 358 178.022470
318 358 178.678482
320 358 179.343246
322 358 180.016666
324 358 180.698644
326 358 181.389085
328 358 182.087891
330 358 182.794967
332 358 183.510218
334 358 184.233547
336 358 184.964862
338 358 185.704066
340 358 186.451066
342 358 187.205769
344 358 187.968082
346 358 188.737914
348 358 189.515171
350 358 190.299764
352 358 191.091601
354 358 191.890594
356 358 192.696653
358 358 193.509690
360 358 194.329617
362 358 195.156348
364 358 195.989796
366 358 196.829876
368 358 197.676503
370 358 198.529595
372 358 199.389067
374 358 200.254838
376 358 201.126826
378 358 202.004950
380 358 202.889132
382 358 203.779292
384 358 204.675353
386 358 205.577236
388 358 206.484866
390 358 207.398168
392 358 208.317066
394 358 209.241487
396 358 210.171359
398 358 211.106608
0 360 213.541565
2 360 212.607620
4 360 211.679002
6 360 210.755783
8 360 209.838033
10 360 208.925824
12 360 208.019230
14 360 207.118324
16 360 206.223180
18 360 205.333874
20 360 204.450483
22 360 203.573083
24 360 202.701751
26 360 201.836568
28 360 200.977611
30 360 200.124961
32 360 199.278699
34 360 198.438907
36 360 197.605668
38 360 196.779064
40 360 195.959179
42 360 195.146099
44 360 194.339908
46 360 193.540693
48 360 192.748541
50 360 191.963538
52 360 191.185774
54 360 190.415336
56 360 189.652313
58 360 188.896797
60 360 188.148877
62 360 187.408644
64 360 186.676190
66 360 185.951607
68 360 185.234986
70 360 184.526421
72 360 183.826005
74 360 183.133831
76 360 182.449993
78 360 181.774586
80 360 181.107703
82 360 180.449439
84 360 179.799889
86 360 179.159147
88 360 178.527309
90 360 177.904469
92 360 177.290722
94 360 176.686162
96 360 176.090886
98 360 175.504986
100 360 174.928557
102 360 174.361693
104 360 173.804488
106 360 173.257034
108 360 172.719426
110 360 172.191754
112 360 171.674110
114 360 171.166586
116 360 170.669271
118 360 170.182255
120 360 169.705627
122 360 169.239475
124 360 168.783885
126 360 168.338944
128 360 167.904735
130 360 167.481342
132 360 167.068848
134 360 166.667333
136 360 166.276878
138 360 165.897559
140 360 165.529454
142 360 165.172637
144 360 164.827182
146 360 164.493161
148 360 164.170643
150 360 163.859696
152 360 163.560386
154 360 163.272778
156 360 162.996932
158 360 162.732910
160 360 162.480768
162 360 162.240562
164 360 162.012345
166 360 161.796168
168 360 161.592079
170 360 161.400124
172 360 161.220346
174 360 161.052786
176 360 160.897483
178 360 160.754471
180 360 160.623784
182 360 160.505452
184 360 160.399501
186 360 160.305957
188 360 160.224842
190 360 160.156174
192 360 160.099969
194 360 160.056240
196 360 160.024998
198 360 160.006250
200 360 160.000000
202 360 160.006250
204 360 160.024998
206 360 160.056240
208 360 160.099969
210 360 160.156174
212 360 160.224842
214 360 160.305957
216 360 160.399501
218 360 160.505452
220 360 160.623784
222 360 160.754471
224 360 160.897483
226 360 161.052786
228 360 161.220346
230 360 161.400124
232 360 161.592079
234 360 161.796168
236 360 162.012345
238 360 162.240562
240 360 162.480768
242 360 162.732910
244 360 162.996932
246 360 163.272778
248 360 163.560386
250 360 163.859696
252 360 164.170643
254 360 164.493161
256 360 164.827182
258 360 165.172637
260 360 165.529454
262 360 165.897559
264 360 166.276878
266 360 166.667333
268 360 167.068848
270 360 167.481342
272 360 167.904735
274 360 168.338944
276 360 168.783885
278 360 169.239475
280 360 169.705627
282 360 170.182255
284 360 170.669271
286 360 171.166586
288 360 171.674110
290 360 172.191754
292 360 172.719426
294 360 173.257034
296 360 173.804488
298 360 174.361693
300 360 174.928557
302 360 175.504986
304 360 176.090886
306 360 176.686162
308 360 177.290722
310 360 177.904469
312 360 178.527309
314 360 179.159147
316 360 179.799889
318 360 180.449439
320 360 181.107703
322 360 181.774586
324 360 182.449993
326 360 183.133831
328 360 183.826005
330 360 184.526421
332 360 185.234986
334 360 185.951607
336 360 186.676190
338 360 187.408644
340 360 188.148877
342 360 188.896797
344 360 189.652313
346 360 190.415336
348 360 191.185774
350 360 191.963538
352 360 192.748541
354 360 193.540693
356 360 194.339908
358 360 195.146099
360 360 195.959179
362 360 196.779064
364 360 197.605668
366 360 198.438907
368 360 199.278699
370 360 200.124961
372 360 200.977611
374 360 201.836568
376 360 202.701751
378 360 203.573083
380 360 204.450483
382 360 205.333874
384 360 206.223180
386 360 207.118324
388 360 208.019230
390 360 208.925824
392 360 209.838033
394 360 210.755783
396 360 211.679002
398 360 212.607620
0 362 215.044182
2 362 214.116791
4 362 213.194747
6 362 212.278119
8 362 211.366979
10 362 210.461398
12 362 209.561447
14 362 208.667199
16 362 207.778728
18 362 206.896109
20 362 206.019417
22 362 205.148727
24 362 204.284116
26 362 203.425662
28 362 202.573443
30 362 201.727539
32 362 200.888029
34 362 200.054992
36 362 199.228512
38 362 198.408669
40 362 197.595547
42 362 196.789227
44 362 195.989796
46 362 195.197336
48 362 194.411934
50 362 193.633675
52 362 192.862645
54 362 192.098933
56 362 191.342625
58 362 190.593809
60 362 189.852574
62 362 189.119010
64 362 188.393206
66 362 187.675251
68 362 186.965237
70 362 186.263255
72 362 185.569394
74 362 184.883747
76 362 184.206406
78 362 183.537462
80 362 182.877008
82 362 182.225135
84 362 181.581937
86 362 180.947506
88 362 180.321934
90 362 179.705314
92 362 179.097739
94 362 178.499300
96 362 177.910090
98 362 177.330200
100 362 176.759724
102 362 176.198751
104 362 175.647374
106 362 175.105682
108 362 174.573767
110 362 174.051716
112 362 173.539621
114 362 173.037568
116 362 172.545646
118 362 172.063942
120 362 171.592541
122 362 171.131528
124 362 170.680989
126 362 170.241006
128 362 169.811660
130 362 169.393034
132 362 168.985206
134 362 168.588256
136 362 168.202259
138 362 167.827292
140 362 167.463429
142 362 167.110742
144 362 166.769302
146 362 166.439178
148 362 166.120438
150 362 165.813148
152 362 165.517371
154 362 165.233169
156 362 164.960601
158 362 164.699727
160 362 164.450600
162 362 164.213276
164 362 163.987804
166 362 163.774235
168 362 163.572614
170 362 163.382986
172 362 163.205392
174 362 163.039872
176 362 162.886464
178 362 162.745200
180 362 162.616112
182 362 162.499231
184 362 162.394581
186 362 162.302187
188 362 162.222070
190 362 162.154248
192 362 162.098735
194 362 162.055546
196 362 162.024689
198 362 162.006173
200 362 162.000000
202 362 162.006173
204 362 162.024689
206 362 162.055546
208 362 162.098735
210 362 162.154248
212 362 162.222070
214 362 162.302187
216 362 162.394581
218 362 162.499231
220 362 162.616112
222 362 162.745200
224 362 162.886464
226 362 163.039872
228 362 163.205392
230 362 163.382986
232 362 163.572614
234 362 163.774235
236 362 163.987804
238 362 164.213276
240 362 164.450600
242 362 164.699727
244 362 164.960601
246 362 165.233169
248 362 165.517371
250 362 165.813148
252 362 166.120438
254 362 166.439178
256 362 166.769302
258 362 167.110742
260 362 167.463429
262 362 167.827292
264 362 168.202259
266 362 168.588256
268 362 168.985206
270 362 169.393034
272 362 169.811660
274 362 170.241006
276 362 170.680989
278 362 171.131528
280 362 171.592541
282 362 172.063942
284 362 172.545646
286 362 173.037568
288 362 173.539621
290 362 174.051716
292 362 174.573767
294 362 175.105682
296 362 175.647374
298 362 176.198751
300 362 176.759724
302 362 177.330200
304 362 177.910090
306 362 178.499300
308 362 179.097739
310 362 179.705314
312 362 180.321934
314 362 180.947506
316 362 181.581937
318 362 182.225135
320 362 182.877008
322 362 183.537462
324 362 184.206406
326 362 184.883747
328 362 185.569394
330 362 186.263255
332 362 186.965237
334 362 187.675251
336 362 188.393206
338 362 189.119010
340 362 189.852574
342 362 190.593809
344 362 191.342625
346 362 192.098933
348 362 192.862645
350 362 193.633675
352 362 194.411934
354 362 195.197336
356 362 195.989796
358 362 196.789227
360 362 197.595547
362 362 198.408669
364 362 199.228512
366 362 200.054992
368 362 200.888029
370 362 201.727539
372 362 202.573443
374 362 203.425662
376 362 204.284116
378 362 205.148727
380 362 206.019417
382 362 206.896109
384 362 207.778728
386 362 208.667199
388 362 209.561447
390 362 210.461398
392 362 211.366979
394 362 212.278119
396 362 213.194747
398 362 214.116791
0 364 216.554843
2 364 215.633949
4 364 214.718420
6 364 213.808325
8 364 212.903734
10 364 212.004717
12 364 211.111345
14 364 210.223690
16 364 209.341826
18 364 208.465825
20 364 207.595761
22 364 206.731710
24 364 205.873748
26 364 205.021950
28 364 204.176394
30 364 203.337158
32 364 202.504321
34 364 201.677961
36 364 200.858159
38 364 200.044995
40 364 199.238550
42 364 198.438907
44 364 197.646148
46 364 196.860357
48 364 196.081616
50 364 195.310010
52 364 194.545624
54 364 193.788545
56 364 193.038856
58 364 192.296646
60 364 191.562000
62 364 190.835007
64 364 190.115754
66 364 189.404329
68 364 188.700821
70 364 188.005319
72 364 187.317912
74 364 186.638688
76 364 185.967739
78 364 185.305154
80 364 184.651022
82 364 184.005435
84 364 183.368481
86 364 182.740253
88 364 182.120839
90 364 181.510330
92 364 180.908817
94 364 180.316389
96 364 179.733136
98 364 179.159147
100 364 178.594513
102 364 178.039321
104 364 177.493662
106 364 176.957622
108 364 176.431290
110 364 175.914752
112 364 175.408096
114 364 174.911406
116 364 174.424769
118 364 173.948268
120 364 173.481988
122 364 173.026010
124 364 172.580416
126 364 172.145287
128 364 171.720703
130 364 171.306742
132 364 170.903482
134 364 170.510997
136 364 170.129363
138 364 169.758652
140 364 169.398937
142 364 169.050288
144 364 168.712774
146 364 168.386460
148 364 168.071413
150 364 167.767697
152 364 167.475371
154 364 167.194498
156 364 166.925133
158 364 166.667333
160 364 166.421153
162 364 166.186642
164 364 165.963851
166 364 165.752828
168 364 165.553617
170 364 165.366260
172 364 165.190799
174 364 165.027270
176 364 164.875711
178 364 164.736153
180 364 164.608627
182 364 164.493161
184 364 164.389781
186 364 164.298509
188 364 164.219365
190 364 164.152368
192 364 164.097532
194 364 164.054869
196 364 164.024388
198 364 164.006097
200 364 164.000000
202 364 164.006097
204 364 164.024388
206 364 164.054869
208 364 164.097532
210 364 164.152368
212 364 164.219365
214 364 164.298509
216 364 164.389781
218 364 164.493161
220 364 164.608627
222 364 164.736153
224 364 164.875711
226 364 165.027270
228 364 165.190799
230 364 165.366260
232 364 165.553617
234 364 165.752828
236 364 165.963851
238 364 166.186642
240 364 166.421153
242 364 166.667333
244 364 166.925133
246 364 167.194498
248 364 167.475371
250 364 167.767697
252 364 168.071413
254 364 168.386460
256 364 168.712774
258 364 169.050288
260 364 169.398937
262 364 169.758652
264 364 170.129363
266 364 170.510997
268 364 170.903482
270 364 171.306742
272 364 171.720703
274 364 172.145287
276 364 172.580416
278 364 173.026010
280 364 173.481988
282 364 173.948268
284 364 174.424769
286 364 174.911406
288 364 175.408096
290 364 175.914752
292 364 176.431290
294 364 176.957622
296 364 177.493662
298 364 178.039321
300 364 178.594513
302 364 179.159147
304 364 179.733136
306 364 180.316389
308 364 180.908817
310 364 181.510330
312 364 182.120839
314 364 182.740253
316 364 183.368481
318 364 184.005435
320 364 184.651022
322 364 185.305154
324 364 185.967739
326 364 186.638688
328 364 187.317912
330 364 188.005319
332 364 188.700821
334 364 189.404329
336 364 190.115754
338 364 190.835007
340 364 191.562000
342 364 192.296646
344 364 193.038856
346 364 193.788545
348 364 194.545624
350 364 195.310010
352 364 196.081616
354 364 196.860357
356 364 197.646148
358 364 198.438907
360 364 199.238550
362 364 200.044995
364 364 200.858159
366 364 201.677961
368 364 202.504321
370 364 203.337158
372 364 204.176394
374 364 205.021950
376 364 205.873748
378 364 206.731710
380 364 207.595761
382 364 208.465825
384 364 209.341826
386 364 210.223690
388 364 211.111345
390 364 212.004717
392 364 212.903734
394 364 213.808325
396 364 214.718420
398 364 215.633949
0 366 218.073382
2 366 217.158928
4 366 216.249855
6 366 215.346233
8 366 214.448129
10 366 213.555613
12 366 212.668757
14 366 211.787629
16 366 210.912304
18 366 210.042853
20 366 209.179349
22 366 208.321866
24 366 207.470480
26 366 206.625265
28 366 205.786297
30 366 204.953653
32 366 204.127411
34 366 203.307649
36 366 202.494444
38 366 201.687878
40 366 200.888029
42 366 200.094977
44 366 199.308806
46 366 198.529595
48 366 197.757427
50 366 196.992386
52 366 196.234554
54 366 195.484015
56 366 194.740853
58 366 194.005155
60 366 193.277003
62 366 192.556485
64 366 191.843686
66 366 191.138693
68 366 190.441592
70 366 189.752470
72 366 189.071415
74 366 188.398514
76 366 187.733854
78 366 187.077524
80 366 186.429611
82 366 185.790204
84 366 185.159391
86 366 184.537259
88 366 183.923897
90 366 183.319393
92 366 182.723835
94 366 182.137311
96 366 181.559907
98 366 180.991713
100 366 180.432813
102 366 179.883296
104 366 179.343246
106 366 178.812751
108 366 178.291895
110 366 177.780764
112 366 177.279440
114 366 176.788009
116 366 176.306551
118 366 175.835150
120 366 175.373886
122 366 174.922840
124 366 174.482091
126 366 174.051716
128 366 173.631794
130 366 173.222400
132 366 172.823609
134 366 172.435495
136 366 172.058130
138 366 171.691584
140 366 171.335927
142 366 170.991228
144 366 170.657552
146 366 170.334964
148 366 170.023528
150 366 169.723304
152 366 169.434353
154 366 169.156732
156 366 168.890497
158 366 168.635702
160 366 168.392399
162 366 168.160637
164 366 167.940466
166 366 167.731929
168 366 167.535071
170 366 167.349933
172 366 167.176553
174 366 167.014969
176 366 166.865215
178 366 166.727322
180 366 166.601321
182 366 166.487237
184 366 166.385095
186 366 166.294919
188 366 166.216726
190 366 166.150534
192 366 166.096358
194 366 166.054208
196 366 166.024095
198 366 166.006024
200 366 166.000000
202 366 166.006024
204 366 166.024095
206 366 166.054208
208 366 166.096358
210 366 166.150534
212 366 166.216726
214 366 166.294919
216 366 166.385095
218 366 166.487237
220 366 166.601321
222 366 166.727322
224 366 166.865215
226 366 167.014969
228 366 167.176553
230 366 167.349933
232 366 167.535071
234 366 167.731929
236 366 167.940466
238 366 168.160637
240 366 168.392399
242 366 168.635702
244 366 168.890497
246 366 169.156732
248 366 169.434353
250 366 169.723304
252 366 170.023528
254 366 170.334964
256 366 170.657552
258 366 170.991228
260 366 171.335927
262 366 171.691584
264 366 172.058130
266 366 172.435495
268 366 172.823609
270 366 173.222400
272 366 173.631794
274 366 174.051716
276 366 174.482091
278 366 174.922840
280 366 175.373886
282 366 175.835150
284 366 176.306551
286 366 176.788009
288 366 177.279440
290 366 177.780764
292 366 178.291895
294 366 178.812751
296 366 179.343246
298 366 179.883296
300 366 180.432813
302 366 180.991713
304 366 181.559907
306 366 182.137311
308 366 182.723835
310 366 183.319393
312 366 183.923897
314 366 184.537259
316 366 185.159391
318 366 185.790204
320 366 186.429611
322 366 187.077524
324 366 187.733854
326 366 188.398514
328 366 189.071415
330 366 189.752470
332 366 190.441592
334 366 191.138693
336 366 191.843686
338 366 192.556485
340 366 193.277003
342 366 194.005155
344 366 194.740853
346 366 195.484015
348 366 196.234554
350 366 196.992386
352 366 197.757427
354 366 198.529595
356 366 199.308806
358 366 200.094977
360 366 200.888029
362 366 201.687878
364 366 202.494444
366 366 203.307649
368 366 204.127411
370 366 204.953653
372 366 205.786297
374 366 206.625265
376 366 207.470480
378 366 208.321866
380 366 209.179349
382 366 210.042853
384 366 210.912304
386 366 211.787629
388 366 212.668757
390 366 213.555613
392 366 214.448129
394 366 215.346233
396 366 216.249855
398 366 217.158928
0 368 219.599636
2 368 218.691564
4 368 217.788889
6 368 216.891678
8 368 216.000000
10 368 215.113923
12 368 214.233517
14 368 213.358853
16 368 212.490000
18 368 211.627030
20 368 210.770017
22 368 209.919032
24 368 209.074150
26 368 208.235444
28 368 207.402989
30 368 206.576862
32 368 205.757138
34 368 204.943895
36 368 204.137209
38 368 203.337158
40 368 202.543822
42 368 201.757280
44 368 200.977611
46 368 200.204895
48 368 199.439214
50 368 198.680648
52 368 197.929280
54 368 197.185192
56 368 196.448467
58 368 195.719187
60 368 194.997436
62 368 194.283298
64 368 193.576858
66 368 192.878200
68 368 192.187409
70 368 191.504569
72 368 190.829767
74 368 190.163088
76 368 189.504617
78 368 188.854441
80 368 188.212646
82 368 187.579317
84 368 186.954540
86 368 186.338402
88 368 185.730988
90 368 185.132385
92 368 184.542678
94 368 183.961953
96 368 183.390294
98 368 182.827788
100 368 182.274518
102 368 181.730570
104 368 181.196026
106 368 180.670972
108 368 180.155488
110 368 179.649659
112 368 179.153565
114 368 178.667289
116 368 178.190909
118 368 177.724506
120 368 177.268158
122 368 176.821944
124 368 176.385940
126 368 175.960223
128 368 175.544866
130 368 175.139944
132 368 174.745529
134 368 174.361693
136 368 173.988505
138 368 173.626035
140 368 173.274349
142 368 172.933513
144 368 172.603592
146 368 172.284648
148 368 171.976743
150 368 171.679935
152 368 171.394282
154 368 171.119841
156 368 170.856665
158 368 170.604806
160 368 170.364316
162 368 170.135240
164 368 169.917627
166 368 169.711520
168 368 169.516961
170 368 169.333990
172 368 169.162644
174 368 169.002959
176 368 168.854967
178 368 168.718701
180 368 168.594187
182 368 168.481453
184 368 168.380521
186 368 168.291414
188 368 168.214149
190 368 168.148744
192 368 168.095211
194 368 168.053563
196 368 168.023808
198 368 168.005952
200 368 168.000000
202 368 168.005952
204 368 168.023808
206 368 168.053563
208 368 168.095211
210 368 168.148744
212 368 168.214149
214 368 168.291414
216 368 168.380521
218 368 168.481453
220 368 168.594187
222 368 168.718701
224 368 168.854967
226 368 169.002959
228 368 169.162644
230 368 169.333990
232 368 169.516961
234 368 169.711520
236 368 169.917627
238 368 170.135240
240 368 170.364316
242 368 170.604806
244 368 170.856665
246 368 171.119841
248 368 171.394282
250 368 171.679935
252 368 171.976743
254 368 172.284648
256 368 172.603592
258 368 172.933513
260 368 173.274349
262 368 173.626035
264 368 173.988505
266 368 174.361693
268 368 174.745529
270 368 175.139944
272 368 175.544866
274 368 175.960223
276 368 176.385940
278 368 176.821944
280 368 177.268158
282 368 177.724506
284 368 178.190909
286 368 178.667289
288 368 179.153565
290 368 179.649659
292 368 180.155488
294 368 180.670972
296 368 181.196026
298 368 181.730570
300 368 182.274518
302 368 182.827788
304 368 183.390294
306 368 183.961953
308 368 184.542678
310 368 185.132385
312 368 185.730988
314 368 186.338402
316 368 186.954540
318 368 187.579317
320 368 188.212646
322 368 188.854441
324 368 189.504617
326 368 190.163088
328 368 190.829767
330 368 191.504569
332 368 192.187409
334 368 192.878200
336 368 193.576858
338 368 194.283298
340 368 194.997436
342 368 195.719187
344 368 196.448467
346 368 197.185192
348 368 197.929280
350 368 198.680648
352 368 199.439214
354 368 200.204895
356 368 200.977611
358 368 201.757280
360 368 202.543822
362 368 203.337158
364 368 204.137209
366 368 204.943895
368 368 205.757138
370 368 206.576862
372 368 207.402989
374 368 208.235444
376 368 209.074150
378 368 209.919032
380 368 210.770017
382 368 211.627030
384 368 212.490000
386 368 213.358853
388 368 214.233517
390 368 215.113923
392 368 216.000000
394 368 216.891678
396 368 217.788889
398 368 218.691564
0 370 221.133444
2 370 220.231696
4 370 219.335360
6 370 218.444501
8 370 217.559187
10 370 216.679487
12 370 215.805468
14 370 214.937200
16 370 214.074753
18 370 213.218198
20 370 212.367606
22 370 211.523048
24 370 210.684598
26 370 209.852329
28 370 209.026314
30 370 208.206628
32 370 207.393346
34 370 206.586544
36 370 205.786297
38 370 204.992683
40 370 204.205779
42 370 203.425662
44 370 202.652412
46 370 201.886107
48 370 201.126826
50 370 200.374649
52 370 199.629657
54 370 198.891930
56 370 198.161550
58 370 197.438598
60 370 196.723156
62 370 196.015306
64 370 195.315130
66 370 194.622712
68 370 193.938134
70 370 193.261481
72 370 192.592835
74 370 191.932280
76 370 191.279900
78 370 190.635778
80 370 190.000000
82 370 189.372649
84 370 188.753808
86 370 188.143562
88 370 187.541995
90 370 186.949191
92 370 186.365233
94 370 185.790204
96 370 185.224188
98 370 184.667268
100 370 184.119526
102 370 183.581045
104 370 183.051905
106 370 182.532189
108 370 182.021977
110 370 181.521349
112 370 181.030384
114 370 180.549162
116 370 180.077761
118 370 179.616258
120 370 179.164729
122 370 178.723250
124 370 178.291895
126 370 177.870740
128 370 177.459855
130 370 177.059312
132 370 176.669182
134 370 176.289535
136 370 175.920437
138 370 175.561955
140 370 175.214155
142 370 174.877100
144 370 174.550852
146 370 174.235473
148 370 173.931021
150 370 173.637554
152 370 173.355127
154 370 173.083795
156 370 172.823609
158 370 172.574622
160 370 172.336879
162 370 172.110430
164 370 171.895317
166 370 171.691584
168 370 171.499271
170 370 171.318417
172 370 171.149058
174 370 170.991228
176 370 170.844959
178 370 170.710281
180 370 170.587221
182 370 170.475805
184 370 170.376055
186 370 170.287991
188 370 170.211633
190 370 170.146995
192 370 170.094092
194 370 170.052933
196 370 170.023528
198 370 170.005882
200 370 170.000000
202 370 170.005882
204 370 170.023528
206 370 170.052933
208 370 170.094092
210 370 170.146995
212 370 170.211633
214 370 170.287991
216 370 170.376055
218 370 170.475805
220 370 170.587221
222 370 170.710281
224 370 170.844959
226 370 170.991228
228 370 171.149058
230 370 171.318417
232 370 171.499271
234 370 171.691584
236 370 171.895317
238 370 172.110430
240 370 172.336879
242 370 172.574622
244 370 172.823609
246 370 173.083795
248 370 173.355127
250 370 173.637554
252 370 173.931021
254 370 174.235473
256 370 174.550852
258 370 174.877100
260 370 175.214155
262 370 175.561955
264 370 175.920437
266 370 176.289535
268 370 176.669182
270 370 177.059312
272 370 177.459855
274 370 177.870740
276 370 178.291895
278 370 178.723250
280 370 179.164729
282 370 179.616258
284 370 180.077761
286 370 180.549162
288 370 181.030384
290 370 181.521349
292 370 182.021977
294 370 182.532189
296 370 183.051905
298 370 183.581045
300 370 184.119526
302 370 184.667268
304 370 185.224188
306 370 185.790204
308 370 186.365233
310 370 186.949191
312 370 187.541995
314 370 188.143562
316 370 188.753808
318 370 189.372649
320 370 190.000000
322 370 190.635778
324 370 191.279900
326 370 191.932280
328 370 192.592835
330 370 193.261481
332 370 193.938134
334 370 194.622712
336 370 195.315130
338 370 196.015306
340 370 196.723156
342 370 197.438598
344 370 198.161550
346 370 198.891930
348 370 199.629657
350 370 200.374649
352 370 201.126826
354 370 201.886107
356 370 202.652412
358 370 203.425662
360 370 204.205779
362 370 204.992683
364 370 205.786297
366 370 206.586544
368 370 207.393346
370 370 208.206628
372 370 209.026314
374 370 209.852329
376 370 210.684598
378 370 211.523048
380 370 212.367606
382 370 213.218198
384 370 214.074753
386 370 214.937200
388 370 215.805468
390 370 216.679487
392 370 217.559187
394 370 218.444501
396 370 219.335360
398 370 220.231696
0 372 222.674651
2 372 221.779169
4 372 220.889112
6 372 220.004545
8 372 219.125535
10 372 218.252148
12 372 217.384452
14 372 216.522516
16 372 215.666409
18 372 214.816201
20 372 213.971961
22 372 213.133761
24 372 212.301672
26 372 211.475767
28 372 210.656118
30 372 209.842798
32 372 209.035882
34 372 208.235444
36 372 207.441558
38 372 206.654301
40 372 205.873748
42 372 205.099976
44 372 204.333061
46 372 203.573083
48 372 202.820117
50 372 202.074244
52 372 201.335541
54 372 200.604088
56 372 199.879964
58 372 199.163250
60 372 198.454025
62 372 197.752370
64 372 197.058367
66 372 196.372096
68 372 195.693638
70 372 195.023076
72 372 194.360490
74 372 193.705963
76 372 193.059576
78 372 192.421413
80 372 191.791554
82 372 191.170081
84 372 190.557078
86 372 189.952626
88 372 189.356806
90 372 188.769701
92 372 188.191392
94 372 187.621960
96 372 187.061487
98 372 186.510053
100 372 185.967739
102 372 185.434625
104 372 184.910789
106 372 184.396312
108 372 183.891272
110 372 183.395747
112 372 182.909814
114 372 182.433550
116 372 181.967030
118 372 181.510330
120 372 181.063525
122 372 180.626687
124 372 180.199889
126 372 179.783203
128 372 179.376699
130 372 178.980446
132 372 178.594513
134 372 178.218966
136 372 177.853873
138 372 177.499296
140 372 177.155299
142 372 176.821944
144 372 176.499292
146 372 176.187400
148 372 175.886327
150 372 175.596128
152 372 175.316856
154 372 175.048565
156 372 174.791304
158 372 174.545123
160 372 174.310069
162 372 174.086186
164 372 173.873517
166 372 173.672105
168 372 173.481988
170 372 173.303203
172 372 173.135785
174 372 172.979768
176 372 172.835182
178 372 172.702056
180 372 172.580416
182 372 172.470287
184 372 172.371691
186 372 172.284648
188 372 172.209175
190 372 172.145287
192 372 172.092998
194 372 172.052318
196 372 172.023254
198 372 172.005814
200 372 172.000000
202 372 172.005814
204 372 172.023254
206 372 172.052318
208 372 172.092998
210 372 172.145287
212 372 172.209175
214 372 172.284648
216 372 172.371691
218 372 172.470287
220 372 172.580416
222 372 172.702056
224 372 172.835182
226 372 172.979768
228 372 173.135785
230 372 173.303203
232 372 173.481988
234 372 173.672105
236 372 173.873517
238 372 174.086186
240 372 174.310069
242 372 174.545123
244 372 174.791304
246 372 175.048565
248 372 175.316856
250 372 175.596128
252 372 175.886327
254 372 176.187400
256 372 176.499292
258 372 176.821944
260 372 177.155299
262 372 177.499296
264 372 177.853873
266 372 178.218966
268 372 178.594513
270 372 178.980446
272 372 179.376699
274 372 179.783203
276 372 180.199889
278 372 180.626687
280 372 181.063525
282 372 181.510330
284 372 181.967030
286 372 182.433550
288 372 182.909814
290 372 183.395747
292 372 183.891272
294 372 184.396312
296 372 184.910789
298 372 185.434625
300 372 185.967739
302 372 186.510053
304 372 187.061487
306 372 187.621960
308 372 188.191392
310 372 188.769701
312 372 189.356806
314 372 189.952626
316 372 190.557078
318 372 191.170081
320 372 191.791554
322 372 192.421413
324 372 193.059576
326 372 193.705963
328 372 194.360490
330 372 195.023076
332 372 195.693638
334 372 196.372096
336 372 197.058367
338 372 197.752370
340 372 198.454025
342 372 199.163250
344 372 199.879964
346 372 200.604088
348 372 201.335541
350 372 202.074244
352 372 202.820117
354 372 203.573083
356 372 204.333061
358 372 205.099976
360 372 205.873748
362 372 206.654301
364 372 207.441558
366 372 208.235444
368 372 209.035882
370 372 209.842798
372 372 210.656118
374 372 211.475767
376 372 212.301672
378 372 213.133761
380 372 213.971961
382 372 214.816201
384 372 215.666409
386 372 216.522516
388 372 217.384452
390 372 218.252148
392 372 219.125535
394 372 220.004545
396 372 220.889112
398 372 221.779169
0 374 224.223103
2 374 223.333831
4 374 222.449994
6 374 221.571659
8 374 220.698890
10 374 219.831754
12 374 218.970318
14 374 218.114649
16 374 217.264815
18 374 216.420886
20 374 215.582931
22 374 214.751019
24 374 213.925221
26 374 213.105608
28 374 212.292251
30 374 211.485224
32 374 210.684598
34 374 209.890448
36 374 209.102846
38 374 208.321866
40 374 207.547585
42 374 206.780076
44 374 206.019417
46 374 205.265681
48 374 204.518948
50 374 203.779292
52 374 203.046793
54 374 202.321526
56 374 201.603571
58 374 200.893006
60 374 200.189910
62 374 199.494361
64 374 198.806439
66 374 198.126222
68 374 197.453792
70 374 196.789227
72 374 196.132608
74 374 195.484015
76 374 194.843527
78 374 194.211225
80 374 193.587190
82 374 192.971500
84 374 192.364238
86 374 191.765482
88 374 191.175312
90 374 190.593809
92 374 190.021051
94 374 189.457119
96 374 188.902091
98 374 188.356046
100 374 187.819062
102 374 187.291217
104 374 186.772589
106 374 186.263255
108 374 185.763290
110 374 185.272772
112 374 184.791775
114 374 184.320373
116 374 183.858641
118 374 183.406652
120 374 182.964477
122 374 182.532189
124 374 182.109857
126 374 181.697551
128 374 181.295339
130 374 180.903289
132 374 180.521467
134 374 180.149938
136 374 179.788765
138 374 179.438012
140 374 179.097739
142 374 178.768006
144 374 178.448872
146 374 178.140394
148 374 177.842627
150 374 177.555625
152 374 177.279440
154 374 177.014124
156 374 176.759724
158 374 176.516288
160 374 176.283862
162 374 176.062489
164 374 175.852211
166 374 175.653067
168 374 175.465096
170 374 175.288334
172 374 175.122814
174 374 174.968569
176 374 174.825627
178 374 174.694018
180 374 174.573767
182 374 174.464896
184 374 174.367428
186 374 174.281382
188 374 174.206774
190 374 174.143619
192 374 174.091930
194 374 174.051716
196 374 174.022987
198 374 174.005747
200 374 174.000000
202 374 174.005747
204 374 174.022987
206 374 174.051716
208 374 174.091930
210 374 174.143619
212 374 174.206774
214 374 174.281382
216 374 174.367428
218 374 174.464896
220 374 174.573767
222 374 174.694018
224 374 174.825627
226 374 174.968569
228 374 175.122814
230 374 175.288334
232 374 175.465096
234 374 175.653067
236 374 175.852211
238 374 176.062489
240 374 176.283862
242 374 176.516288
244 374 176.759724
246 374 177.014124
248 374 177.279440
250 374 177.555625
252 374 177.842627
254 374 178.140394
256 374 178.448872
258 374 178.768006
260 374 179.097739
262 374 179.438012
264 374 179.788765
266 374 180.149938
268 374 180.521467
270 374 180.903289
272 374 181.295339
274 374 181.697551
276 374 182.109857
278 374 182.532189
280 374 182.964477
282 374 183.406652
284 374 183.858641
286 374 184.320373
288 374 184.791775
290 374 185.272772
292 374 185.763290
294 374 186.263255
296 374 186.772589
298 374 187.291217
300 374 187.819062
302 374 188.356046
304 374 188.902091
306 374 189.457119
308 374 190.021051
310 374 190.593809
312 374 191.175312
314 374 191.765482
316 374 192.364238
318 374 192.971500
320 374 193.587190
322 374 194.211225
324 374 194.843527
326 374 195.484015
328 374 196.132608
330 374 196.789227
332 374 197.453792
334 374 198.126222
336 374 198.806439
338 374 199.494361
340 374 200.189910
342 374 200.893006
344 374 201.603571
346 374 202.321526
348 374 203.046793
350 374 203.779292
352 374 204.518948
354 374 205.265681
356 374 206.019417
358 374 206.780076
360 374 207.547585
362 374 208.321866
364 374 209.102846
366 374 209.890448
368 374 210.684598
370 374 211.485224
372 374 212.292251
374 374 213.105608
376 374 213.925221
378 374 214.751019
380 374 215.582931
382 374 216.420886
384 374 217.264815
386 374 218.114649
388 374 218.970318
390 374 219.831754
392 374 220.698890
394 374 221.571659
396 374 222.449994
398 374 223.333831
0 376 225.778653
2 376 224.895531
4 376 224.017856
6 376 223.145692
8 376 222.279104
10 376 221.418156
12 376 220.562916
14 376 219.713450
16 376 218.869824
18 376 218.032108
20 376 217.200368
22 376 216.374675
24 376 215.555097
26 376 214.741705
28 376 213.934569
30 376 213.133761
32 376 212.339351
34 376 211.551412
36 376 210.770017
38 376 209.995238
40 376 209.227149
42 376 208.465825
44 376 207.711338
46 376 206.963765
48 376 206.223180
50 376 205.489659
52 376 204.763278
54 376 204.044113
56 376 203.332240
58 376 202.627737
60 376 201.930681
62 376 201.241149
64 376 200.559218
66 376 199.884967
68 376 199.218473
70 376 198.559815
72 376 197.909070
74 376 197.266317
76 376 196.631635
78 376 196.005102
80 376 195.386796
82 376 194.776795
84 376 194.175179
86 376 193.582024
88 376 192.997409
90 376 192.421413
92 376 191.854111
94 376 191.295583
96 376 190.745904
98 376 190.205152
100 376 189.673404
102 376 189.150734
104 376 188.637218
106 376 188.132932
108 376 187.637949
110 376 187.152344
112 376 186.676190
114 376 186.209559
116 376 185.752524
118 376 185.305154
120 376 184.867520
122 376 184.439692
124 376 184.021738
126 376 183.613725
128 376 183.215720
130 376 182.827788
132 376 182.449993
134 376 182.082399
136 376 181.725067
138 376 181.378058
140 376 181.041432
142 376 180.715246
144 376 180.399557
146 376 180.094420
148 376 179.799889
150 376 179.516016
152 376 179.242852
154 376 178.980446
156 376 178.728845
158 376 178.488095
160 376 178.258240
162 376 178.039321
164 376 177.831381
166 376 177.634456
168 376 177.448584
170 376 177.273800
172 376 177.110135
174 376 176.957622
176 376 176.816289
178 376 176.686162
180 376 176.567268
182 376 176.459627
184 376 176.363261
186 376 176.278189
188 376 176.204427
190 376 176.141988
192 376 176.090886
194 376 176.051129
196 376 176.022726
198 376 176.005682
200 376 176.000000
202 376 176.005682
204 376 176.022726
206 376 176.051129
208 376 176.090886
210 376 176.141988
212 376 176.204427
214 376 176.278189
216 376 176.363261
218 376 176.459627
220 376 176.567268
222 376 176.686162
224 376 176.816289
226 376 176.957622
228 376 177.110135
230 376 177.273800
232 376 177.448584
234 376 177.634456
236 376 177.831381
238 376 178.039321
240 376 178.258240
242 376 178.488095
244 376 178.728845
246 376 178.980446
248 376 179.242852
250 376 179.516016
252 376 179.799889
254 376 180.094420
256 376 180.399557
258 376 180.715246
260 376 181.041432
262 376 181.378058
264 376 181.725067
266 376 182.082399
268 376 182.449993
270 376 182.827788
272 376 183.215720
274 376 183.613725
276 376 184.021738
278 376 184.439692
280 376 184.867520
282 376 185.305154
284 376 185.752524
286 376 186.209559
288 376 186.676190
290 376 187.152344
292 376 187.637949
294 376 188.132932
296 376 188.637218
298 376 189.150734
300 376 189.673404
302 376 190.205152
304 376 190.745904
306 376 191.295583
308 376 191.854111
310 376 192.421413
312 376 192.997409
314 376 193.582024
316 376 194.175179
318 376 194.776795
320 376 195.386796
322 376 196.005102
324 376 196.631635
326 376 197.266317
328 376 197.909070
330 376 198.559815
332 376 199.218473
334 376 199.884967
336 376 200.559218
338 376 201.241149
340 376 201.930681
342 376 202.627737
344 376 203.332240
346 376 204.044113
348 376 204.763278
350 376 205.489659
352 376 206.223180
354 376 206.963765
356 376 207.711338
358 376 208.465825
360 376 209.227149
362 376 209.995238
364 376 210.770017
366 376 211.551412
368 376 212.339351
370 376 213.133761
372 376 213.934569
374 376 214.741705
376 376 215.555097
378 376 216.374675
380 376 217.200368
382 376 218.032108
384 376 218.869824
386 376 219.713450
388 376 220.562916
390 376 221.418156
392 376 222.279104
394 376 223.145692
396 376 224.017856
398 376 224.895531
0 378 227.341153
2 378 226.464125
4 378 225.592553
6 378 224.726500
8 378 223.866031
10 378 223.011210
12 378 222.162103
14 378 221.318775
16 378 220.481292
18 378 219.649721
20 378 218.824130
22 378 218.004587
24 378 217.191160
26 378 216.383918
28 378 215.582931
30 378 214.788268
32 378 214.000000
34 378 213.218198
36 378 212.442934
38 378 211.674278
40 378 210.912304
42 378 210.157084
44 378 209.408691
46 378 208.667199
48 378 207.932681
50 378 207.205212
52 378 206.484866
54 378 205.771718
56 378 205.065843
58 378 204.367316
60 378 203.676214
62 378 202.992611
64 378 202.316584
66 378 201.648209
68 378 200.987562
70 378 200.334720
72 378 199.689759
74 378 199.052757
76 378 198.423789
78 378 197.802932
80 378 197.190263
82 378 196.585859
84 378 195.989796
86 378 195.402149
88 378 194.822997
90 378 194.252413
92 378 193.690475
94 378 193.137257
96 378 192.592835
98 378 192.057283
100 378 191.530676
102 378 191.013089
104 378 190.504593
106 378 190.005263
108 378 189.515171
110 378 189.034388
112 378 188.562987
114 378 188.101037
116 378 187.648608
118 378 187.205769
120 378 186.772589
122 378 186.349135
124 378 185.935473
126 378 185.531668
128 378 185.137787
130 378 184.753890
132 378 184.380042
134 378 184.016304
136 378 183.662734
138 378 183.319393
140 378 182.986338
142 378 182.663625
144 378 182.351309
146 378 182.049444
148 378 181.758081
150 378 181.477271
152 378 181.207064
154 378 180.947506
156 378 180.698644
158 378 180.460522
160 378 180.233182
162 378 180.016666
164 378 179.811012
166 378 179.616258
168 378 179.432439
170 378 179.259588
172 378 179.097739
174 378 178.946920
176 378 178.807159
178 378 178.678482
180 378 178.560914
182 378 178.454476
184 378 178.359188
186 378 178.275068
188 378 178.202132
190 378 178.140394
192 378 178.089865
194 378 178.050555
196 378 178.022470
198 378 178.005618
200 378 178.000000
202 378 178.005618
204 378 178.022470
206 378 178.050555
208 378 178.089865
210 378 178.140394
212 378 178.202132
214 378 178.275068
216 378 178.359188
218 378 178.454476
220 378 178.560914
222 378 178.678482
224 378 178.807159
226 378 178.946920
228 378 179.097739
230 378 179.259588
232 378 179.432439
234 378 179.616258
236 378 179.811012
238 378 180.016666
240 378 180.233182
242 378 180.460522
244 378 180.698644
246 378 180.947506
248 378 181.207064
250 378 181.477271
252 378 181.758081
254 378 182.049444
256 378 182.351309
258 378 182.663625
260 378 182.986338
262 378 183.319393
264 378 183.662734
266 378 184.016304
268 378 184.380042
270 378 184.753890
272 378 185.137787
274 378 185.531668
276 378 185.935473
278 378 186.349135
280 378 186.772589
282 378 187.205769
284 378 187.648608
286 378 188.101037
288 378 188.562987
290 378 189.034388
292 378 189.515171
294 378 190.005263
296 378 190.504593
298 378 191.013089
300 378 191.530676
302 378 192.057283
304 378 192.592835
306 378 193.137257
308 378 193.690475
310 378 194.252413
312 378 194.822997
314 378 195.402149
316 378 195.989796
318 378 196.585859
320 378 197.190263
322 378 197.802932
324 378 198.423789
326 378 199.052757
328 378 199.689759
330 378 200.334720
332 378 200.987562
334 378 201.648209
336 378 202.316584
338 378 202.992611
340 378 203.676214
342 378 204.367316
344 378 205.065843
346 378 205.771718
348 378 206.484866
350 378 207.205212
352 378 207.932681
354 378 208.667199
356 378 209.408691
358 378 210.157084
360 378 210.912304
362 378 211.674278
364 378 212.442934
366 378 213.218198
368 378 214.000000
370 378 214.788268
372 378 215.582931
374 378 216.383918
376 378 217.191160
378 378 218.004587
380 378 218.824130
382 378 219.649721
384 378 220.481292
386 378 221.318775
388 378 222.162103
390 378 223.011210
392 378 223.866031
394 378 224.726500
396 378 225.592553
398 378 226.464125
0 380 228.910463
2 380 228.039470
4 380 227.173942
6 380 226.313941
8 380 225.459531
10 380 224.610774
12 380 223.767737
14 380 222.930482
16 380 222.099077
18 380 221.273586
20 380 220.454077
22 380 219.640616
24 380 218.833270
26 380 218.032108
28 380 217.237198
30 380 216.448608
32 380 215.666409
34 380 214.890670
36 380 214.121461
38 380 213.358853
40 380 212.602916
42 380 211.853723
44 380 211.111345
46 380 210.375854
48 380 209.647323
50 380 208.925824
52 380 208.211431
54 380 207.504217
56 380 206.804255
58 380 206.111620
60 380 205.426386
62 380 204.748626
64 380 204.078416
66 380 203.415830
68 380 202.760943
70 380 202.113829
72 380 201.474564
74 380 200.843222
76 380 200.219879
78 380 199.604609
80 380 198.997487
82 380 198.398589
84 380 197.807988
86 380 197.225759
88 380 196.651977
90 380 196.086716
92 380 195.530049
94 380 194.982050
96 380 194.442794
98 380 193.912351
100 380 193.390796
102 380 192.878200
104 380 192.374635
106 380 191.880171
108 380 191.394880
110 380 190.918831
112 380 190.452094
114 380 189.994737
116 380 189.546828
118 380 189.108435
120 380 188.679623
122 380 188.260458
124 380 187.851005
126 380 187.451327
128 380 187.061487
130 380 186.681547
132 380 186.311567
134 380 185.951607
136 380 185.601724
138 380 185.261977
140 380 184.932420
142 380 184.613109
144 380 184.304097
146 380 184.005435
148 380 183.717174
150 380 183.439363
152 380 183.172050
154 380 182.915281
156 380 182.669100
158 380 182.433550
160 380 182.208672
162 380 181.994505
164 380 181.791089
166 380 181.598458
168 380 181.416648
170 380 181.245690
172 380 181.085615
174 380 180.936453
176 380 180.798230
178 380 180.670972
180 380 180.554701
182 380 180.449439
184 380 180.355205
186 380 180.272017
188 380 180.199889
190 380 180.138835
192 380 180.088867
194 380 180.049993
196 380 180.022221
198 380 180.005555
200 380 180.000000
202 380 180.005555
204 380 180.022221
206 380 180.049993
208 380 180.088867
210 380 180.138835
212 380 180.199889
214 380 180.272017
216 380 180.355205
218 380 180.449439
220 380 180.554701
222 380 180.670972
224 380 180.798230
226 380 180.936453
228 380 181.085615
230 380 181.245690
232 380 181.416648
234 380 181.598458
236 380 181.791089
238 380 181.994505
240 380 182.208672
242 380 182.433550
244 380 182.669100
246 380 182.915281
248 380 183.172050
250 380 183.439363
252 380 183.717174
254 380 184.005435
256 380 184.304097
258 380 184.613109
260 380 184.932420
262 380 185.261977
264 380 185.601724
266 380 185.951607
268 380 186.311567
270 380 186.681547
272 380 187.061487
274 380 187.451327
276 380 187.851005
278 380 188.260458
280 380 188.679623
282 380 189.108435
284 380 189.546828
286 380 189.994737
288 380 190.452094
290 380 190.918831
292 380 191.394880
294 380 191.880171
296 380 192.374635
298 380 192.878200
300 380 193.390796
302 380 193.912351
304 380 194.442794
306 380 194.982050
308 380 195.530049
310 380 196.086716
312 380 196.651977
314 380 197.225759
316 380 197.807988
318 380 198.398589
320 380 198.997487
322 380 199.604609
324 380 200.219879
326 380 200.843222
328 380 201.474564
330 380 202.113829
332 380 202.760943
334 380 203.415830
336 380 204.078416
338 380 204.748626
340 380 205.426386
342 380 206.111620
344 380 206.804255
346 380 207.504217
348 380 208.211431
350 380 208.925824
352 380 209.647323
354 380 210.375854
356 380 211.111345
358 380 211.853723
360 380 212.602916
362 380 213.358853
364 380 214.121461
366 380 214.890670
368 380 215.666409
370 380 216.448608
372 380 217.237198
374 380 218.032108
376 380 218.833270
378 380 219.640616
380 380 220.454077
382 380 221.273586
384 380 222.099077
386 380 222.930482
388 380 223.767737
390 380 224.610774
392 380 225.459531
394 380 226.313941
396 380 227.173942
398 380 228.039470
0 382 230.486442
2 382 229.621428
4 382 228.761885
6 382 227.907876
8 382 227.059464
10 382 226.216710
12 382 225.379680
14 382 224.548436
16 382 223.723043
18 382 222.903567
20 382 222.090072
22 382 221.282625
24 382 220.481292
26 382 219.686140
28 382 218.897236
30 382 218.114649
32 382 217.338446
34 382 216.568696
36 382 215.805468
38 382 215.048832
40 382 214.298857
42 382 213.555613
44 382 212.819172
46 382 212.089604
48 382 211.366979
50 382 210.651371
52 382 209.942849
54 382 209.241487
56 382 208.547357
58 382 207.860530
60 382 207.181080
62 382 206.509080
64 382 205.844602
66 382 205.187719
68 382 204.538505
70 382 203.897033
72 382 203.263376
74 382 202.637608
76 382 202.019801
78 382 201.410030
80 382 200.808366
82 382 200.214885
84 382 199.629657
86 382 199.052757
88 382 198.484256
90 382 197.924228
92 382 197.372744
94 382 196.829876
96 382 196.295695
98 382 195.770274
100 382 195.253681
102 382 194.745988
104 382 194.247265
106 382 193.757580
108 382 193.277003
110 382 192.805602
112 382 192.343443
114 382 191.890594
116 382 191.447121
118 382 191.013089
120 382 190.588562
122 382 190.173605
124 382 189.768280
126 382 189.372649
128 382 188.986772
130 382 188.610710
132 382 188.244522
134 382 187.888265
136 382 187.541995
138 382 187.205769
140 382 186.879640
142 382 186.563662
144 382 186.257886
146 382 185.962362
148 382 185.677139
150 382 185.402265
152 382 185.137787
154 382 184.883747
156 382 184.640191
158 382 184.407158
160 382 184.184690
162 382 183.972824
164 382 183.771597
166 382 183.581045
168 382 183.401200
170 382 183.232093
172 382 183.073756
174 382 182.926215
176 382 182.789496
178 382 182.663625
180 382 182.548624
182 382 182.444512
184 382 182.351309
186 382 182.269032
188 382 182.197695
190 382 182.137311
192 382 182.087891
194 382 182.049444
196 382 182.021977
198 382 182.005494
200 382 182.000000
202 382 182.005494
204 382 182.021977
206 382 182.049444
208 382 182.087891
210 382 182.137311
212 382 182.197695
214 382 182.269032
216 382 182.351309
218 382 182.444512
220 382 182.548624
222 382 182.663625
224 382 182.789496
226 382 182.926215
228 382 183.073756
230 382 183.232093
232 382 183.401200
234 382 183.581045
236 382 183.771597
238 382 183.972824
240 382 184.184690
242 382 184.407158
244 382 184.640191
246 382 184.883747
248 382 185.137787
250 382 185.402265
252 382 185.677139
254 382 185.962362
256 382 186.257886
258 382 186.563662
260 382 186.879640
262 382 187.205769
264 382 187.541995
266 382 187.888265
268 382 188.244522
270 382 188.610710
272 382 188.986772
274 382 189.372649
276 382 189.768280
278 382 190.173605
280 382 190.588562
282 382 191.013089
284 382 191.447121
286 382 191.890594
288 382 192.343443
290 382 192.805602
292 382 193.277003
294 382 193.757580
296 382 194.247265
298 382 194.745988
300 382 195.253681
302 382 195.770274
304 382 196.295695
306 382 196.829876
308 382 197.372744
310 382 197.924228
312 382 198.484256
314 382 199.052757
316 382 199.629657
318 382 200.214885
320 382 200.808366
322 382 201.410030
324 382 202.019801
326 382 202.637608
328 382 203.263376
330 382 203.897033
332 382 204.538505
334 382 205.187719
336 382 205.844602
338 382 206.509080
340 382 207.181080
342 382 207.860530
344 382 208.547357
346 382 209.241487
348 382 209.942849
350 382 210.651371
352 382 211.366979
354 382 212.089604
356 382 212.819172
358 382 213.555613
360 382 214.298857
362 382 215.048832
364 382 215.805468
366 382 216.568696
368 382 217.338446
370 382 218.114649
372 382 218.897236
374 382 219.686140
376 382 220.481292
378 382 221.282625
380 382 222.090072
382 382 222.903567
384 382 223.723043
386 382 224.548436
388 382 225.379680
390 382 226.216710
392 382 227.059464
394 382 227.907876
396 382 228.761885
398 382 229.621428
0 384 232.068955
2 384 231.209861
4 384 230.356246
6 384 229.508170
8 384 228.665695
10 384 227.828883
12 384 226.997797
14 384 226.172501
16 384 225.353056
18 384 224.539529
20 384 223.731983
22 384 222.930482
24 384 222.135094
26 384 221.345883
28 384 220.562916
30 384 219.786260
32 384 219.015981
34 384 218.252148
36 384 217.494828
38 384 216.744089
40 384 216.000000
42 384 215.262630
44 384 214.532049
46 384 213.808325
48 384 213.091530
50 384 212.381732
52 384 211.679002
54 384 210.983412
56 384 210.295031
58 384 209.613931
60 384 208.940183
62 384 208.273858
64 384 207.615028
66 384 206.963765
68 384 206.320140
70 384 205.684224
72 384 205.056090
74 384 204.435809
76 384 203.823453
78 384 203.219094
80 384 202.622802
82 384 202.034650
84 384 201.454710
86 384 200.883051
88 384 200.319744
90 384 199.764862
92 384 199.218473
94 384 198.680648
96 384 198.151457
98 384 197.630969
100 384 197.119253
102 384 196.616378
104 384 196.122411
106 384 195.637420
108 384 195.161472
110 384 194.694633
112 384 194.236969
114 384 193.788545
116 384 193.349425
118 384 192.919672
120 384 192.499351
122 384 192.088521
124 384 191.687245
126 384 191.295583
128 384 190.913593
130 384 190.541334
132 384 190.178863
134 384 189.826236
136 384 189.483509
138 384 189.150734
140 384 188.827964
142 384 188.515251
144 384 188.212646
146 384 187.920196
148 384 187.637949
150 384 187.365952
152 384 187.104249
154 384 186.852883
156 384 186.611897
158 384 186.381330
160 384 186.161220
162 384 185.951607
164 384 185.752524
166 384 185.564005
168 384 185.386084
170 384 185.218790
172 384 185.062152
174 384 184.916197
176 384 184.780951
178 384 184.656438
180 384 184.542678
182 384 184.439692
184 384 184.347498
186 384 184.266112
188 384 184.195548
190 384 184.135819
192 384 184.086936
194 384 184.048907
196 384 184.021738
198 384 184.005435
200 384 184.000000
202 384 184.005435
204 384 184.021738
206 384 184.048907
208 384 184.086936
210 384 184.135819
212 384 184.195548
214 384 184.266112
216 384 184.347498
218 384 184.439692
220 384 184.542678
222 384 184.656438
224 384 184.780951
226 384 184.916197
228 384 185.062152
230 384 185.218790
232 384 185.386084
234 384 185.564005
236 384 185.752524
238 384 185.951607
240 384 186.161220
242 384 186.381330
244 384 186.611897
246 384 186.852883
248 384 187.104249
250 384 187.365952
252 384 187.637949
254 384 187.920196
256 384 188.212646
258 384 188.515251
260 384 188.827964
262 384 189.150734
264 384 189.483509
266 384 189.826236
268 384 190.178863
270 384 190.541334
272 384 190.913593
274 384 191.295583
276 384 191.687245
278 384 192.088521
280 384 192.499351
282 384 192.919672
284 384 193.349425
286 384 193.788545
288 384 194.236969
290 384 194.694633
292 384 195.161472
294 384 195.637420
296 384 196.122411
298 384 196.616378
300 384 197.119253
302 384 197.630969
304 384 198.151457
306 384 198.680648
308 384 199.218473
310 384 199.764862
312 384 200.319744
314 384 200.883051
316 384 201.454710
318 384 202.034650
320 384 202.622802
322 384 203.219094
324 384 203.823453
326 384 204.435809
328 384 205.056090
330 384 205.684224
332 384 206.320140
334 384 206.963765
336 384 207.615028
338 384 208.273858
340 384 208.940183
342 384 209.613931
344 384 210.295031
346 384 210.983412
348 384 211.679002
350 384 212.381732
352 384 213.091530
354 384 213.808325
356 384 214.532049
358 384 215.262630
360 384 216.000000
362 384 216.744089
364 384 217.494828
366 384 218.252148
368 384 219.015981
370 384 219.786260
372 384 220.562916
374 384 221.345883
376 384 222.135094
378 384 222.930482
380 384 223.731983
382 384 224.539529
384 384 225.353056
386 384 226.172501
388 384 226.997797
390 384 227.828883
392 384 228.665695
394 384 229.508170
396 384 230.356246
398 384 231.209861
0 386 233.657870
2 386 232.804639
4 386 231.956893
6 386 231.114690
8 386 230.278093
10 386 229.447162
12 386 228.621959
14 386 227.802546
16 386 226.988987
18 386 226.181343
20 386 225.379680
22 386 224.584060
24 386 223.794549
26 386 223.011210
28 386 222.234111
30 386 221.463315
32 386 220.698890
34 386 219.940901
36 386 219.189416
38 386 218.444501
40 386 217.706224
42 386 216.974653
44 386 216.249855
46 386 215.531900
48 386 214.820856
50 386 214.116791
52 386 213.419774
54 386 212.729876
56 386 212.047165
58 386 211.371711
60 386 210.703583
62 386 210.042853
64 386 209.389589
66 386 208.743862
68 386 208.105742
70 386 207.475300
72 386 206.852605
74 386 206.237727
76 386 205.630737
78 386 205.031705
80 386 204.440700
82 386 203.857794
84 386 203.283054
86 386 202.716551
88 386 202.158354
90 386 201.608532
92 386 201.067153
94 386 200.534286
96 386 200.010000
98 386 199.494361
100 386 198.987437
102 386 198.489294
104 386 198.000000
106 386 197.519619
108 386 197.048217
110 386 196.585859
112 386 196.132608
114 386 195.688528
116 386 195.253681
118 386 194.828129
120 386 194.411934
122 386 194.005155
124 386 193.607851
126 386 193.220082
128 386 192.841904
130 386 192.473375
132 386 192.114549
134 386 191.765482
136 386 191.426226
138 386 191.096834
140 386 190.777357
142 386 190.467845
144 386 190.168346
146 386 189.878909
148 386 189.599578
150 386 189.330399
152 386 189.071415
154 386 188.822668
156 386 188.584199
158 386 188.356046
160 386 188.138247
162 386 187.930838
164 386 187.733854
166 386 187.547327
168 386 187.371289
170 386 187.205769
172 386 187.050795
174 386 186.906394
176 386 186.772589
178 386 186.649404
180 386 186.536860
182 386 186.434975
184 386 186.343768
186 386 186.263255
188 386 186.193448
190 386 186.134360
192 386 186.086002
194 386 186.048381
196 386 186.021504
198 386 186.005376
200 386 186.000000
202 386 186.005376
204 386 186.021504
206 386 186.048381
208 386 186.086002
210 386 186.134360
212 386 186.193448
214 386 186.263255
216 386 186.343768
218 386 186.434975
220 386 186.536860
222 386 186.649404
224 386 186.772589
226 386 186.906394
228 386 187.050795
230 386 187.205769
232 386 187.371289
234 386 187.547327
236 386 187.733854
238 386 187.930838
240 386 188.138247
242 386 188.356046
244 386 188.584199
246 386 188.822668
248 386 189.071415
250 386 189.330399
252 386 189.599578
254 386 189.878909
256 386 190.168346
258 386 190.467845
260 386 190.777357
262 386 191.096834
264 386 191.426226
266 386 191.765482
268 386 192.114549
270 386 192.473375
272 386 192.841904
274 386 193.220082
276 386 193.607851
278 386 194.005155
280 386 194.411934
282 386 194.828129
284 386 195.253681
286 386 195.688528
288 386 196.132608
290 386 196.585859
292 386 197.048217
294 386 197.519619
296 386 198.000000
298 386 198.489294
300 386 198.987437
302 386 199.494361
304 386 200.010000
306 386 200.534286
308 386 201.067153
310 386 201.608532
312 386 202.158354
314 386 202.716551
316 386 203.283054
318 386 203.857794
320 386 204.440700
322 386 205.031705
324 386 205.630737
326 386 206.237727
328 386 206.852605
330 386 207.475300
332 386 208.105742
334 386 208.743862
336 386 209.389589
338 386 210.042853
340 386 210.703583
342 386 211.371711
344 386 212.047165
346 386 212.729876
348 386 213.419774
350 386 214.116791
352 386 214.820856
354 386 215.531900
356 386 216.249855
358 386 216.974653
360 386 217.706224
362 386 218.444501
364 386 219.189416
366 386 219.940901
368 386 220.698890
370 386 221.463315
372 386 222.234111
374 386 223.011210
376 386 223.794549
378 386 224.584060
380 386 225.379680
382 386 226.181343
384 386 226.988987
386 386 227.802546
388 386 228.621959
390 386 229.447162
392 386 230.278093
394 386 231.114690
396 386 231.956893
398 386 232.804639
0 388 235.253055
2 388 234.405631
4 388 233.563696
6 388 232.727308
8 388 231.896529
10 388 231.071418
12 388 230.252036
14 388 229.438445
16 388 228.630707
18 388 227.828883
20 388 227.033037
22 388 226.243232
24 388 225.459531
26 388 224.681997
28 388 223.910696
30 388 223.145692
32 388 222.387050
34 388 221.634835
36 388 220.889112
38 388 220.149949
40 388 219.417410
42 388 218.691564
44 388 217.972475
46 388 217.260213
48 388 216.554843
50 388 215.856434
52 388 215.165053
54 388 214.480768
56 388 213.803648
58 388 213.133761
60 388 212.471175
62 388 211.815958
64 388 211.168179
66 388 210.527908
68 388 209.895212
70 388 209.270160
72 388 208.652822
74 388 208.043265
76 388 207.441558
78 388 206.847770
80 388 206.261969
82 388 205.684224
84 388 205.114602
86 388 204.553172
88 388 204.000000
90 388 203.455155
92 388 202.918703
94 388 202.390711
96 388 201.871246
98 388 201.360373
100 388 200.858159
102 388 200.364668
104 388 199.879964
106 388 199.404112
108 388 198.937176
110 388 198.479218
112 388 198.030301
114 388 197.590486
116 388 197.159834
118 388 196.738405
120 388 196.326259
122 388 195.923454
124 388 195.530049
126 388 195.146099
128 388 194.771661
130 388 194.406790
132 388 194.051540
134 388 193.705963
136 388 193.370111
138 388 193.044036
140 388 192.727787
142 388 192.421413
144 388 192.124959
146 388 191.838474
148 388 191.562000
150 388 191.295583
152 388 191.039263
154 388 190.793082
156 388 190.557078
158 388 190.331290
160 388 190.115754
162 388 189.910505
164 388 189.715577
166 388 189.531000
168 388 189.356806
170 388 189.193023
172 388 189.039678
174 388 188.896797
176 388 188.764403
178 388 188.642519
180 388 188.531165
182 388 188.430358
184 388 188.340118
186 388 188.260458
188 388 188.191392
190 388 188.132932
192 388 188.085087
194 388 188.047866
196 388 188.021275
198 388 188.005319
200 388 188.000000
202 388 188.005319
204 388 188.021275
206 388 188.047866
208 388 188.085087
210 388 188.132932
212 388 188.191392
214 388 188.260458
216 388 188.340118
218 388 188.430358
220 388 188.531165
222 388 188.642519
224 388 188.764403
226 388 188.896797
228 388 189.039678
230 388 189.193023
232 388 189.356806
234 388 189.531000
236 388 189.715577
238 388 189.910505
240 388 190.115754
242 388 190.331290
244 388 190.557078
246 388 190.793082
248 388 191.039263
250 388 191.295583
252 388 191.562000
254 388 191.838474
256 388 192.124959
258 388 192.421413
260 388 192.727787
262 388 193.044036
264 388 193.370111
266 388 193.705963
268 388 194.051540
270 388 194.406790
272 388 194.771661
274 388 195.146099
276 388 195.530049
278 388 195.923454
280 388 196.326259
282 388 196.738405
284 388 197.159834
286 388 197.590486
288 388 198.030301
290 388 198.479218
292 388 198.937176
294 388 199.404112
296 388 199.879964
298 388 200.364668
300 388 200.858159
302 388 201.360373
304 388 201.871246
306 388 202.390711
308 388 202.918703
310 388 203.455155
312 388 204.000000
314 388 204.553172
316 388 205.114602
318 388 205.684224
320 388 206.261969
322 388 206.847770
324 388 207.441558
326 388 208.043265
328 388 208.652822
330 388 209.270160
332 388 209.895212
334 388 210.527908
336 388 211.168179
338 388 211.815958
340 388 212.471175
342 388 213.133761
344 388 213.803648
346 388 214.480768
348 388 215.165053
350 388 215.856434
352 388 216.554843
354 388 217.260213
356 388 217.972475
358 388 218.691564
360 388 219.417410
362 388 220.149949
364 388 220.889112
366 388 221.634835
368 388 222.387050
370 388 223.145692
372 388 223.910696
374 388 224.681997
376 388 225.459531
378 388 226.243232
380 388 227.033037
382 388 227.828883
384 388 228.630707
386 388 229.438445
388 388 230.252036
390 388 231.071418
392 388 231.896529
394 388 232.727308
396 388 233.563696
398 388 234.405631
0 390 236.854386
2 390 236.012712
4 390 235.176529
6 390 234.345898
8 390 233.520877
10 390 232.701526
12 390 231.887904
14 390 231.080073
16 390 230.278093
18 390 229.482025
20 390 228.691933
22 390 227.907876
24 390 227.129919
26 390 226.358123
28 390 225.592553
30 390 224.833272
32 390 224.080343
34 390 223.333831
36 390 222.593800
38 390 221.860316
40 390 221.133444
42 390 220.413248
44 390 219.699795
46 390 218.993151
48 390 218.293381
50 390 217.600551
52 390 216.914730
54 390 216.235982
56 390 215.564376
58 390 214.899977
60 390 214.242853
62 390 213.593071
64 390 212.950699
66 390 212.315803
68 390 211.688450
70 390 211.068709
72 390 210.456646
74 390 209.852329
76 390 209.255824
78 390 208.667199
80 390 208.086520
82 390 207.513855
84 390 206.949269
86 390 206.392829
88 390 205.844602
90 390 205.304652
92 390 204.773045
94 390 204.249847
96 390 203.735122
98 390 203.228935
100 390 202.731349
102 390 202.242429
104 390 201.762236
106 390 201.290834
108 390 200.828285
110 390 200.374649
112 390 199.929988
114 390 199.494361
116 390 199.067828
118 390 198.650447
120 390 198.242276
122 390 197.843372
124 390 197.453792
126 390 197.073590
128 390 196.702822
130 390 196.341539
132 390 195.989796
134 390 195.647642
136 390 195.315130
138 390 194.992308
140 390 194.679223
142 390 194.375924
144 390 194.082457
146 390 193.798865
148 390 193.525192
150 390 193.261481
152 390 193.007772
154 390 192.764105
156 390 192.530517
158 390 192.307046
160 390 192.093727
162 390 191.890594
164 390 191.697679
166 390 191.515012
168 390 191.342625
170 390 191.180543
172 390 191.028794
174 390 190.887401
176 390 190.756389
178 390 190.635778
180 390 190.525589
182 390 190.425839
184 390 190.336544
186 390 190.257720
188 390 190.189379
190 390 190.131533
192 390 190.084192
194 390 190.047363
196 390 190.021051
198 390 190.005263
200 390 190.000000
202 390 190.005263
204 390 190.021051
206 390 190.047363
208 390 190.084192
210 390 190.131533
212 390 190.189379
214 390 190.257720
216 390 190.336544
218 390 190.425839
220 390 190.525589
222 390 190.635778
224 390 190.756389
226 390 190.887401
228 390 191.028794
230 390 191.180543
232 390 191.342625
234 390 191.515012
236 390 191.697679
238 390 191.890594
240 390 192.093727
242 390 192.307046
244 390 192.530517
246 390 192.764105
248 390 193.007772
250 390 193.261481
252 390 193.525192
254 390 193.798865
256 390 194.082457
258 390 194.375924
260 390 194.679223
262 390 194.992308
264 390 195.315130
266 390 195.647642
268 390 195.989796
270 390 196.341539
272 390 196.702822
274 390 197.073590
276 390 197.453792
278 390 197.843372
280 390 198.242276
282 390 198.650447
284 390 199.067828
286 390 199.494361
288 390 199.929988
290 390 200.374649
292 390 200.828285
294 390 201.290834
296 390 201.762236
298 390 202.242429
300 390 202.731349
302 390 203.228935
304 390 203.735122
306 390 204.249847
308 390 204.773045
310 390 205.304652
312 390 205.844602
314 390 206.392829
316 390 206.949269
318 390 207.513855
320 390 208.086520
322 390 208.667199
324 390 209.255824
326 390 209.852329
328 390 210.456646
330 390 211.068709
332 390 211.688450
334 390 212.315803
336 390 212.950699
338 390 213.593071
340 390 214.242853
342 390 214.899977
344 390 215.564376
346 390 216.235982
348 390 216.914730
350 390 217.600551
352 390 218.293381
354 390 218.993151
356 390 219.699795
358 390 220.413248
360 390 221.133444
362 390 221.860316
364 390 222.593800
366 390 223.333831
368 390 224.080343
370 390 224.833272
372 390 225.592553
374 390 226.358123
376 390 227.129919
378 390 227.907876
380 390 228.691933
382 390 229.482025
384 390 230.278093
386 390 231.080073
388 390 231.887904
390 390 232.701526
392 390 233.520877
394 390 234.345898
396 390 235.176529
398 390 236.012712
0 392 238.461737
2 392 237.625756
4 392 236.795270
6 392 235.970337
8 392 235.151015
10 392 234.337364
12 392 233.529441
14 392 232.727308
16 392 231.931024
18 392 231.140650
20 392 230.356246
22 392 229.577873
24 392 228.805594
26 392 228.039470
28 392 227.279564
30 392 226.525937
32 392 225.778653
34 392 225.037775
36 392 224.303366
38 392 223.575491
40 392 222.854212
42 392 222.139596
44 392 221.431705
46 392 220.730605
48 392 220.036361
50 392 219.349037
52 392 218.668699
54 392 217.995413
56 392 217.329243
58 392 216.670256
60 392 216.018518
62 392 215.374093
64 392 214.737049
66 392 214.107450
68 392 213.485362
70 392 212.870853
72 392 212.263987
74 392 211.664829
76 392 211.073447
78 392 210.489905
80 392 209.914268
82 392 209.346603
84 392 208.786973
86 392 208.235444
88 392 207.692080
90 392 207.156945
92 392 206.630104
94 392 206.111620
96 392 205.601556
98 392 205.099976
100 392 204.606940
102 392 204.122512
104 392 203.646753
106 392 203.179723
108 392 202.721484
110 392 202.272094
112 392 201.831613
114 392 201.400099
116 392 200.977611
118 392 200.564204
120 392 200.159936
122 392 199.764862
124 392 199.379036
126 392 199.002513
128 392 198.635344
130 392 198.277583
132 392 197.929280
134 392 197.590486
136 392 197.261248
138 392 196.941616
140 392 196.631635
142 392 196.331353
144 392 196.040812
146 392 195.760057
148 392 195.489130
150 392 195.228072
152 392 194.976922
154 392 194.735718
156 392 194.504499
158 392 194.283298
160 392 194.072152
162 392 193.871091
164 392 193.680149
166 392 193.499354
168 392 193.328736
170 392 193.168320
172 392 193.018134
174 392 192.878200
176 392 192.748541
178 392 192.629177
180 392 192.520129
182 392 192.421413
184 392 192.333044
186 392 192.255039
188 392 192.187409
190 392 192.130164
192 392 192.083315
194 392 192.046869
196 392 192.020832
198 392 192.005208
200 392 192.000000
202 392 192.005208
204 392 192.020832
206 392 192.046869
208 392 192.083315
210 392 192.130164
212 392 192.187409
214 392 192.255039
216 392 192.333044
218 392 192.421413
220 392 192.520129
222 392 192.629177
224 392 192.748541
226 392 192.878200
228 392 193.018134
230 392 193.168320
232 392 193.328736
234 392 193.499354
236 392 193.680149
238 392 193.871091
240 392 194.072152
242 392 194.283298
244 392 194.504499
246 392 194.735718
248 392 194.976922
250 392 195.228072
252 392 195.489130
254 392 195.760057
256 392 196.040812
258 392 196.331353
260 392 196.631635
262 392 196.941616
264 392 197.261248
266 392 197.590486
268 392 197.929280
270 392 198.277583
272 392 198.635344
274 392 199.002513
276 392 199.379036
278 392 199.764862
280 392 200.159936
282 392 200.564204
284 392 200.977611
286 392 201.400099
288 392 201.831613
290 392 202.272094
292 392 202.721484
294 392 203.179723
296 392 203.646753
298 392 204.122512
300 392 204.606940
302 392 205.099976
304 392 205.601556
306 392 206.111620
308 392 206.630104
310 392 207.156945
312 392 207.692080
314 392 208.235444
316 392 208.786973
318 392 209.346603
320 392 209.914268
322 392 210.489905
324 392 211.073447
326 392 211.664829
328 392 212.263987
330 392 212.870853
332 392 213.485362
334 392 214.107450
336 392 214.737049
338 392 215.374093
340 392 216.018518
342 392 216.670256
344 392 217.329243
346 392 217.995413
348 392 218.668699
350 392 219.349037
352 392 220.036361
354 392 220.730605
356 392 221.431705
358 392 222.139596
360 392 222.854212
362 392 223.575491
364 392 224.303366
366 392 225.037775
368 392 225.778653
370 392 226.525937
372 392 227.279564
374 392 228.039470
376 392 228.805594
378 392 229.577873
380 392 230.356246
382 392 231.140650
384 392 231.931024
386 392 232.727308
388 392 233.529441
390 392 234.337364
392 392 235.151015
394 392 235.970337
396 392 236.795270
398 392 237.625756
0 394 240.074988
2 394 239.244645
4 394 238.419798
6 394 237.600505
8 394 236.786824
10 394 235.978813
12 394 235.176529
14 394 234.380033
16 394 233.589383
18 394 232.804639
20 394 232.025861
22 394 231.253108
24 394 230.486442
26 394 229.725924
28 394 228.971614
30 394 228.223575
32 394 227.481867
34 394 226.746555
36 394 226.017698
38 394 225.295362
40 394 224.579607
42 394 223.870498
44 394 223.168098
46 394 222.472470
48 394 221.783678
50 394 221.101787
52 394 220.426859
54 394 219.758959
56 394 219.098152
58 394 218.444501
60 394 217.798072
62 394 217.158928
64 394 216.527135
66 394 215.902756
68 394 215.285856
70 394 214.676501
72 394 214.074753
74 394 213.480678
76 394 212.894340
78 394 212.315803
80 394 211.745130
82 394 211.182386
84 394 210.627634
86 394 210.080937
88 394 209.542358
90 394 209.011961
92 394 208.489808
94 394 207.975960
96 394 207.470480
98 394 206.973428
100 394 206.484866
102 394 206.004854
104 394 205.533452
106 394 205.070720
108 394 204.616715
110 394 204.171497
112 394 203.735122
114 394 203.307649
116 394 202.889132
118 394 202.479629
120 394 202.079192
122 394 201.687878
124 394 201.305738
126 394 200.932825
128 394 200.569190
130 394 200.214885
132 394 199.869958
134 394 199.534458
136 394 199.208434
138 394 198.891930
140 394 198.584994
142 394 198.287670
144 394 198.000000
146 394 197.722027
148 394 197.453792
150 394 197.195335
152 394 196.946693
154 394 196.707905
156 394 196.479007
158 394 196.260032
160 394 196.051014
162 394 195.851985
164 394 195.662976
166 394 195.484015
168 394 195.315130
170 394 195.156348
172 394 195.007692
174 394 194.869187
176 394 194.740853
178 394 194.622712
180 394 194.514781
182 394 194.417077
184 394 194.329617
186 394 194.252413
188 394 194.185478
190 394 194.128823
192 394 194.082457
194 394 194.046386
196 394 194.020617
198 394 194.005155
200 394 194.000000
202 394 194.005155
204 394 194.020617
206 394 194.046386
208 394 194.082457
210 394 194.128823
212 394 194.185478
214 394 194.252413
216 394 194.329617
218 394 194.417077
220 394 194.514781
222 394 194.622712
224 394 194.740853
226 394 194.869187
228 394 195.007692
230 394 195.156348
232 394 195.315130
234 394 195.484015
236 394 195.662976
238 394 195.851985
240 394 196.051014
242 394 196.260032
244 394 196.479007
246 394 196.707905
248 394 196.946693
250 394 197.195335
252 394 197.453792
254 394 197.722027
256 394 198.000000
258 394 198.287670
260 394 198.584994
262 394 198.891930
264 394 199.208434
266 394 199.534458
268 394 199.869958
270 394 200.214885
272 394 200.569190
274 394 200.932825
276 394 201.305738
278 394 201.687878
280 394 202.079192
282 394 202.479629
284 394 202.889132
286 394 203.307649
288 394 203.735122
290 394 204.171497
292 394 204.616715
294 394 205.070720
296 394 205.533452
298 394 206.004854
300 394 206.484866
302 394 206.973428
304 394 207.470480
306 394 207.975960
308 394 208.489808
310 394 209.011961
312 394 209.542358
314 394 210.080937
316 394 210.627634
318 394 211.182386
320 394 211.745130
322 394 212.315803
324 394 212.894340
326 394 213.480678
328 394 214.074753
330 394 214.676501
332 394 215.285856
334 394 215.902756
336 394 216.527135
338 394 217.158928
340 394 217.798072
342 394 218.444501
344 394 219.098152
346 394 219.758959
348 394 220.426859
350 394 221.101787
352 394 221.783678
354 394 222.472470
356 394 223.168098
358 394 223.870498
360 394 224.579607
362 394 225.295362
364 394 226.017698
366 394 226.746555
368 394 227.481867
370 394 228.223575
372 394 228.971614
374 394 229.725924
376 394 230.486442
378 394 231.253108
380 394 232.025861
382 394 232.804639
384 394 233.589383
386 394 234.380033
388 394 235.176529
390 394 235.978813
392 394 236.786824
394 394 237.600505
396 394 238.419798
398 394 239.244645
0 396 241.694021
2 396 240.869259
4 396 240.049995
6 396 239.236285
8 396 238.428186
10 396 237.625756
12 396 236.829052
14 396 236.038133
16 396 235.253055
18 396 234.473879
20 396 233.700663
22 396 232.933467
24 396 232.172350
26 396 231.417372
28 396 230.668593
30 396 229.926075
32 396 229.189878
34 396 228.460062
36 396 227.736690
38 396 227.019823
40 396 226.309523
42 396 225.605851
44 396 224.908870
46 396 224.218643
48 396 223.535232
50 396 222.858700
52 396 222.189109
54 396 221.526522
56 396 220.871003
58 396 220.222615
60 396 219.581420
62 396 218.947482
64 396 218.320865
66 396 217.701631
68 396 217.089843
70 396 216.485565
72 396 215.888860
74 396 215.299791
76 396 214.718420
78 396 214.144811
80 396 213.579025
82 396 213.021126
84 396 212.471175
86 396 211.929233
88 396 211.395364
90 396 210.869628
92 396 210.352086
94 396 209.842798
96 396 209.341826
98 396 208.849228
100 396 208.365064
102 396 207.889394
104 396 207.422275
106 396 206.963765
108 396 206.513922
110 396 206.072803
112 396 205.640463
114 396 205.216958
116 396 204.802344
118 396 204.396673
120 396 204.000000
122 396 203.612377
124 396 203.233855
126 396 202.864487
128 396 202.504321
130 396 202.153407
132 396 201.811794
134 396 201.479527
136 396 201.156655
138 396 200.843222
140 396 200.539273
142 396 200.244850
144 396 199.959996
146 396 199.684752
148 396 199.419157
150 396 199.163250
152 396 198.917068
154 396 198.680648
156 396 198.454025
158 396 198.237232
160 396 198.030301
162 396 197.833263
164 396 197.646148
166 396 197.468985
168 396 197.301799
170 396 197.144617
172 396 196.997462
174 396 196.860357
176 396 196.733322
178 396 196.616378
180 396 196.509542
182 396 196.412831
184 396 196.326259
186 396 196.249841
188 396 196.183587
190 396 196.127510
192 396 196.081616
194 396 196.045913
196 396 196.020407
198 396 196.005102
200 396 196.000000
202 396 196.005102
204 396 196.020407
206 396 196.045913
208 396 196.081616
210 396 196.127510
212 396 196.183587
214 396 196.249841
216 396 196.326259
218 396 196.412831
220 396 196.509542
222 396 196.616378
224 396 196.733322
226 396 196.860357
228 396 196.997462
230 396 197.144617
232 396 197.301799
234 396 197.468985
236 396 197.646148
238 396 197.833263
240 396 198.030301
242 396 198.237232
244 396 198.454025
246 396 198.680648
248 396 198.917068
250 396 199.163250
252 396 199.419157
254 396 199.684752
256 396 199.959996
258 396 200.244850
260 396 200.539273
262 396 200.843222
264 396 201.156655
266 396 201.479527
268 396 201.811794
270 396 202.153407
272 396 202.504321
274 396 202.864487
276 396 203.233855
278 396 203.612377
280 396 204.000000
282 396 204.396673
284 396 204.802344
286 396 205.216958
288 396 205.640463
290 396 206.072803
292 396 206.513922
294 396 206.963765
296 396 207.422275
298 396 207.889394
300 396 208.365064
302 396 208.849228
304 396 209.341826
306 396 209.842798
308 396 210.352086
310 396 210.869628
312 396 211.395364
314 396 211.929233
316 396 212.471175
318 396 213.021126
320 396 213.579025
322 396 214.144811
324 396 214.718420
326 396 215.299791
328 396 215.888860
330 396 216.485565
332 396 217.089843
334 396 217.701631
336 396 218.320865
338 396 218.947482
340 396 219.581420
342 396 220.222615
344 396 220.871003
346 396 221.526522
348 396 222.189109
350 396 222.858700
352 396 223.535232
354 396 224.218643
356 396 224.908870
358 396 225.605851
360 396 226.309523
362 396 227.019823
364 396 227.736690
366 396 228.460062
368 396 229.189878
370 396 229.926075
372 396 230.668593
374 396 231.417372
376 396 232.172350
378 396 232.933467
380 396 233.700663
382 396 234.473879
384 396 235.253055
386 396 236.038133
388 396 236.829052
390 396 237.625756
392 396 238.428186
394 396 239.236285
396 396 240.049995
398 396 240.869259
0 398 243.318721
2 398 242.499485
4 398 241.685746
6 398 240.877562
8 398 240.074988
10 398 239.278081
12 398 238.486897
14 398 237.701493
16 398 236.921928
18 398 236.148259
20 398 235.380543
22 398 234.618840
24 398 233.863208
26 398 233.113706
28 398 232.370394
30 398 231.633331
32 398 230.902577
34 398 230.178192
36 398 229.460236
38 398 228.748770
40 398 228.043855
42 398 227.345552
44 398 226.653921
46 398 225.969024
48 398 225.290923
50 398 224.619679
52 398 223.955353
54 398 223.298007
56 398 222.647704
58 398 222.004504
60 398 221.368471
62 398 220.739666
64 398 220.118150
66 398 219.503986
68 398 218.897236
70 398 218.297962
72 398 217.706224
74 398 217.122085
76 398 216.545607
78 398 215.976851
80 398 215.415877
82 398 214.862747
84 398 214.317521
86 398 213.780261
88 398 213.251026
90 398 212.729876
92 398 212.216870
94 398 211.712069
96 398 211.215530
98 398 210.727312
100 398 210.247473
102 398 209.776071
104 398 209.313163
106 398 208.858804
108 398 208.413051
110 398 207.975960
112 398 207.547585
114 398 207.127980
116 398 206.717198
118 398 206.315293
120 398 205.922315
122 398 205.538318
124 398 205.163350
126 398 204.797461
128 398 204.440700
130 398 204.093116
132 398 203.754755
134 398 203.425662
136 398 203.105884
138 398 202.795463
140 398 202.494444
142 398 202.202868
144 398 201.920777
146 398 201.648209
148 398 201.385203
150 398 201.131798
152 398 200.888029
154 398 200.653931
156 398 200.429539
158 398 200.214885
160 398 200.010000
162 398 199.814914
164 398 199.629657
166 398 199.454255
168 398 199.288735
170 398 199.133121
172 398 198.987437
174 398 198.851704
176 398 198.725942
178 398 198.610171
180 398 198.504408
182 398 198.408669
184 398 198.322969
186 398 198.247320
188 398 198.181735
190 398 198.126222
192 398 198.080792
194 398 198.045449
196 398 198.020201
198 398 198.005050
200 398 198.000000
202 398 198.005050
204 398 198.020201
206 398 198.045449
208 398 198.080792
210 398 198.126222
212 398 198.181735
214 398 198.247320
216 398 198.322969
218 398 198.408669
220 398 198.504408
222 398 198.610171
224 398 198.725942
226 398 198.851704
228 398 198.987437
230 398 199.133121
232 398 199.288735
234 398 199.454255
236 398 199.629657
238 398 199.814914
240 398 200.010000
242 398 200.214885
244 398 200.429539
246 398 200.653931
248 398 200.888029
250 398 201.131798
252 398 201.385203
254 398 201.648209
256 398 201.920777
258 398 202.202868
260 398 202.494444
262 398 202.795463
264 398 203.105884
266 398 203.425662
268 398 203.754755
270 398 204.093116
272 398 204.440700
274 398 204.797461
276 398 205.163350
278 398 205.538318
280 398 205.922315
282 398 206.315293
284 398 206.717198
286 398 207.127980
288 398 207.547585
290 398 207.975960
292 398 208.413051
294 398 208.858804
296 398 209.313163
298 398 209.776071
300 398 210.247473
302 398 210.727312
304 398 211.215530
306 398 211.712069
308 398 212.216870
310 398 212.729876
312 398 213.251026
314 398 213.780261
316 398 214.317521
318 398 214.862747
320 398 215.415877
322 398 215.976851
324 398 216.545607
326 398 217.122085
328 398 217.706224
330 398 218.297962
332 398 218.897236
334 398 219.503986
336 398 220.118150
338 398 220.739666
340 398 221.368471
342 398 222.004504
344 398 222.647704
346 398 223.298007
348 398 223.955353
350 398 224.619679
352 398 225.290923
354 398 225.969024
356 398 226.653921
358 398 227.345552
360 398 228.043855
362 398 228.748770
364 398 229.460236
366 398 230.178192
368 398 230.902577
370 398 231.633331
372 398 232.370394
374 398 233.113706
376 398 233.863208
378 398 234.618840
380 398 235.380543
382 398 236.148259
384 398 236.921928
386 398 237.701493
388 398 238.486897
390 398 239.278081
392 398 240.074988
394 398 240.877562
396 398 241.685746
398 398 242.499485
