111.713210
116.936351
107.985883
97.261271
107.766149
91.129899
113.458055
104.706160
109.779557
97.549366
120.250254
82.532631
112.621441
113.920309
121.563771
85.337079
89.918925
100.415664
87.008679
93.887145
83.872190
110.258087
90.799485
117.242350
92.233448
102.098658
107.951702
117.463711
114.144925
129.160032
120.172127
125.286216
103.164772
113.488980
133.113603
88.366143
82.491940
93.649507
106.630047
87.156796
117.359541
100.848620
93.078201
86.707563
132.958976
125.156003
105.282349
126.072372
126.218861
126.853646
115.865355
113.648490
119.770097
127.864419
82.936289
130.143135
86.432490
124.965568
83.794063
87.436752
99.219339
126.438594
131.647087
125.097408
81.865293
107.146013
130.362868
112.789089
108.207243
130.393793
128.906118
120.316988
92.086959
111.555327
103.786536
116.924958
82.775152
111.802731
124.540750
121.539356
114.252350
103.604238
130.550048
132.280244
129.995018
96.338391
120.904571
96.908070
104.974723
96.991081
92.264374
105.881326
86.491085
100.982088
99.759720
109.675387
115.538196
121.409144
95.894042
88.717716
123.674838
131.736608
82.487057
84.246551
87.101456
90.254221
123.954795
111.788082
106.255686
81.318401
116.955883
112.222666
105.908996
101.673841
91.387068
122.138333
104.142992
113.558969
84.399550
125.103918
105.163531
106.262197
95.771968
85.566578
84.306774
94.421015
126.298616
107.002780
80.236012
114.782965
114.201893
96.009605
115.987429
96.387221
91.240579
100.682600
123.875040
92.534564
106.822110
118.240102
129.243042
109.502856
81.811581
113.604544
121.412399
127.061986
100.370090
110.578735
80.146491
132.405574
128.128099
83.960084
119.304588
122.530598
91.725620
100.934886
96.009605
110.046492
108.044478
120.058191
87.013562
87.435125
91.442409
109.522388
120.580668
91.395207
127.367985
106.353346
85.543791
108.978751
93.963644
131.552683
125.916118
127.144996
80.060225
116.164843
95.980308
120.771104
81.158891
126.625775
90.934581
120.753200
95.119279
84.378391
94.702599
103.880939
112.535175
121.428676
119.949138
112.821642
110.116481
126.827604
108.596253
81.202838
128.777533
105.777156
114.545328
92.135789
118.067571
119.659416
90.247711
118.507037
108.623923
95.332501
118.790249
80.040693
127.651197
85.385908
93.169349
118.806525
99.077733
94.302196
111.102840
114.813891
103.410547
105.588348
106.997897
103.400782
118.939993
118.148953
96.136562
82.705163
99.295838
80.288097
86.032087
126.256297
95.695468
116.299939
123.315127
88.986279
105.541146
80.662457
117.790869
88.372653
102.376987
114.856210
125.377364
88.986279
88.867460
121.750951
91.535185
92.166715
94.451941
99.300721
110.246694
112.465186
119.368066
101.821957
93.489997
109.175697
106.685387
117.208169
119.584544
121.326134
104.035567
121.759090
88.714461
81.093785
110.023705
120.945263
113.983787
87.324444
86.987520
117.766455
116.311332
80.826850
115.132911
83.725702
104.855904
129.773657
102.993868
87.405827
91.297547
106.859546
95.939616
122.309237
106.298005
126.585083
117.689955
108.977124
119.822181
97.624238
106.511228
93.040765
120.307222
131.979128
107.787309
100.887684
101.029290
112.556335
111.254211
101.237630
101.983095
107.528512
121.278932
121.033156
108.946198
93.125403
115.132911
110.552693
118.074081
86.530149
104.313895
86.167182
114.345126
110.549437
113.869851
92.350639
112.185230
131.717076
81.411178
84.619283
113.295289
86.832893
130.828377
128.427588
129.983625
86.289256
102.331413
108.986890
129.033075
109.143144
127.213358
93.701592
97.741429
131.642204
115.609813
115.526803
87.166562
110.852181
105.617646
92.272512
114.211659
125.053461
88.777939
90.184232
97.565642
92.575256
86.896371
100.116176
82.504961
117.405115
108.568583
121.314740
129.549041
83.221129
120.377211
94.468217
121.960919
130.888600
87.785070
105.707167
93.774837
107.691277
114.058659
83.191831
106.688642
103.374739
92.182991
101.314129
117.447434
107.924032
124.832100
87.495348
90.781581
106.133612
114.004947
99.938762
106.180814
83.938924
95.350405
131.297141
126.853646
88.193611
92.192757
126.627402
85.887226
81.541390
104.234140
130.607016
117.917826
107.399927
125.937277
132.364882
97.982322
80.037438
116.282034
109.567962
129.254436
88.107346
81.531624
106.792812
127.923015
99.930623
86.015811
103.159889
93.628348
118.900929
85.940938
90.910166
120.411392
103.976971
94.552855
119.914958
83.160906
116.964021
93.652762
89.787085
81.282593
118.215687
93.140052
111.283509
81.199583
85.786311
126.899221
98.605713
106.042464
93.016350
106.711430
107.683139
107.535022
112.881865
122.527342
82.026431
121.731419
90.789719
97.414271
94.539834
110.267853
107.481310
132.208627
120.250254
88.810492
107.023939
128.163908
108.326062
104.356214
131.588491
129.314659
81.696017
129.708551
111.324201
132.840157
125.935649
130.156156
97.676323
115.790483
102.412796
104.006269
95.132300
93.169349
120.730412
85.293132
113.075556
102.363966
112.085943
123.678094
126.088649
88.934194
125.242269
123.210957
84.336072
122.087876
113.436895
88.270111
89.082310
114.843188
87.220274
125.037185
128.279471
117.213052
94.919077
106.796068
127.291485
90.739262
105.671359
111.464179
83.029066
126.062606
110.100205
99.598582
129.885965
118.484250
86.896371
101.292970
92.401097
129.915263
97.030144
126.902476
133.077795
132.153287
100.539366
109.969993
130.261953
93.197019
130.955334
110.676394
87.822506
114.916433
102.292349
128.131355
118.249868
90.379551
97.018751
123.189797
114.198637
82.583088
89.931946
80.136725
103.475654
92.830797
116.317843
122.208322
122.447587
100.479143
106.042464
82.630290
122.901703
109.042230
125.260173
92.873116
80.675478
120.308850
87.373274
96.393732
127.717930
91.487983
101.616873
116.251109
129.247925
117.040521
94.225697
91.567738
127.708165
90.184232
83.894978
97.856992
115.136166
99.113541
119.825437
86.188342
128.972852
119.548736
90.713220
116.218556
92.983797
98.648032
119.690342
111.402328
131.622672
111.947592
100.173144
111.399073
86.137885
88.312430
101.016269
103.327537
80.828478
117.911316
89.240193
86.880095
121.025018
91.541695
112.050134
94.946747
91.199888
112.992546
133.113603
131.440375
108.187712
112.738632
131.455024
121.300091
91.147803
104.662213
84.601379
101.021152
103.335675
100.814440
124.361708
104.702905
113.938213
112.500994
113.503629
80.613627
95.049290
106.075017
105.075637
93.284913
115.393335
128.414566
132.639956
132.788072
119.158099
97.080602
99.782507
106.195463
118.271027
110.173449
83.903116
132.906891
113.104854
130.865813
115.927206
118.814664
96.632997
114.960379
124.299857
117.672051
97.002474
129.806210
118.246613
81.297242
80.229501
92.899159
125.313886
80.323905
94.663536
118.503782
118.157092
130.444251
105.537891
87.282125
85.628429
119.192279
114.649497
120.647402
109.786068
88.242441
120.128180
94.757939
123.832721
86.227406
84.642071
89.236938
119.351790
113.747777
107.051609
118.889536
104.452246
122.221343
112.486345
83.447373
101.205076
108.282116
109.208251
97.013868
124.003624
105.334434
113.897521
105.505338
107.201353
113.985415
100.387994
127.135230
97.025261
92.983797
86.836148
130.903249
89.412724
105.686008
129.653211
88.117112
95.464341
103.711663
125.886820
118.598186
82.833747
82.775152
99.033786
93.232828
108.044478
92.392958
123.292340
107.896362
128.090663
87.750890
81.248412
123.709019
126.303499
118.783738
116.671044
81.992250
94.147569
98.089747
110.741501
122.253896
130.642824
122.717778
110.053003
131.503853
94.354281
111.456041
88.053633
119.949138
83.032321
105.993634
114.921316
118.021996
109.148027
104.248789
117.538583
129.780168
86.388543
80.908233
91.253601
117.647636
95.428533
130.136624
105.064244
126.852019
123.946656
105.474413
108.571838
97.871641
102.604859
131.935182
109.056879
115.254985
125.295981
85.278483
86.969616
107.775915
128.635927
106.813972
111.543934
121.619111
92.433650
88.711205
131.500598
128.250173
89.399703
91.510770
115.862100
115.310325
125.803809
108.824124
126.542764
115.525175
114.742274
127.534006
91.030612
121.975568
83.662223
125.212971
83.515734
131.386662
104.512469
99.701124
82.793056
103.758865
101.465501
92.558979
121.921855
80.045576
91.278015
88.024335
117.999209
86.163927
104.567809
122.504555
83.707797
118.360548
129.697158
112.911163
115.630973
104.940542
127.602367
112.191740
114.325594
86.019066
85.885598
127.039199
124.527729
132.950838
107.186704
99.469997
130.427974
89.108353
126.809700
93.901794
87.749262
93.712986
107.969606
118.111517
94.245229
103.640047
96.305838
99.683220
93.629975
121.617484
128.665225
86.342969
81.298870
92.425511
124.478899
125.126705
100.137336
108.789944
128.098801
102.066105
88.105718
101.958680
123.720413
117.416509
92.596415
85.306153
111.249329
131.385035
113.222045
125.953554
91.435898
95.384586
88.050378
99.403264
115.287538
103.822344
84.941559
108.882720
99.409774
128.053227
92.982169
131.013930
95.623851
94.199654
115.692824
89.523405
129.851785
133.170571
121.013624
91.974651
85.275228
111.169573
123.054702
111.167946
131.433864
82.426834
110.617799
126.248159
94.246856
132.426733
97.484260
111.825518
81.998761
133.328453
116.158333
90.112615
122.235992
119.916585
110.017195
114.431392
111.278626
101.061843
132.267223
132.384414
124.677473
121.713515
113.306683
130.397049
96.922719
83.722446
84.882963
81.279338
92.114630
87.223530
122.673831
96.471859
120.548115
107.502469
95.633617
91.305686
82.911875
89.066034
83.803829
111.633455
130.440995
125.243897
112.865589
96.792507
102.629274
98.278555
120.471615
120.613221
90.936208
101.642915
82.692141
98.763596
96.722518
112.850940
95.562000
110.783820
85.133622
131.798459
126.710413
111.820635
109.932557
106.283357
85.462408
129.031447
104.253672
113.070673
86.355990
91.015963
132.312797
116.112758
114.433020
118.620973
110.363885
90.311189
87.300029
105.391402
111.949220
99.131445
108.973868
109.419846
105.741348
101.056960
97.140825
118.186389
80.992871
86.587117
125.543385
121.431931
102.256541
107.406438
129.786679
120.383722
128.375503
106.068506
104.927521
101.667330
97.411015
121.230102
83.162533
84.244923
112.510760
83.367618
113.288779
107.696160
110.378534
96.047041
116.924958
110.194609
127.343570
97.695855
109.859312
97.843971
118.048039
118.902557
130.152901
127.021295
121.720026
83.561308
94.668419
128.079270
104.398533
102.228871
99.072850
105.415817
112.092453
99.302349
102.904347
102.209339
116.539204
95.741042
101.432948
91.525419
81.905984
95.635245
99.290956
88.766546
114.089585
98.294831
80.864286
113.819394
100.962556
90.861336
92.466203
84.544411
91.878620
116.438289
97.938375
123.298850
131.466417
112.741887
96.027509
131.469673
102.665082
96.279796
107.865436
127.037571
107.399927
120.372329
96.226083
93.481859
126.498818
102.035180
118.207549
88.392185
127.229634
119.389226
133.027337
106.745610
106.771653
101.236002
86.582234
127.216613
119.952394
97.181516
121.130815
103.179421
99.595327
103.264059
91.712599
113.388066
104.465267
98.101141
104.369236
114.011457
109.831642
117.904805
84.458146
93.696709
82.277090
118.664920
90.065413
126.645307
93.809017
93.875751
125.533619
112.046879
96.880400
89.430628
103.413803
81.536507
128.699406
104.048588
96.538593
116.335747
86.463415
103.545643
88.520770
115.741653
108.549051
83.976360
111.016574
111.989911
116.617331
91.945354
82.781662
93.114009
87.002169
83.781042
132.145149
82.177803
86.373894
118.570516
131.256450
127.856281
93.328859
126.692509
130.452389
101.354821
80.922882
122.235992
101.039056
128.053227
115.142677
100.912099
88.195239
108.794826
90.976900
118.507037
88.971630
119.223205
87.767166
111.503243
117.063308
88.803982
112.151049
114.909922
89.350873
121.186155
103.620515
118.926972
102.551146
124.268932
91.006197
112.808621
94.967907
111.605785
94.915822
90.911793
101.677096
110.184843
91.089208
89.269491
98.154853
129.534392
109.711196
81.005892
107.344587
87.208881
92.306693
118.953014
98.486895
92.282278
114.603923
127.109188
86.059757
128.531757
116.967277
102.634157
117.160967
125.637789
124.124071
130.017805
128.976107
100.080368
95.822425
115.767696
111.371403
127.390772
123.427435
85.301270
129.586477
94.067814
114.113999
97.008985
108.680891
110.889617
104.343193
81.845761
108.116095
95.864744
130.937430
103.438218
81.401412
101.913106
108.085169
120.388605
115.889770
110.873340
131.964479
119.091365
94.298941
122.208322
114.620200
125.401779
93.040765
111.400700
128.803576
110.170194
85.633312
99.697869
98.716394
96.955272
106.219878
123.542998
111.722976
113.591522
81.536507
132.029586
92.646872
82.609131
112.968131
80.711287
115.681430
92.186246
97.052931
90.106105
95.565256
129.273968
106.092921
83.860797
133.038731
89.914042
97.184771
108.308158
96.216317
108.422094
104.712671
108.345594
86.263214
100.402643
124.592835
94.689578
102.310253
107.969606
98.626873
117.471849
127.320783
128.819852
113.974021
127.859536
123.228861
110.809862
106.031070
102.700890
90.353508
127.084773
86.443883
87.186094
106.068506
80.024417
131.215759
103.864663
124.421931
122.413406
83.903116
116.347140
91.684929
130.763271
128.948437
102.699263
106.187325
112.520526
110.080673
106.856291
110.730107
95.441554
82.182686
109.722589
125.966575
100.830716
131.578725
121.623994
86.360873
82.293366
86.429235
124.447974
127.105933
111.685540
85.574716
105.147254
116.954255
107.240417
120.800401
128.917511
85.346845
132.223276
107.541533
107.064630
125.468513
132.434871
92.376682
114.577881
88.219654
87.576731
125.605236
112.359388
102.167020
84.798325
100.599589
89.165321
101.063471
116.098109
101.603852
118.231964
87.319561
121.241496
121.628877
116.905426
113.082067
131.214131
118.785366
84.313285
107.240417
127.184060
126.059351
125.383875
130.048731
109.983014
102.850635
129.540903
117.003085
101.784521
96.626486
119.099503
120.344658
94.963024
82.998140
122.354811
109.812110
96.475114
105.920390
106.333814
127.675611
122.760097
86.300650
104.258555
126.376744
80.162767
80.751978
112.688175
123.767614
132.555318
92.072311
106.678876
110.954723
104.447363
106.535643
121.301719
81.085647
121.329389
99.583933
107.845904
94.064559
128.826363
98.324129
99.715773
105.542774
119.065322
95.767085
129.669487
115.186623
92.562234
118.523314
113.425502
95.864744
90.617188
82.924896
101.278321
98.802659
126.575317
114.597413
99.414657
102.974336
84.262827
113.111365
129.233276
110.453406
105.300254
90.107732
99.701124
109.362878
93.569752
115.827919
107.725458
86.093938
85.236164
122.429683
101.542001
81.796932
112.605164
105.742975
108.794826
101.480150
83.492947
120.452084
124.309623
84.033328
117.815284
130.395421
112.536803
114.877369
102.988985
122.288077
126.370233
129.521371
83.229267
117.901550
90.636720
89.759414
84.332816
119.654533
105.285605
94.106878
82.338940
104.667096
123.254904
124.197315
104.365980
102.238637
124.695377
115.422633
103.301495
96.429540
122.558268
106.885588
128.030440
108.750880
107.852415
92.246470
110.818000
95.960776
122.939139
126.534626
113.585012
124.622133
91.168963
97.220580
88.006431
84.111455
124.548888
87.894123
97.813046
93.050531
84.420710
102.886443
111.612295
114.190499
130.174060
81.144242
101.222981
92.711979
124.294974
87.732985
87.213764
92.996818
108.783433
117.925965
119.934490
95.465969
94.588663
95.566883
104.434342
101.875670
99.061456
87.384667
97.542855
104.058354
113.096716
88.221282
132.150032
84.410944
132.960604
92.218799
90.333976
83.175554
98.473873
124.933015
120.357680
127.480293
85.893736
98.047428
92.492245
110.477821
117.121904
121.713515
82.058984
108.949454
93.628348
122.789395
107.971234
107.639192
123.385116
97.394739
101.800798
98.727787
95.814287
112.701196
95.708489
111.392562
106.436356
106.338697
110.878223
126.472775
106.197091
91.753290
108.160041
124.576558
110.481076
124.475644
122.546874
115.956504
89.489224
104.344821
89.848935
80.494809
128.295748
102.007510
127.229634
92.785223
84.920399
111.333967
82.568440
80.647808
81.442103
129.461148
127.724441
132.102830
96.439306
106.088038
90.594401
105.752741
100.472632
130.390538
101.083002
99.627880
122.917979
130.524006
85.887226
106.791185
91.805375
94.079208
100.485653
92.707096
115.036879
84.474422
99.976198
102.728561
84.598124
101.598969
123.775753
88.011314
125.486417
128.416194
82.491940
124.874419
130.961845
91.829790
122.006493
129.251180
119.177631
132.822253
113.047886
114.597413
132.823881
114.185616
94.650514
94.881641
83.449000
94.215931
113.112992
94.368930
128.818224
107.981000
111.478828
112.483090
118.277538
131.214131
124.552144
132.135383
81.149125
115.137794
101.086258
126.461382
133.149411
113.892638
88.167569
99.022393
122.475257
126.236765
99.452093
112.426122
110.606405
99.841103
82.247792
127.055475
89.437139
93.211668
105.137488
84.902495
83.115331
83.522245
114.431392
113.518278
102.883188
108.739486
127.830239
111.705072
89.953105
125.665459
106.921397
85.341962
114.732508
112.271495
110.219024
121.638643
114.068425
115.954876
128.362481
90.141913
128.185067
82.740971
96.533710
92.213916
105.632295
129.086787
125.709406
93.919698
131.267844
131.282492
114.429764
84.026817
92.243214
94.136176
116.107875
98.784755
117.037266
120.592062
90.177721
121.791643
109.139889
110.604778
92.099981
107.315289
83.794063
90.980155
117.224446
82.042707
109.401941
131.124610
120.170499
93.607188
121.957663
106.411941
118.057805
120.870391
120.832955
130.831632
99.274679
87.654858
107.593618
107.209492
126.082138
94.925588
116.158333
123.411158
86.069523
106.377760
122.646161
89.430628
120.828072
109.159421
129.915263
130.473548
120.100510
91.343122
108.457902
130.916270
109.828387
111.182595
88.644472
104.258555
82.351962
119.799394
85.991396
103.980226
83.824988
132.309542
101.113928
123.681349
120.461849
89.051385
89.368777
88.144782
111.981773
108.597880
88.517515
117.035638
93.914815
100.843737
132.742498
96.160977
97.082229
81.897846
88.016197
124.708398
119.267152
105.723444
103.835365
126.723434
97.414271
87.555571
109.620047
88.546812
82.008527
87.425359
117.491381
117.178872
95.311342
102.118190
133.056635
127.911621
88.445898
93.906676
102.544636
116.238088
119.019748
104.380629
84.646954
129.036330
97.573781
115.059666
115.360782
90.010073
131.248312
89.759414
114.190499
87.749262
119.615469
127.084773
100.044559
108.052616
111.040989
91.333356
105.153765
85.514493
127.901855
90.198881
108.654848
109.403569
115.650505
100.886056
124.897206
112.126634
110.743128
113.012078
128.071131
101.966818
109.081294
103.278708
108.208871
108.435115
103.308005
90.234689
100.202442
101.877298
90.628582
117.496264
107.510608
122.375970
92.822659
93.717869
82.205473
132.885731
96.759954
84.350721
96.403498
98.350172
117.126787
130.162667
120.017500
125.722427
129.649956
80.861031
126.547647
99.935506
129.866434
118.830940
101.895202
90.815762
119.055557
114.625083
91.190122
112.588888
112.380548
89.248331
125.302492
84.329561
130.864185
84.858549
108.718327
119.687086
112.237314
118.918834
97.101761
127.537261
128.963086
123.445339
86.198108
131.912394
101.779638
117.694838
113.778703
132.866200
90.446284
89.298788
116.249481
116.612448
83.325299
98.822191
128.307141
103.265686
100.830716
82.757247
107.253438
93.852964
121.054315
83.310650
130.357985
124.929759
109.257080
113.269247
86.891488
132.462541
86.204618
117.649264
93.180743
99.989219
90.366529
93.782975
112.361016
86.053247
128.958203
84.839017
113.804745
125.896586
132.845040
108.453019
107.245300
82.426834
116.970532
108.780178
106.584473
81.464890
81.293987
100.344048
105.054478
112.922557
120.593689
111.967124
116.739405
126.243276
118.113145
99.144467
99.437444
108.469296
131.406194
126.536254
80.561542
86.556192
98.695234
82.202217
87.718336
128.969596
80.755233
131.975873
98.965425
128.217620
93.315838
108.907135
94.443802
132.656232
104.979606
112.834663
104.348076
102.562540
109.001539
88.388930
121.589814
125.481534
97.259643
123.093766
94.144314
125.836363
111.402328
87.238179
132.099575
103.820716
92.850329
90.539061
131.030206
98.555256
80.001629
110.539671
120.095627
110.513629
100.939769
107.813351
109.792578
84.889474
96.667177
102.912485
107.753128
84.236785
129.866434
90.110988
90.880868
112.040368
94.173612
116.228322
122.180652
88.890247
85.651216
132.902008
80.608744
82.939545
118.096868
110.637331
98.950776
122.953788
130.556559
129.622285
111.366520
122.299471
88.677025
82.294994
85.647961
95.542469
114.937592
89.394820
88.486589
129.316287
129.366744
91.058282
105.417445
129.114457
109.141517
88.071537
97.134314
83.712680
128.699406
81.526741
107.154151
122.172514
115.364038
119.268779
102.500689
91.784216
82.168037
84.093551
109.068272
118.640505
132.864572
112.076177
110.022078
119.104386
94.106878
102.642295
108.874582
97.248250
96.512550
115.434027
92.249725
103.223367
92.886138
115.596792
80.675478
87.557199
115.320091
115.844195
109.056879
126.396275
112.797227
83.626415
111.836912
132.682275
104.325289
128.406428
87.851804
114.939220
129.256063
124.026411
93.195392
98.657798
89.791968
81.196327
117.117021
131.951458
87.345604
105.078893
82.594482
130.486570
121.093379
132.973625
133.281251
90.013328
123.699253
100.444962
115.105241
101.506192
109.248942
90.887379
120.933869
110.568969
128.359226
103.527739
99.886677
82.776779
125.466885
114.859465
133.030593
89.964499
86.660361
121.853494
123.739944
125.776139
93.016350
95.278789
131.098568
125.489672
81.116572
118.109890
94.639121
105.113073
99.110286
104.058354
125.448981
94.749801
113.275758
117.857603
111.949220
101.237630
100.106410
105.664848
82.047590
95.050917
118.935110
110.565714
123.297223
96.483253
86.717329
101.502937
129.402552
89.429001
123.359073
117.330243
94.775844
104.435969
122.553385
120.950146
105.417445
92.698957
109.807227
105.238403
107.829628
92.651755
95.994956
112.398452
97.617727
97.498909
81.419316
121.752579
116.116014
125.356205
92.073938
107.635937
110.018822
113.653373
103.085017
115.743281
109.056879
86.154161
104.341565
126.218861
83.336692
107.562693
109.984641
85.205239
95.381331
100.746078
100.078740
86.502479
108.526264
108.233286
122.804043
124.965568
119.991457
112.961620
118.840706
96.706241
86.990775
106.657717
122.937511
107.715692
100.845365
107.468289
84.327933
112.597026
117.462083
121.861632
121.026645
118.396357
125.829852
125.816831
129.601126
81.878314
116.200652
113.598033
98.843351
95.236470
89.630830
129.147011
102.274445
95.233214
110.539671
115.067805
91.162452
117.462083
110.619426
80.896839
116.412247
117.357914
85.768407
105.625784
87.630443
113.000684
127.716303
89.513639
124.387751
98.005109
131.995405
103.487047
127.983238
106.193836
117.270020
131.157163
108.759018
89.699191
91.024101
105.098425
110.575480
98.840095
129.933167
99.074478
94.154080
105.436977
89.910786
84.519997
114.271882
117.896667
94.204537
126.316520
85.805843
89.731744
94.482866
106.135240
113.641980
109.859312
133.302411
115.100358
94.757939
109.657483
82.898853
124.013390
100.840482
108.472551
115.372176
126.200957
89.744766
125.888447
92.513405
107.964723
80.815456
89.100215
90.363274
81.637422
89.062779
90.403965
86.754765
122.908213
99.850868
96.436051
120.238861
114.073308
125.784278
104.204843
122.004865
94.915822
94.105250
112.211272
89.178342
122.836596
86.290884
101.681979
121.129188
117.255371
91.487983
89.568979
80.459000
83.302512
115.489367
128.325045
107.032077
123.093766
126.871550
100.773748
93.330487
96.278168
95.347150
91.766312
96.190275
98.208566
83.956828
118.254751
113.213907
124.028039
116.776841
106.156400
132.197234
87.034722
103.827227
122.310864
108.588114
106.325676
131.498970
96.536965
85.965353
98.695234
120.149340
108.817614
114.529051
83.156023
117.253744
103.218484
129.282106
126.384882
121.046177
103.610749
82.910247
110.769171
116.355279
112.815132
121.667941
120.074468
124.311251
130.185454
85.955587
131.036717
94.212675
109.296144
97.261271
125.890075
132.613913
130.740484
126.441850
114.175850
97.891173
131.687778
91.694695
112.147793
122.042301
107.220885
87.900634
101.450852
127.970217
125.115312
108.962475
122.069971
117.310712
109.030836
91.510770
94.547972
97.096878
118.513548
121.637016
113.152056
86.964733
120.730412
86.290884
111.620434
88.524025
89.000928
104.400161
123.212585
85.265462
116.420385
112.644228
89.993797
114.652753
99.590444
100.931631
123.095393
107.388534
120.784125
119.237854
115.541452
122.234365
123.557647
110.775681
89.378543
84.635560
116.786607
133.211262
125.392013
84.253061
88.818630
116.213673
83.754999
126.310010
120.059819
90.376295
97.305218
125.139727
88.983024
89.145789
125.733820
101.592458
99.938762
125.440843
85.719578
92.624085
121.041294
84.629049
125.351322
108.078659
120.505796
95.529447
104.450618
122.973319
96.423029
101.087885
89.210895
120.328382
114.963635
97.080602
122.737310
119.506417
125.364343
80.515968
119.867756
98.399001
93.341881
109.372644
121.282187
117.820167
114.620200
102.031925
101.852883
129.728083
90.213530
98.071843
101.628266
97.658419
118.502154
128.736842
87.731358
124.332410
119.058812
98.770106
102.206084
94.785610
109.924418
107.932170
104.134853
130.025944
133.315432
120.535094
114.359775
132.866200
131.440375
104.665469
124.470761
94.287548
100.747706
82.771896
111.737625
81.997133
132.955721
95.260885
101.636405
86.144395
84.495582
105.446742
86.325065
83.929158
82.765386
114.203520
114.052149
124.703515
117.444179
85.950704
91.159197
103.934652
85.270345
114.343499
91.709344
94.364047
83.258565
109.310793
129.698785
102.678103
132.008426
127.107560
82.211983
120.032149
84.111455
91.732131
105.196084
81.432337
126.033309
82.697024
96.813666
122.315747
121.708632
97.476121
96.750188
107.287619
126.295361
90.314444
123.127947
99.414657
104.995882
102.396519
108.672752
105.015414
118.674686
111.688795
91.172218
122.319003
131.217386
110.818000
93.193764
108.959220
113.695692
94.624472
112.741887
96.683454
80.271820
92.410863
86.517128
121.558888
90.897144
86.543170
87.449774
91.377302
122.434566
112.400080
84.843900
111.910156
109.882099
114.688561
115.440537
113.687554
112.720728
121.767228
87.098200
100.959301
108.011925
99.668571
116.752426
131.189716
111.941081
100.801418
90.954112
120.051681
131.464790
122.340162
97.373579
126.965954
114.395583
129.304893
95.553862
96.136562
92.926829
83.997520
101.947287
81.468146
102.258169
116.794745
110.879851
90.311189
122.655927
93.271891
119.804277
94.407994
106.618653
99.386987
120.461849
89.694308
126.161893
86.316926
104.346448
113.283896
115.181740
90.001935
104.084396
99.305604
95.273906
120.365818
105.757624
121.931621
93.317466
121.900695
120.499286
107.263204
105.834124
113.931702
90.364902
95.726394
118.437048
112.235687
130.131741
83.336692
108.742742
100.352186
86.699425
96.800645
94.359164
132.250946
91.118505
117.486498
101.001620
87.999921
124.856515
82.573323
112.359388
124.161507
115.359155
111.731114
90.086573
113.821022
129.205606
120.971305
125.545013
131.362247
97.874897
92.033247
118.326368
116.874500
84.440242
105.624157
109.886982
81.964580
99.538359
126.834114
80.603861
111.879231
101.613618
91.082697
125.279705
85.680514
96.427912
118.926972
82.073633
129.422084
117.512541
128.028812
116.561991
124.021528
109.216389
110.676394
109.196857
82.822354
80.701521
131.804969
94.574015
93.843198
125.873799
89.210895
80.781276
95.029758
90.902027
104.295991
110.528278
97.557504
84.373508
91.645865
119.036025
112.136400
118.355665
122.481768
130.380772
126.671349
128.744980
130.283113
80.590840
83.610138
103.211974
93.620209
129.205606
98.657798
125.099035
97.819556
107.564320
122.489906
114.895273
130.486570
85.579599
87.173072
91.014336
132.561828
118.581909
112.263357
91.481472
106.551919
89.279257
105.589976
98.244374
110.290640
106.496579
93.740656
119.078344
97.878152
82.330802
83.878701
128.759629
129.483935
122.766607
98.604086
131.189716
111.656242
86.710819
92.147183
97.443568
123.175148
108.483945
122.937511
94.766078
114.739018
118.728398
117.509285
94.823046
90.843432
105.433721
80.773137
96.245615
95.524564
110.061141
87.636954
103.093155
96.943879
100.449845
110.977510
114.260488
105.832496
102.136094
87.632071
92.160204
89.455043
89.806616
117.436041
119.006727
122.769863
127.166156
130.231028
122.361322
125.089269
96.917836
89.280884
124.963940
103.949301
95.856606
119.345279
80.489926
94.489377
90.047509
81.098668
90.259104
129.356978
118.459835
113.609427
115.855589
120.787380
120.020755
119.794511
89.383426
96.563008
85.796077
89.922180
122.974947
84.798325
91.256856
91.470079
119.231343
89.267863
110.318311
113.650118
84.287242
90.239572
126.158638
88.309175
125.136471
85.838396
120.468360
115.504016
99.539987
108.929922
82.804449
95.438299
86.919158
127.849770
101.724298
128.414566
101.808936
85.999534
92.671287
84.476050
111.599274
95.291810
130.983004
131.075780
113.555714
131.777299
91.663769
87.077041
106.092921
101.791032
97.591685
84.816230
82.666099
106.975109
104.501076
88.468685
96.597188
123.129574
124.397517
110.479448
98.493405
94.590291
109.081294
114.323967
127.958823
85.807471
88.776311
111.960613
81.222370
105.095169
120.862252
84.308402
116.387832
95.575022
110.363885
126.414180
117.929220
81.647188
123.904337
125.626395
82.158271
112.639345
85.403813
121.137326
111.937826
98.641522
115.238708
119.877522
122.332024
86.875212
81.144242
90.430008
132.210255
113.573618
102.585327
83.289490
123.443711
126.373488
96.870634
132.490212
129.376510
125.585704
108.721582
100.241505
120.896433
112.632834
98.273672
132.934561
85.117346
100.679344
129.187702
130.146390
131.661736
95.786617
111.841795
121.685845
114.872486
90.250966
96.667177
114.320711
100.318005
83.133235
112.551452
129.850157
97.209186
116.303194
118.699100
116.205535
118.437048
127.680494
131.590119
133.245443
109.870706
89.984031
82.041080
121.557261
117.274903
130.019433
104.051843
82.623780
125.811948
83.465277
117.056798
85.337079
100.495419
100.204069
96.655784
127.208475
89.245076
101.817074
108.747625
118.581909
116.874500
132.955721
115.450303
124.893951
105.018670
101.545256
121.130815
121.934876
133.004550
96.200041
80.187182
92.467830
101.314129
95.804521
81.619517
92.541075
126.004011
99.622997
125.364343
102.479529
85.698418
132.939444
112.059900
90.905283
129.563690
89.863584
107.933798
106.776536
87.829017
95.019992
119.771724
81.108434
126.648562
119.063695
81.676485
113.391321
108.825752
116.395970
88.590759
124.348687
108.877837
113.407598
84.915516
130.069890
130.649335
128.893097
109.916280
125.810320
89.232055
101.665703
94.881641
87.824134
132.141894
80.358086
100.405898
94.880014
121.427048
103.734451
95.426905
117.802263
111.732742
133.206379
113.036492
118.689334
112.619813
105.845518
98.068587
114.831795
116.822415
96.284679
121.459601
102.310253
122.789395
122.437821
116.363417
80.955435
119.814043
116.762192
131.057876
128.980990
84.108200
131.368758
93.605561
128.984245
114.156318
125.323652
83.307394
106.965344
113.653373
95.791500
103.889078
92.694074
110.394810
114.719487
86.834520
89.770808
86.105331
126.023543
133.129880
130.375889
85.530770
131.642204
121.778621
96.356296
119.805905
88.094325
80.110682
81.702528
99.080988
88.590759
124.169645
124.670962
109.449143
98.952404
84.207487
84.617656
95.771968
89.093704
130.307528
91.857460
118.806525
95.002088
113.072301
105.524870
88.253835
92.907297
107.795447
127.807451
86.753138
127.319155
90.356763
89.513639
133.142901
94.560993
113.261109
102.020531
126.655072
103.519600
83.416447
90.553710
100.392877
121.894185
83.382267
90.496742
85.734226
96.305838
124.356825
115.051528
89.342735
107.937053
112.614930
129.260946
124.452857
98.674075
91.063165
105.373498
104.751734
116.119269
97.544483
107.911010
129.213744
132.452776
128.258312
116.739405
112.846057
118.808153
81.280965
123.170266
91.737014
123.515328
115.198017
100.750961
104.020918
129.182819
124.491920
119.076716
121.780249
130.317294
100.052698
95.609202
108.892486
99.779252
129.776913
93.870868
93.154700
125.777767
100.946280
129.646700
114.328850
121.031528
99.377221
126.871550
96.463721
132.480446
127.001763
104.878691
92.830797
119.812416
132.887359
118.671430
98.452714
124.552144
99.372338
87.202370
91.906290
124.638409
111.622061
98.026268
88.065027
122.874033
98.967052
96.618348
116.778469
84.217253
83.003023
82.060612
122.481768
110.282502
87.474188
90.753911
126.425573
92.658266
118.254751
129.801327
113.156939
86.785691
115.087336
88.421483
89.622691
114.669029
123.453477
109.056879
98.530841
104.768011
108.194222
113.152056
100.990226
117.439296
83.903116
83.297629
96.743677
124.197315
90.434891
116.736150
130.357985
129.184447
101.838234
91.860716
124.996493
114.496498
90.402338
96.104009
98.812425
117.680189
120.803657
123.486030
118.938365
83.095799
109.353112
83.528755
121.410772
115.474718
83.359479
123.196308
125.372481
83.969850
95.581532
116.838692
116.544087
111.766922
95.461086
85.841652
128.292492
99.507433
85.459153
82.955821
115.318463
84.270966
117.493009
129.640190
94.928843
115.722121
84.479305
128.106940
97.599823
117.774593
88.650982
123.043309
81.792049
124.132209
114.970145
88.025963
101.384118
129.327680
111.316062
91.621450
80.706404
103.628653
110.455033
124.841866
125.507576
106.797695
108.757390
124.942781
84.861804
89.026970
83.375756
117.270020
92.352267
114.078191
129.513233
103.430079
108.181201
112.930695
86.128119
97.500536
83.891722
116.288545
125.095780
98.587809
104.698022
127.610505
125.439215
81.403039
104.401789
104.987744
107.701043
113.202513
107.933798
120.216074
83.398543
92.065800
116.488746
96.714379
101.252278
121.549122
110.267853
101.312502
125.188556
110.002546
83.815222
111.534168
99.105403
89.599904
108.982007
126.762498
100.099899
110.033471
127.131975
131.570587
81.757868
81.907612
105.638806
86.255076
122.594076
131.490832
100.318005
92.886138
94.557738
81.803442
112.116868
111.867837
93.333742
115.090592
133.095699
124.031294
118.743047
111.610668
109.989524
113.249715
80.229501
93.146562
113.733128
124.568420
109.152910
119.516183
123.232116
92.851957
119.478747
93.109126
85.089675
123.630892
91.937215
113.117875
84.262827
121.122677
129.941306
127.774898
113.990298
85.120601
108.929922
112.959993
133.325198
131.723587
100.845365
112.155932
113.931702
119.589427
115.352644
86.079289
124.511452
123.393254
126.173287
80.361341
101.125321
89.442022
97.529834
126.213978
98.495033
128.507343
125.686618
115.806759
83.873818
100.816067
90.594401
80.667340
121.886047
108.265839
105.980613
101.416671
118.611207
122.120429
96.196785
117.206542
133.284507
94.585408
108.187712
89.835914
105.939922
115.906046
113.545948
97.573781
115.980918
98.631756
109.019443
120.305595
126.685998
97.422409
123.782263
104.390395
117.336754
106.029443
88.473568
122.200184
91.256856
119.809160
81.020541
94.676557
114.822029
105.406051
104.216236
118.577026
89.031853
132.646466
123.403020
120.074468
102.062850
96.929230
105.943177
89.708957
104.393650
87.160051
97.446824
100.376601
128.212737
80.852892
129.770402
83.302512
112.769557
128.103684
102.450232
110.415970
130.654218
132.727849
125.929139
91.364281
130.016178
125.619885
81.513720
113.594778
94.386834
85.263834
113.150428
120.413020
108.449764
93.794368
112.590515
102.098658
111.394190
96.890166
126.368605
81.684624
106.231272
109.196857
119.521066
110.437129
126.689253
80.279958
117.761572
88.016197
90.065413
102.746465
123.084000
102.323275
117.680189
124.236379
131.136004
90.709964
117.917826
111.594391
125.367598
104.203215
120.229095
95.563628
109.618419
83.081151
101.716160
84.331189
107.471544
105.479296
101.341799
127.607250
83.377384
124.003624
110.059514
92.863350
87.225157
98.708255
105.223754
128.798693
97.331260
128.100429
90.932953
97.616100
130.224517
99.811805
85.980002
124.529357
92.179736
115.977663
81.074253
119.415268
100.871407
94.954886
120.328382
99.022393
112.123379
124.413793
102.022159
124.685611
113.423874
127.420070
93.636486
83.883584
92.562234
96.571146
116.153450
104.007896
83.020927
97.804908
85.966981
119.963787
81.147498
125.549895
96.060063
130.644452
83.414820
130.919526
124.786526
92.575256
92.148810
91.242207
100.591451
132.426733
124.659569
122.636395
104.335055
80.032555
127.501452
130.563069
90.892262
123.619498
97.490770
120.116787
85.009920
95.526192
97.837461
127.636548
126.453243
96.805528
97.705621
95.345523
119.400619
128.997266
123.546254
90.688805
87.804602
108.090052
117.203286
125.341556
84.995272
115.681430
95.794755
82.247792
99.240498
128.974479
115.022230
125.693129
110.232045
97.979066
97.586802
129.356978
104.851021
91.561227
95.050917
97.438685
100.529600
100.671206
84.791815
113.768937
91.229186
127.107560
83.737095
87.280498
124.338921
92.786851
107.196470
122.177397
103.522856
91.219420
114.465573
127.781409
112.507505
89.482713
109.537037
83.069757
108.130744
82.404047
111.921550
104.242279
97.664929
127.252421
112.551452
130.287996
128.753118
87.275615
103.148495
81.586964
86.925669
112.458675
80.677106
93.214924
122.426428
85.755386
115.245219
131.228780
101.263672
129.889221
116.435034
87.005424
128.906118
82.960704
133.077795
84.604635
114.887135
91.287781
128.129727
122.784512
106.701664
121.067337
116.985181
120.072840
107.951702
110.570597
90.895517
124.513080
95.786617
111.192361
80.493181
103.096410
125.930766
112.356133
101.079747
85.880715
120.313733
125.268311
121.355431
133.136390
132.324191
113.855202
117.263510
100.501930
97.974184
81.243529
85.916524
110.513629
81.365603
113.399459
81.320029
105.463019
129.392786
101.638032
93.506274
83.296001
104.071375
118.990450
99.458604
84.860176
100.814440
105.407679
107.465033
94.163846
114.275137
103.506579
96.582539
93.343508
93.499763
126.485796
99.528593
113.956117
114.665774
99.909464
117.349775
99.657178
106.421707
132.332329
114.197010
115.209410
82.841885
116.454566
100.532855
130.187081
105.642061
89.132768
126.448360
125.701267
130.675378
85.232909
86.738489
125.821714
80.353203
113.684299
119.441310
101.994489
83.689893
110.710575
112.776068
98.843351
105.591604
125.260173
115.560984
102.972709
80.441096
111.605785
112.699568
109.797461
91.603546
117.488126
107.461778
123.389999
111.880858
82.758875
92.186246
117.693210
126.562296
90.229806
102.435583
120.735295
100.742823
123.687859
96.242360
130.221262
132.600892
121.451463
120.129808
128.785671
94.243601
127.109188
130.244049
120.626243
115.198017
99.098892
90.244455
84.469539
90.128892
87.496976
87.646720
84.578592
99.209573
126.308382
130.253815
114.756923
82.713301
122.952160
111.031223
130.393793
124.919993
106.608887
83.099055
110.183215
115.590281
103.739334
106.468909
122.551757
90.739262
109.139889
128.245290
131.738236
127.667473
114.170967
117.904805
105.262818
82.586344
127.187315
119.377832
104.398533
125.881937
94.473100
121.529590
119.332258
123.264669
83.387150
102.118190
130.678633
97.907450
102.668337
93.488369
105.694146
88.493100
81.614634
91.730503
90.828783
91.531929
129.780168
84.256317
108.970613
109.629813
105.511849
124.161507
129.719945
87.355370
108.370009
86.346224
87.664624
129.703668
123.700881
100.415664
110.375278
91.509142
114.423254
122.016259
131.044855
106.122219
121.659803
117.598806
114.187244
128.360854
122.550129
124.311251
122.675459
113.388066
113.598033
113.292034
121.122677
133.217773
114.527423
91.440781
130.641197
132.462541
80.996126
103.259176
96.597188
118.376825
114.507892
87.819251
84.407688
113.485725
104.486427
105.822731
111.682284
132.496722
97.565642
91.772822
125.043695
98.475501
102.383498
126.241648
123.318382
119.967043
91.564483
116.581523
82.073633
84.041466
82.566812
94.411249
107.849160
106.960461
99.037042
124.856515
103.716546
104.092534
107.692905
129.249553
121.238240
127.462389
105.726699
109.577728
93.734145
105.873188
80.392266
116.394342
125.938905
102.656944
122.458981
128.473162
88.318941
99.346296
95.156715
92.588277
117.769710
100.296846
100.352186
131.723587
132.970369
99.898070
130.204986
103.381250
126.124457
120.743434
92.698957
116.340630
86.025576
131.044855
92.694074
120.839465
87.508369
103.010145
130.161039
127.206847
95.550607
127.141741
110.598267
127.921387
125.761490
97.474494
129.319542
104.782660
96.201668
109.426356
111.244446
102.852262
118.910695
125.247152
101.218098
112.820015
86.102076
102.062850
126.523233
116.832181
99.396753
97.547738
126.565552
92.728255
117.061681
108.174690
98.097885
118.411006
100.944652
115.085709
97.616100
104.626405
104.769638
92.560607
89.280884
97.866758
92.099981
80.761744
80.037438
95.041151
99.012627
131.072525
103.571685
98.241119
103.107804
119.047418
121.466112
97.957907
107.216002
86.640830
96.533710
126.388137
119.455959
95.355288
93.359785
122.524087
111.314435
92.005577
127.669101
124.006880
115.412867
102.087265
99.564401
100.754216
117.963401
132.408829
118.957897
105.358849
120.906199
98.003481
118.171740
108.581604
82.078516
114.971773
126.741338
88.302664
108.396051
87.597890
103.399154
113.557342
130.385655
104.741968
113.585012
85.345217
126.415807
93.815528
120.802029
102.560912
124.944408
87.396061
126.832487
101.336916
93.112381
84.078902
89.142534
109.512622
113.375044
111.955730
83.803829
84.521624
103.130591
116.345513
88.935822
89.741510
119.060439
120.150968
123.676466
97.580291
127.809079
118.466346
117.657402
121.036411
124.683984
102.469764
86.022321
121.999982
122.058578
100.910471
91.613312
131.344343
89.106725
100.869780
89.355756
82.446366
111.244446
109.462165
94.491004
113.150428
104.247162
111.475572
129.669487
91.154314
98.055566
131.271099
125.891703
131.189716
105.280722
100.630515
85.643078
112.284516
109.377527
114.213286
96.545103
123.481147
94.188261
80.932647
130.527261
112.974642
116.503395
99.619742
123.516956
82.373121
129.965720
87.280498
110.666628
114.380935
95.343895
94.966279
112.079432
82.255930
85.486823
106.242665
130.732345
89.381799
119.967043
113.259481
117.590668
100.594706
131.066014
118.770717
105.572072
80.291352
116.138801
112.406590
100.700504
112.310559
131.310163
96.237477
92.108119
109.901631
128.201344
101.260417
89.232055
84.153774
88.675397
109.820248
121.195921
99.181903
85.942566
92.322969
106.711430
82.413812
87.007052
126.529743
116.169726
111.666008
84.812974
114.462317
80.917999
120.627870
108.409073
131.925416
111.392562
124.483782
112.792344
125.610119
105.762507
120.611594
96.787624
99.491157
130.782803
126.074000
130.602133
92.145555
96.479997
93.520923
108.065638
126.679487
99.704380
113.895894
131.910767
128.266450
118.192900
114.213286
120.380467
97.609589
110.166939
98.799404
130.214751
108.693912
107.767777
88.953726
90.967134
99.118424
132.698551
116.065556
125.706150
88.055261
109.032464
116.470842
99.699497
96.800645
81.560922
83.116959
105.487434
86.925669
114.651125
108.978751
99.290956
97.713759
126.624147
90.566731
130.445878
97.856992
101.328778
113.236694
125.515715
106.423335
131.899373
113.244832
82.115952
98.101141
98.356682
104.914500
114.068425
87.706943
87.420476
101.250651
82.911875
122.310864
129.485563
109.637951
124.119188
95.937989
94.458451
130.996025
96.312349
128.582215
81.464890
117.359541
115.181740
91.113622
117.383956
82.903736
93.747166
84.497209
85.924662
110.070907
130.655846
81.577198
88.880481
125.795671
94.806769
113.166705
81.241902
96.175626
88.035729
113.383183
101.825213
87.916910
80.778020
112.603537
101.091141
98.202055
82.454504
106.345207
101.154619
114.667402
101.524097
128.429215
116.309704
93.835060
83.558053
123.404648
89.079055
106.286612
95.687330
93.250732
123.450222
123.635775
92.375054
113.345747
96.958528
122.245758
117.569509
106.040836
106.644696
85.407068
118.196155
86.834520
83.836382
98.944265
117.341637
131.502226
86.152533
121.913717
82.119207
85.792822
81.660209
107.427597
127.908366
132.781562
93.573007
108.573466
127.250794
106.105942
107.142758
84.425593
111.796220
104.183683
127.044082
107.849160
108.916901
80.333671
106.978365
103.389388
108.020063
110.534788
86.450394
83.611766
131.542917
80.418309
96.388849
118.873259
92.296927
119.901937
115.311953
102.193062
105.516732
100.391250
117.657402
90.905283
83.912882
109.621675
122.646161
113.412481
84.080530
112.411473
125.333418
116.031376
125.942160
125.693129
84.842272
111.631827
100.189420
129.485563
118.121283
85.021314
85.442876
82.133856
114.216542
90.125637
90.063786
114.826912
90.744145
93.916442
127.016412
100.368462
80.870797
108.791571
116.726384
111.244446
125.823341
115.059666
99.657178
108.599508
121.244751
101.851255
93.543710
110.510374
92.415746
101.481778
130.325432
87.843666
113.319704
118.902557
127.771643
89.401331
124.565165
97.938375
130.790941
111.319318
91.829790
92.617575
97.422409
105.746231
119.830320
91.950237
84.528135
123.805051
110.134386
93.130286
114.822029
81.126338
124.506569
84.850410
100.259410
101.027662
82.093165
109.063389
116.796373
123.591828
112.155932
116.153450
125.478279
109.037347
83.945435
101.913106
128.233897
110.360630
115.490995
81.263061
120.009362
103.570058
102.845752
120.426041
132.276989
130.537027
124.911855
89.188108
102.873422
109.437750
85.407068
101.626639
80.543638
81.144242
127.052220
80.242522
125.834735
86.556192
126.249787
105.215616
96.663922
123.180031
123.311871
90.425125
120.271414
122.668948
103.192442
127.919760
126.485796
130.966728
128.409683
95.793127
97.384973
99.370711
92.485735
84.547667
101.616873
108.220265
95.584788
130.174060
115.080826
111.499987
123.995486
115.702590
82.970470
130.742111
88.471940
89.526660
118.166858
93.166094
129.762264
102.142605
117.641125
82.462642
112.982780
129.675998
131.902629
90.470699
85.864439
92.502011
129.106319
91.492866
89.168576
110.656863
115.536569
114.203520
80.968456
97.656791
107.435736
119.485257
123.111670
114.447668
115.852334
105.891092
98.202055
105.108190
119.511300
91.017591
118.783738
116.000450
80.706404
123.840859
97.022006
100.016889
85.883971
82.967215
116.597799
87.612539
132.573222
109.175697
128.432470
92.917063
124.334038
93.880634
131.951458
109.979759
128.746608
85.213377
110.186471
100.755844
126.728317
86.691287
80.421564
116.558735
108.221892
96.842964
115.333112
81.263061
115.906046
91.417994
109.662366
124.620505
131.907512
103.226623
107.417831
87.339093
102.554402
101.214842
111.254211
99.614859
102.816454
90.514646
82.366611
108.085169
82.078516
81.736708
119.263896
92.887765
99.629508
84.552550
83.691521
129.845274
118.148953
93.861102
102.113307
119.382715
103.557036
116.920075
91.024101
97.254761
86.230661
103.049208
107.788936
95.350405
131.881469
90.972017
102.004255
94.279409
90.475582
115.396591
122.380853
102.728561
84.834134
81.219115
87.475816
105.254679
113.918681
107.002780
121.957663
126.847136
105.808082
106.034326
86.704308
102.595093
128.692895
120.019128
104.448991
120.797146
121.558888
120.352797
122.584310
87.833900
132.895497
98.682213
101.511075
129.819232
109.082921
121.726537
96.834826
86.006045
114.140042
105.366987
117.073074
102.329785
129.160032
103.023166
91.893269
93.348391
99.759720
116.615703
99.209573
80.979849
126.562296
118.474484
119.449449
85.006665
80.349947
92.518288
105.357222
80.345064
83.590606
89.708957
115.645622
82.753992
126.640424
106.092921
127.507963
131.318301
100.293590
98.470618
129.632051
122.690108
113.039748
105.985496
110.761032
118.796760
81.326540
99.323509
118.760951
122.950532
114.512775
112.517271
111.869465
106.083155
96.175626
119.019748
97.145708
131.420843
90.114243
100.386367
117.768082
132.574850
132.692041
89.217406
104.183683
100.101527
133.209635
101.387374
110.790330
124.807685
97.298707
112.522154
99.780879
92.832425
115.001071
100.441707
113.876362
80.839871
115.202900
95.184385
106.214995
126.314893
108.083542
98.312736
109.113847
101.284832
117.268393
133.154294
116.680810
124.500059
96.644390
127.644686
96.276541
107.025567
100.225229
104.781032
90.503252
92.962637
93.343508
115.671664
131.373641
96.917836
100.213835
123.526722
88.340100
86.601766
129.516488
126.925263
131.847288
92.169970
92.987052
90.670901
120.725529
130.693282
118.717005
132.610658
88.455664
87.378157
87.454657
108.024946
83.276469
95.251119
126.935029
106.649579
97.148963
114.913177
92.560607
97.293824
98.574788
109.421473
89.453415
128.385269
104.269949
102.609742
117.493009
119.467353
91.362653
129.169798
94.409622
118.625856
111.770178
111.498360
98.547118
114.185616
90.431635
98.337150
112.989291
115.684685
95.744298
100.158495
126.020287
125.781022
83.821733
116.343885
82.972098
131.427354
118.313346
122.444332
117.732274
109.322186
120.702742
132.565084
132.280244
120.636008
99.492785
105.176552
112.582377
116.658022
126.570434
127.369613
89.173459
117.066563
102.406285
112.535175
117.419764
115.787228
125.139727
86.499224
92.471086
109.473558
118.489133
83.751744
93.913187
83.567819
120.206308
88.777939
115.085709
84.329561
99.364200
110.831021
85.436366
105.098425
117.523934
80.478532
107.564320
128.531757
128.723821
82.911875
110.601522
106.415197
126.684370
83.038832
121.635388
112.105474
94.188261
83.992637
90.133775
127.213358
89.651989
87.435125
93.743911
124.251028
85.872577
103.955812
127.088028
120.207935
109.314048
115.225687
88.600525
116.050907
81.567432
129.620658
127.047337
130.522378
124.679101
126.249787
96.050297
83.175554
91.971396
82.446366
91.667025
108.387913
99.424423
93.013095
127.952313
95.264140
125.880309
82.913502
125.562917
101.857766
83.774531
81.728570
81.713921
118.624228
82.072005
81.559294
103.158261
82.840258
96.367689
126.687626
117.177244
112.279633
101.185545
83.351341
115.591909
99.821571
92.803127
111.296530
106.813972
130.680260
97.585174
112.071294
97.564015
117.222818
127.514474
82.462642
132.617169
113.069046
124.573303
128.012536
127.568186
128.121589
122.312492
91.632844
109.623302
106.200346
132.937816
112.361016
121.410772
113.622448
94.922333
95.832191
82.802822
120.373956
82.814215
104.907989
92.440160
115.565867
100.869780
132.037724
130.597250
98.812425
88.909779
88.413345
125.076248
102.569050
102.007510
124.889068
88.454036
107.041843
119.034397
92.993563
115.017347
109.401941
81.733453
127.735835
105.713678
102.251658
99.310487
93.818783
129.461148
116.363417
86.867073
90.330721
115.808387
82.687258
106.048974
128.829618
107.294130
95.316225
89.516894
113.226928
86.473181
83.683383
110.961234
103.104549
125.984479
115.741653
95.625479
122.128567
89.956361
127.039199
133.027337
133.242188
115.115006
84.098434
126.848763
82.283600
86.561075
123.720413
103.706780
98.397374
83.256937
129.879455
129.090043
112.852568
114.849699
103.247782
85.486823
104.662213
111.517891
91.640982
127.716303
127.950685
88.519142
129.734594
97.082229
102.767624
113.742894
129.721572
96.089360
124.350315
106.618653
117.916199
131.977501
99.128190
110.059514
118.943248
124.124071
102.534870
103.742589
82.542397
103.640047
106.887216
107.087418
114.652753
86.810106
101.066726
120.251882
127.743973
90.724613
103.617260
118.147326
132.104458
92.768946
130.958589
125.811948
123.067723
82.286855
102.365594
110.132758
92.492245
112.789089
116.723129
89.595021
132.866200
129.651583
122.703129
90.382806
95.664543
121.700494
110.739873
83.829871
105.663220
104.955191
115.085709
120.233978
112.833036
113.583384
87.640209
100.676089
103.529366
133.027337
105.236775
95.216938
112.603537
96.982942
118.673058
115.757930
111.459296
96.590678
131.861937
91.938843
87.034722
123.443711
126.083766
131.715448
120.077723
81.476284
84.339327
108.288626
84.332816
82.711673
124.153368
95.070449
108.352105
108.498593
80.449234
103.646557
88.232675
117.965028
93.577890
113.112992
86.295767
111.986656
104.068120
125.759863
117.372562
114.330477
129.179564
117.434413
91.014336
111.670891
129.547413
97.611217
117.997582
127.441229
114.265371
94.132920
82.739343
97.886290
92.751042
117.642753
130.009667
98.635011
95.023247
80.701521
114.218169
110.118109
82.111069
99.942017
86.336458
83.509224
128.217620
89.554330
80.068363
82.200590
109.654228
87.806230
98.973563
87.112849
82.228260
118.248240
112.841174
94.206165
102.048201
120.603455
111.695306
92.502011
84.773911
86.346224
132.379531
124.307996
111.648104
80.642925
92.760808
122.607097
123.941773
125.636161
95.200661
100.658185
107.530139
106.740727
127.625154
122.104152
82.555418
103.661206
90.537433
93.268636
93.205158
81.062860
91.640982
85.971864
99.242126
87.277242
123.048191
112.546569
124.330783
109.361250
129.444871
114.685306
82.780035
92.843819
115.517037
101.169268
119.740799
127.830239
127.652824
129.428595
86.487830
83.112076
131.573842
119.299705
105.830869
129.990135
100.912099
100.637025
102.601603
104.090907
125.058344
83.115331
94.266388
106.893727
104.605245
96.543476
129.972231
81.928772
122.738937
123.368839
126.352329
127.338687
100.890939
98.374586
88.449153
133.120114
93.675550
123.904337
110.739873
131.398056
98.079981
115.574005
113.254598
108.041223
91.940471
93.553476
94.477983
130.641197
83.346458
120.998975
109.354739
127.836749
85.986513
91.341494
114.048893
121.667941
122.099269
126.132596
112.502622
87.946208
114.686934
131.686151
106.407058
86.316926
90.683922
129.628796
123.619498
101.664075
130.047103
122.937511
93.356529
131.883097
109.112219
99.180275
109.823504
123.666700
113.248087
105.936666
105.931783
131.311790
127.079890
93.405359
118.816291
86.886605
90.680667
99.209573
115.429144
90.081690
103.351952
97.041538
133.256837
126.072372
103.334048
84.176562
131.124610
119.750565
85.141760
102.829475
91.790726
87.970623
129.488818
130.369379
91.302430
124.819079
80.812201
120.054936
130.113837
88.226164
120.762965
127.294740
80.984732
109.618419
99.256775
109.750259
81.990622
88.237558
98.164619
82.980236
129.620658
91.839556
89.264608
113.246460
106.981620
92.046268
94.787237
82.524493
122.128567
102.751348
98.910085
94.038516
98.135321
109.865823
105.186318
119.962160
89.954733
114.073308
121.580048
132.999667
109.712823
101.633149
94.762822
123.469754
82.099675
104.844511
108.693912
123.585317
98.215076
113.881245
122.462236
120.585551
96.162605
108.306530
95.734532
87.047743
96.766464
129.946189
96.818549
116.741033
122.719405
132.109341
121.637016
94.305452
129.490446
113.505257
125.335045
113.811256
89.692681
111.846678
101.478522
114.485104
132.540669
85.460781
123.853880
108.645082
80.069991
111.275371
132.539041
110.132758
95.156715
127.475410
125.927511
124.952547
129.604381
129.186074
113.661512
112.419612
100.698876
98.844978
118.868376
118.505410
84.518369
99.601837
117.971539
116.355279
107.686394
80.048831
99.789018
129.013543
105.891092
85.337079
132.241181
115.985801
110.847298
102.951549
84.972484
91.999066
114.024478
131.528268
122.942394
119.613842
95.485501
127.678867
125.917745
110.679650
92.821031
99.173764
108.942943
91.665397
105.194456
106.154772
118.712122
121.163368
80.823595
118.684451
80.893584
87.905517
102.897837
132.325819
100.073857
124.330783
115.596792
116.749171
87.264221
103.970460
105.220499
92.349012
123.398137
131.046483
131.422471
123.219095
113.715224
117.248861
110.204375
94.814907
88.123622
87.361880
130.357985
131.308535
129.143755
108.757390
85.008293
80.948924
109.118730
99.727167
93.262126
97.804908
85.055495
118.347527
120.290946
108.156786
92.710351
106.861174
110.850553
83.279724
81.616262
119.911702
111.246073
80.226246
119.400619
118.298697
94.725386
105.632295
113.677788
89.925435
85.314292
97.546111
86.570840
112.930695
81.757868
80.286469
90.161445
109.331952
109.891865
93.971783
104.533629
130.878834
118.461463
113.747777
126.772264
125.401779
100.036421
93.703220
99.222594
132.034469
98.700117
83.798946
98.693607
120.279552
112.842802
128.162280
114.919688
101.268555
88.060144
106.385899
106.641440
99.535104
115.154070
132.866200
90.280264
80.314139
121.567026
129.147011
96.229339
114.029361
131.266216
90.962251
121.060826
126.296989
114.716231
91.631216
124.021528
101.786149
130.636314
103.456122
89.468064
90.277008
101.187172
118.840706
96.893421
83.212991
82.262441
119.395736
100.230112
122.472002
103.889078
108.094935
104.754990
122.963553
122.390619
126.093532
123.277691
90.776698
119.329002
95.916829
119.913330
111.819007
88.880481
106.000145
123.139340
99.326764
108.651593
124.905345
129.788306
115.228942
128.927277
80.242522
88.304292
80.356458
102.025414
90.600911
116.283662
115.184996
86.761276
132.171191
120.605083
112.750025
96.340019
101.711277
95.168108
105.432094
124.693750
90.892262
104.584086
80.579447
119.587799
126.970837
108.775295
113.339236
124.156624
101.489916
130.211496
111.649731
88.564716
102.018903
118.718632
95.111140
106.743983
108.553934
122.253896
89.365522
99.924113
122.953788
118.594930
130.997653
128.588725
119.729405
116.317843
104.619894
87.871336
86.518756
93.363040
120.494403
128.067876
129.256063
114.890390
87.654858
128.552917
110.336215
92.049523
97.562387
100.179655
128.176929
110.049748
113.279013
111.081680
133.092444
93.795996
99.159116
117.590668
94.547972
112.839546
99.404891
108.592997
81.425827
93.890400
120.456967
91.662142
123.645540
82.640056
125.595470
115.948365
123.469754
89.819638
103.373111
126.845508
111.504870
129.885965
91.597036
114.104233
102.383498
127.302879
118.459835
81.702528
111.801103
85.426600
102.559284
87.830645
123.240255
86.336458
100.091761
96.634624
86.049991
89.917297
87.565337
103.412175
106.556802
113.905660
95.033013
114.906667
113.829160
123.183287
91.517281
126.362095
121.843728
103.355207
117.624849
103.698642
102.967826
126.928518
120.336520
112.452165
114.480221
87.094945
91.667025
121.812802
119.771724
80.784531
126.171659
105.438604
92.578511
102.653688
92.298554
127.381006
112.556335
85.013176
132.615541
128.092291
80.542011
118.703983
87.864825
112.235687
95.189268
129.882710
126.572062
133.238932
105.928528
127.783037
88.465430
82.960704
97.303590
85.040846
90.133775
121.474250
112.990918
85.662610
114.491615
101.926127
94.499143
122.229482
119.128801
105.534636
122.896820
124.062220
91.833045
121.663058
131.887980
131.316673
94.979300
81.341189
107.255066
130.016178
100.425430
92.572000
107.635937
103.015028
83.266703
112.375665
108.339083
131.918905
122.789395
130.639569
123.171893
91.580759
125.590587
100.713525
125.953554
105.568817
92.570373
105.130978
120.058191
130.867441
118.108262
98.078353
90.972017
106.877450
83.082778
86.316926
83.536894
103.682366
96.758326
90.207019
85.556812
91.238952
102.516965
106.499835
119.410385
97.850482
129.120968
107.899617
116.693831
112.909535
82.480546
87.729730
84.227019
128.906118
132.965487
131.383407
83.063246
104.379002
113.209024
96.178881
102.189807
82.802822
101.460618
108.031457
95.259257
89.082310
125.437587
123.181659
101.999372
91.969768
95.046034
83.398543
82.651450
80.774765
85.610525
86.272980
80.418309
117.999209
106.641440
125.605236
126.943167
96.239105
117.761572
103.574941
132.469052
127.703282
120.190031
96.357923
82.358472
121.324506
125.378992
81.490933
88.304292
115.814898
95.861489
122.021142
82.539142
83.657340
86.616415
109.089432
90.097966
81.033562
95.272278
111.296530
120.740178
98.688724
116.181120
112.478207
82.239654
115.399846
120.010989
132.952465
90.036116
82.389398
80.519223
102.507200
81.547901
126.998507
90.190743
106.851408
123.539743
117.304201
99.714146
109.151283
107.476427
102.673220
122.994479
88.340100
114.600668
131.920533
122.677086
122.546874
92.326225
110.733362
97.866758
132.607403
123.687859
120.043542
122.362949
94.032006
91.448919
96.992708
108.407445
112.401707
125.258545
100.174772
110.977510
103.863035
100.129197
114.148180
94.235463
129.075394
107.971234
81.549528
81.857155
108.912018
117.117021
131.152280
92.868233
130.286368
101.555022
90.180977
91.336611
123.718785
81.507209
115.922323
98.260651
121.042922
130.362868
94.904428
107.294130
88.188728
109.621675
124.716537
112.680036
114.748784
93.558359
100.075485
104.356214
115.311953
125.203205
131.508736
125.253662
90.902027
105.353966
84.959463
85.779801
105.528125
109.631441
130.691654
123.834348
119.483629
121.856749
109.760025
85.320802
114.442785
118.803270
86.458532
86.881722
118.650271
81.295614
108.337456
95.781734
87.199115
119.999596
102.180041
115.339623
99.120052
130.890228
114.244212
84.209115
132.856434
128.759629
116.435034
117.838071
95.213683
87.055881
120.098883
93.782975
112.082687
112.431005
85.729343
115.899536
102.560912
102.287466
103.636791
112.349623
84.889474
87.037977
120.533466
102.494178
129.137245
85.358238
113.741267
80.960318
124.986727
87.488837
94.655397
93.900166
92.977286
114.867603
96.489763
95.758947
87.496976
117.794125
114.621827
108.252818
99.888304
86.111842
101.198566
109.841408
129.998274
81.256551
89.043247
124.083379
87.812740
84.632305
119.792884
95.142066
120.227467
117.369307
104.668724
125.528736
117.882018
99.749954
92.845446
130.973238
117.134925
118.671430
115.749792
127.542144
85.447759
91.442409
82.299877
99.227477
111.906901
80.961945
120.087489
127.761877
131.134376
90.555337
130.826749
106.258942
95.688957
113.519906
128.404800
91.725620
98.534096
119.009982
127.877441
84.756006
80.625021
109.291261
87.055881
131.412705
118.598186
90.003563
109.051996
122.288077
127.561676
88.449153
127.405421
130.442623
80.660829
114.900156
82.153388
129.833880
113.752660
95.259257
128.526874
95.960776
123.497424
96.753443
126.544392
130.338453
93.913187
128.292492
86.585489
117.178872
119.687086
103.866291
125.870543
100.578430
81.253295
103.960694
117.551604
90.574869
126.661583
83.320416
94.090601
113.043003
101.852883
120.069585
93.223062
118.448442
97.741429
87.853432
81.531624
84.466284
95.703606
112.676781
83.956828
87.444891
133.188475
109.406824
87.584869
91.051772
91.087580
132.986646
114.696699
80.450862
97.894428
105.990379
86.753138
130.330315
118.946504
124.207081
87.676017
128.450375
99.113541
115.233825
114.693444
129.710179
80.595723
105.103308
85.149899
102.407913
117.484871
81.256551
94.251739
95.016736
102.097031
120.206308
92.075566
118.482622
124.749090
88.213143
94.849088
132.373021
95.296693
116.674299
98.840095
123.225606
101.455735
93.828549
118.513548
130.066635
125.541757
121.184528
103.959067
98.796149
114.670657
122.944022
105.925273
113.759171
92.710351
130.131741
123.455105
88.165941
82.351962
121.060826
109.128496
101.703139
112.269868
86.504107
100.234995
93.662528
131.061132
107.876830
97.565642
99.937134
102.962943
103.433335
86.790574
115.513782
106.994641
97.500536
90.792975
130.841398
127.874185
81.053094
114.584391
117.045404
107.040216
105.318158
84.516741
81.663464
102.116563
103.391016
123.414414
129.903870
109.805600
81.546273
89.974265
119.747309
93.887145
121.902323
110.791958
125.921001
93.332115
91.429387
126.633913
127.717930
98.836840
99.006116
127.991376
82.327547
106.141751
102.121446
114.909922
132.042607
87.778560
131.642204
122.747076
80.291352
131.601513
122.891937
95.535958
124.895579
114.397211
128.129727
108.632061
116.799628
118.969291
111.999677
82.272207
132.703434
109.621675
105.052850
127.771643
109.849546
127.776526
130.240794
81.284221
104.683373
109.338463
90.799485
113.545948
97.015495
105.523242
101.144853
117.178872
101.390629
115.427516
115.770951
133.300783
93.968527
98.729415
84.529763
105.712050
89.922180
123.474637
129.251180
104.382257
93.032626
97.306845
103.371484
106.507973
92.459692
103.809323
109.618419
103.529366
95.047662
98.934499
110.674767
102.419306
101.475267
95.885904
101.226236
96.227711
121.257772
126.765753
96.351413
105.581838
81.609751
95.986818
124.602601
99.434189
98.503171
93.804134
120.769476
110.111598
111.553700
111.597646
119.997968
84.272593
97.783748
100.612610
114.944103
104.824979
132.573222
115.785600
84.254689
98.755457
126.111436
99.686475
87.431869
92.599670
103.727940
114.900156
81.023796
130.480059
111.729486
99.831337
97.860248
116.433406
83.753372
116.295056
124.296602
82.674237
82.659588
110.536416
103.806067
132.133755
132.924795
102.689497
95.282044
130.245677
111.898762
93.011467
107.668490
101.039056
88.260345
119.884032
119.293194
122.475257
82.633546
131.243429
123.549509
89.393192
118.749558
104.465267
122.605470
112.406590
126.783657
129.682509
124.122443
107.714064
87.210508
91.518908
116.008588
92.877999
83.533638
104.302502
127.511218
116.840320
118.839079
109.001539
85.009920
112.569356
111.224914
106.968599
104.162524
93.966900
83.079523
132.110968
126.720179
132.042607
105.881326
103.146868
130.392166
105.363732
122.177397
97.669812
86.709191
99.780879
113.093460
122.944022
95.252746
119.076716
93.034254
85.164548
82.563557
88.232675
133.222656
98.814053
80.748723
90.965506
109.104081
131.118099
100.760727
116.521299
119.941000
83.274841
82.042707
110.757777
102.253286
103.465888
106.864429
86.481320
118.783738
99.943645
80.992871
128.077642
111.314435
115.930461
82.412185
98.709883
119.009982
107.911010
99.702752
111.830401
123.946656
95.731276
95.125789
81.928772
98.818936
132.783189
127.390772
109.574473
111.856443
104.626405
82.438227
122.372715
103.893961
84.393040
80.592468
100.223601
99.334902
133.286134
95.049290
106.485186
92.601298
114.512775
116.723129
120.098883
105.132605
115.666781
93.792741
116.968904
81.209349
127.879068
127.592601
128.963086
117.667168
110.056258
99.849241
88.826769
109.091059
99.919230
119.631746
96.063318
103.566802
113.446661
111.622061
112.064783
130.597250
81.116572
94.097112
92.847074
102.876677
95.907063
108.267467
101.073237
100.267548
101.393884
120.611594
125.658948
90.936208
94.966279
86.588745
110.663373
91.375675
81.139360
124.034550
81.783910
86.919158
103.309633
131.230408
125.445726
127.799313
122.266918
131.344343
108.835518
82.373121
123.163755
91.549834
122.538736
102.560912
112.575866
125.173907
94.111761
109.769791
120.666934
91.846067
87.602773
103.041070
83.466905
90.695315
110.655235
131.033461
93.579518
114.878997
90.898772
129.518116
94.323356
95.814287
123.279318
119.425034
92.324597
98.755457
103.311261
113.705458
123.536488
84.723453
127.952313
121.417282
87.695549
120.469988
85.730971
130.634686
126.226999
131.438747
84.498837
85.232909
111.898762
132.776679
85.101069
110.521767
98.612224
86.673383
122.657555
96.056807
86.261586
107.736851
123.785519
117.317222
95.723138
111.384424
114.761806
111.236307
82.273834
106.919769
95.612458
127.242656
95.773595
123.642285
108.477434
102.165392
109.297772
118.285676
95.251119
107.329938
84.531390
132.176074
126.158638
122.825203
122.273428
86.383660
114.253978
127.306134
93.035882
123.248393
130.891856
91.647493
89.429001
82.571695
117.092606
131.455024
81.967835
87.524646
105.881326
86.743372
119.991457
81.883197
123.873412
117.170733
99.354434
80.296235
87.145402
87.759028
118.554239
93.240966
86.372267
80.159512
124.954174
101.668958
96.234222
124.428442
86.126491
109.660738
90.753911
99.652295
81.285848
116.783352
132.928050
85.110835
107.837766
91.792354
86.928924
83.606883
118.017113
109.357995
121.285442
92.000694
80.646180
91.471706
104.616639
80.585957
102.992240
115.222432
129.023309
109.668877
87.716709
88.579365
102.702518
91.637727
133.287762
129.202351
113.544321
120.268159
86.126491
127.932781
91.956747
128.829618
92.905669
98.649660
101.325523
118.751185
81.237019
116.143684
104.403416
93.789485
123.831093
110.329704
107.289247
88.061771
94.409622
131.842405
116.034631
116.255992
90.395827
130.621665
114.170967
114.364658
84.041466
129.210489
82.845141
125.945415
116.990064
99.058201
111.903645
108.898996
86.609904
101.522469
90.218413
97.762589
119.104386
108.545795
90.322583
96.536965
97.713759
118.030135
82.285228
117.014479
87.705315
85.558440
91.873737
110.982393
119.783118
127.486804
131.315046
104.605245
113.609427
90.356763
110.990532
123.318382
109.777929
115.038507
127.078262
108.925039
98.525958
117.190265
106.794440
110.541299
93.579518
132.428361
112.898142
97.718642
112.761419
87.838783
129.148638
104.108811
127.022922
94.862109
95.018364
103.294984
119.600821
91.829790
131.357365
111.817380
103.599355
91.230814
125.315513
81.064487
133.012689
126.633913
109.545175
126.336052
102.178413
87.643464
124.005252
121.425421
115.354272
84.546039
88.696556
113.749405
101.372725
90.968761
82.348706
108.291881
95.086726
92.897531
115.365665
88.771429
127.247538
132.382786
112.040368
104.310640
131.145770
87.593007
97.051304
116.622214
87.698805
124.236379
127.892089
129.400925
123.980837
113.316449
128.235524
81.552784
93.498135
123.599966
123.899454
132.626935
113.270875
123.744827
129.760636
128.744980
92.655011
95.807776
82.599365
104.077886
102.292349
81.754613
81.543018
126.163521
98.140204
84.666485
104.457129
113.407598
102.298860
92.964265
101.939148
119.781490
102.250030
95.990073
117.235839
115.036879
130.226145
92.606181
107.123226
128.777533
104.320406
121.148719
125.367598
106.706547
106.402175
99.069595
117.134925
80.748723
91.766312
87.269104
92.668032
108.008670
132.255829
127.446112
88.576110
100.254527
81.121455
107.456895
98.379469
118.931855
81.354210
83.063246
127.335432
84.018679
112.421239
124.324272
126.537881
111.742508
103.791418
115.036879
121.277304
109.478441
90.233062
120.199797
128.684757
109.512622
123.875040
96.470231
126.300244
129.985252
111.373030
94.012474
93.247477
84.676251
91.185239
98.000226
119.032769
130.017805
105.944805
124.830472
121.578420
104.230885
131.611279
94.671674
129.555552
100.389622
125.048578
95.391097
83.984498
81.608124
118.389846
132.810859
114.094468
100.127570
101.820330
88.992789
82.456131
95.225076
103.151751
103.565175
101.069981
85.003410
99.146094
126.363722
120.028894
100.350558
113.628959
83.121842
130.476804
89.420862
84.026817
95.858233
96.825060
100.985343
118.025252
119.574778
93.247477
121.614228
81.967835
90.353508
132.770168
88.401951
102.730188
106.457516
110.638958
92.196012
124.670962
84.108200
96.956900
119.690342
103.360090
116.304821
120.263276
96.029137
97.754450
122.978202
103.700270
109.621675
82.461014
127.512846
108.806220
87.438380
128.458513
121.287070
108.563700
82.537514
80.558287
104.553160
84.726709
122.081365
126.682743
118.702356
97.747940
84.217253
107.191587
111.514636
110.975883
98.823819
132.701807
90.451167
124.127326
127.086401
91.960002
85.638195
131.025323
121.617484
84.865059
110.850553
83.282980
115.422633
108.895741
124.203826
121.586558
94.709110
127.319155
123.521839
82.898853
123.905965
127.507963
111.395817
91.976279
97.843971
124.360081
118.264517
125.445726
122.818692
90.485348
125.180418
90.171211
101.478522
88.164314
127.932781
117.571136
109.926046
104.746851
130.851164
108.840401
88.654237
133.152667
98.639894
99.473253
115.681430
105.809709
81.228880
104.714298
103.535877
117.030755
113.308311
107.605012
81.764379
115.497505
103.548898
131.310163
119.960532
88.504493
115.198017
97.381718
92.967520
132.988274
132.991529
104.958446
103.303122
101.647798
91.458685
85.896992
109.058506
85.846535
112.891631
110.853809
105.694146
90.280264
130.006412
87.955974
103.327537
107.744990
121.625622
129.091670
127.890462
122.348300
83.051853
112.120123
127.799313
129.490446
106.131985
87.374901
121.147092
127.618644
117.326988
110.083928
91.761429
116.742660
128.811714
80.400405
129.098181
112.069666
124.275442
92.713606
106.994641
101.055332
114.380935
115.883259
89.625947
112.255219
123.606477
92.757553
119.626863
110.914032
110.088811
80.613627
96.743677
103.019911
113.498746
80.887073
108.682518
109.445888
99.261658
86.489458
109.128496
125.203205
114.144925
101.738947
104.631288
98.796149
114.844816
129.895731
118.669803
100.015261
84.619283
96.624858
81.248412
124.500059
119.597565
131.077408
85.670748
130.078029
86.430862
106.232899
94.171984
126.529743
132.989901
86.847542
120.735295
113.803117
107.054865
106.677249
132.766913
116.994947
124.723047
123.300478
113.293662
113.096716
130.144762
118.873259
112.002932
97.856992
101.621756
128.510598
86.821499
87.737868
132.405574
111.237935
110.998670
91.974651
121.163368
85.249186
107.385278
116.417130
113.809628
122.405268
111.561838
127.465644
125.027419
90.358391
118.834196
91.111995
107.797075
123.933635
90.062158
122.094386
125.964947
114.120510
131.360620
111.467434
118.148953
103.008517
89.308554
94.305452
108.010297
86.307161
123.362329
85.823747
89.206012
98.493405
110.427363
114.273509
120.027266
95.547352
83.318788
85.608897
122.732427
83.632925
91.391951
101.602224
82.568440
115.377059
85.013176
119.704990
88.131761
122.092759
132.250946
109.706313
108.103074
110.269481
129.386276
128.816597
119.320864
104.001386
113.645235
83.515734
107.880085
95.019992
126.423946
93.192136
131.596630
128.666853
95.376448
103.856525
125.471768
94.123154
123.700881
93.659273
118.524941
93.939230
108.259328
105.150509
116.981925
107.801958
88.244069
112.663760
108.804592
92.261118
86.007672
133.128252
84.591613
84.723453
95.089981
108.648338
103.148495
120.043542
97.108272
129.203978
83.429469
114.716231
122.481768
97.095250
97.819556
113.694065
130.030827
94.853971
101.781266
94.788865
93.743911
131.567332
88.178963
99.012627
125.092525
102.652061
81.298870
95.197406
112.497739
131.407822
105.557423
80.548521
93.016350
100.648419
130.546793
92.137417
91.196633
89.464809
127.460761
97.655163
106.794440
96.742050
131.860310
80.454117
106.340324
126.454871
127.786292
127.185688
113.565480
83.056736
128.242035
86.360873
93.675550
125.335045
107.022311
99.544870
99.821571
126.988742
103.558664
80.130214
110.079045
119.024631
102.463253
81.394901
129.957582
95.566883
116.083461
108.822497
95.425278
98.102768
125.081131
91.696323
98.132066
133.178709
92.036502
115.640739
94.469845
91.850950
129.734594
84.412571
100.161750
132.597637
132.469052
85.986513
85.381025
95.967286
125.377364
97.892801
92.043013
119.368066
106.789557
93.499763
108.291881
113.599661
105.264445
90.905283
115.173602
109.507739
132.986646
86.092310
107.163917
96.396987
117.169106
105.355594
128.220875
80.553404
131.163674
105.332807
125.009514
105.541146
100.241505
115.650505
85.667493
109.265218
103.745844
85.813981
105.749486
106.131985
128.570821
98.078353
103.019911
89.334597
129.026564
87.868081
102.774135
88.218026
101.372725
106.854663
122.013004
95.767085
121.374963
110.266226
94.134548
87.850176
106.548664
90.156562
89.152300
115.914185
104.771266
122.935883
97.760961
108.111212
124.218475
86.168810
114.260488
107.188332
93.022860
106.328931
106.669111
100.166633
83.593862
105.791805
129.015171
114.768316
109.971620
97.467983
110.831021
110.967744
113.194375
128.681502
112.154304
129.306521
83.029066
82.656333
99.056573
117.632987
131.049738
105.956198
81.359093
111.304669
90.060530
110.176705
94.199654
81.809953
108.238169
129.579966
118.456580
128.831246
106.252431
89.674776
115.027113
117.405115
99.108658
128.393407
107.958212
128.544779
104.323661
131.534779
118.101751
131.599885
91.473334
104.159268
95.612458
86.748255
81.403039
92.912180
132.989901
112.579122
103.491930
107.611522
93.603933
113.770564
119.234598
90.454423
110.793585
103.895588
100.544249
114.486732
132.431616
84.983878
104.383884
113.002312
126.044702
132.185840
105.436977
121.567026
132.779934
131.874958
121.786760
120.959912
131.889607
88.198494
128.618023
89.394820
130.735601
126.394648
81.613007
99.014254
121.982078
94.525185
131.705682
104.979606
109.650972
132.019820
126.160266
115.504016
112.351250
133.284507
131.044855
124.496803
132.034469
114.778082
110.035099
121.793270
103.277080
107.173683
121.241496
96.007978
131.409449
87.635326
127.057103
131.648715
127.833494
120.522073
85.366377
88.830024
110.863575
101.533863
110.443640
87.280498
120.426041
126.975720
91.846067
109.582611
108.260956
83.095799
106.366367
105.388147
85.338706
117.226074
104.647564
84.882963
88.108973
105.671359
100.822578
89.860329
85.276856
100.042932
93.509529
117.405115
80.105799
80.372735
93.169349
97.827695
103.234761
89.982403
124.135464
108.571838
84.347465
93.795996
96.341647
125.689874
97.707248
101.763362
108.407445
81.277710
116.532693
112.380548
117.060053
115.171974
91.232441
97.977439
121.264283
82.586344
126.506956
120.126553
116.029748
126.025170
132.272106
103.461005
110.904266
93.112381
110.140896
102.964570
108.158414
88.730737
130.403559
113.003939
122.328768
103.057347
94.533323
93.141679
82.762130
97.225463
98.215076
112.395197
127.550282
88.255462
103.224995
113.581757
117.105627
121.588186
106.501462
106.123846
102.468136
99.548125
101.402023
128.937043
96.606954
100.760727
112.808621
98.429927
83.748489
92.156949
81.101923
109.955344
108.392796
95.257629
89.974265
81.004264
99.020765
81.728570
126.435339
104.532001
121.487271
126.536254
81.337933
80.701521
130.429602
93.706475
85.437993
102.079127
127.035943
129.700413
129.285361
107.250183
111.503243
119.372949
128.644065
117.896667
98.508054
126.222117
130.447506
107.619660
117.369307
131.896118
114.258861
124.220102
91.903035
83.305767
97.585174
87.068903
108.290254
109.025953
106.727706
94.593546
112.632834
99.933879
81.463263
130.191964
133.206379
115.819781
128.603374
108.247935
122.385736
119.574778
126.052841
108.609274
86.608277
127.335432
105.742975
87.799719
132.679019
129.555552
97.072463
88.698184
85.424972
124.682356
112.536803
130.305900
118.393101
100.440079
130.543538
105.952943
132.545552
91.055027
117.095861
98.289948
124.651431
92.070683
101.312502
106.027815
80.371107
121.119422
133.144528
124.135464
87.021701
99.609976
84.941559
105.786922
107.697788
110.375278
85.215005
107.775915
111.739252
119.576406
106.242665
94.336377
109.908142
91.208026
80.532245
127.753739
95.894042
115.893025
81.150753
100.737940
82.524493
95.589671
127.551910
112.245453
127.657707
99.261658
111.941081
108.384658
111.418605
131.129493
101.161130
103.447984
119.814043
106.537271
122.426428
82.701907
129.675998
110.432246
114.572998
101.952170
116.640118
80.096033
113.176471
112.203134
81.142615
107.163917
124.513080
131.111589
100.775376
127.228007
130.047103
129.514860
117.310712
85.403813
103.104549
94.754684
100.104782
92.819404
106.068506
119.096248
80.839871
115.704217
83.084406
121.568654
114.626710
98.753830
109.976503
118.275910
89.118119
117.781104
129.661349
116.120897
129.996646
129.938050
94.761195
118.300325
84.456518
89.905903
132.403946
116.586406
111.068659
107.010918
106.201974
132.032841
110.972627
131.606396
110.440385
125.782650
82.107814
125.728937
98.083236
108.329317
91.460313
99.701124
124.342176
108.871326
80.325533
116.327609
100.729802
119.760331
117.603689
124.360081
114.660891
104.409927
89.425745
96.242360
102.886443
130.299389
80.174161
118.458208
93.800879
128.727076
113.143918
109.473558
126.922008
89.710585
132.589498
93.631603
104.566182
86.950084
122.120429
119.301332
124.042688
87.923421
121.106400
109.646089
105.363732
117.400233
87.449774
120.989209
116.159960
89.404586
115.036879
123.777380
102.084010
89.282512
100.881173
101.162757
104.440852
100.864897
116.954255
113.510140
99.969687
120.408137
101.698256
110.515257
117.844582
132.303031
126.235138
99.256775
88.831652
88.224537
116.923330
129.855040
81.661836
111.381169
129.269085
120.395116
114.913177
107.535022
108.195850
102.801805
92.733138
124.465878
122.996107
111.304669
119.444566
108.199105
118.645388
81.844134
87.977133
131.004164
118.454952
104.086024
130.507729
112.841174
133.102209
114.367913
132.941072
111.228169
124.319389
117.922709
114.914805
94.562621
131.635693
82.034569
103.670972
113.869851
110.440385
108.469296
130.087794
107.985883
123.098649
80.166022
95.259257
97.194537
111.390934
83.883584
82.587971
106.950695
105.334434
110.437129
117.051915
96.717635
96.670433
120.875274
106.675621
88.903268
112.053390
100.261037
87.846921
132.906891
87.583241
120.735295
122.831714
85.927917
133.038731
88.826769
131.118099
125.559661
94.111761
105.394658
122.981458
109.130123
121.023390
99.815060
103.542387
81.508837
85.127111
93.455816
115.696079
99.668571
85.231281
127.424953
116.885894
129.008660
98.591064
89.565724
104.735458
99.806922
111.586253
129.096553
133.204752
132.089809
118.437048
80.465511
100.923492
110.614544
96.252126
131.546172
126.726689
111.618806
91.445664
91.027357
114.024478
116.345513
99.173764
130.143135
119.050674
86.331575
84.114711
86.958222
124.612367
115.479601
90.955740
101.618501
87.698805
80.545266
99.541614
97.520068
89.285767
105.095169
106.403803
130.102443
121.316368
85.195473
87.620677
131.559194
85.874205
125.248780
111.392562
113.169960
128.217620
132.218393
95.264140
100.223601
118.647015
96.675316
116.415502
114.551838
111.591136
108.913645
129.933167
119.667554
116.851713
91.841184
110.124620
83.501085
104.714298
112.333346
109.851174
127.089656
126.589966
132.646466
132.871083
114.179106
86.152533
116.981925
114.213286
90.117498
109.362878
101.455735
116.910309
125.017653
88.312430
129.192585
80.060225
116.172982
93.945740
85.498217
133.282879
131.438747
125.969830
81.503954
119.153216
88.519142
94.925588
87.885985
85.353355
98.556884
104.820096
107.036960
121.508431
108.967358
117.908061
118.669803
129.021681
120.557881
83.354596
127.195454
85.620291
93.916442
91.401717
132.535786
112.920929
126.734828
88.065027
86.043481
108.661359
123.735061
98.683841
133.193358
118.642132
127.535633
121.986961
84.694156
90.016584
105.458136
109.681898
124.407282
127.595856
93.931091
99.902953
95.662915
108.173063
82.174547
119.506417
121.044550
94.556110
110.137641
83.558053
110.590129
84.253061
122.395502
107.004407
113.445034
107.878457
106.304516
123.533232
81.277710
118.889536
109.427984
133.292645
91.802120
103.028049
131.240173
81.116572
80.734074
115.769323
124.088262
100.298473
130.530516
89.463181
98.442948
123.518583
97.546111
131.839150
87.402572
129.313031
105.980613
90.843432
125.483162
132.402318
103.586334
120.852486
103.327537
119.516183
114.146552
118.564005
80.040693
105.769018
128.395034
83.572702
114.779710
86.530149
95.036268
125.309003
92.617575
113.165077
126.878061
91.317079
99.683220
107.624543
103.716546
98.578043
115.902791
124.220102
120.356052
129.496956
113.676160
86.924041
108.024946
80.914743
130.828377
83.854286
130.939057
81.160519
126.155383
87.282125
112.933950
116.762192
92.594787
127.493314
122.564778
117.203286
129.646700
108.830635
131.608023
126.015404
96.733911
82.934662
108.708561
106.569824
95.850095
114.170967
109.763281
130.891856
125.128333
125.564544
106.760259
126.472775
98.350172
86.935435
123.385116
89.472947
118.733281
80.224618
99.061456
99.253519
121.982078
123.653679
103.102921
82.589599
110.280874
89.761042
107.287619
102.604859
92.217172
132.288383
98.560139
107.349470
96.987825
90.231434
113.480842
126.438594
124.530984
97.451707
122.794277
117.348148
133.268230
119.438055
94.429153
129.757381
87.114477
112.279633
109.940695
96.217945
110.100205
125.483162
116.046025
130.873951
130.250560
123.639030
92.944733
111.166318
127.745601
128.631044
114.403722
117.605317
102.349317
83.999147
121.270793
133.180337
128.443864
96.525572
110.113226
97.494026
92.663149
83.310650
131.938437
103.903727
122.470374
119.397364
109.366133
128.012536
127.328921
87.550688
93.900166
89.183225
100.827461
85.263834
118.306836
113.427129
85.398930
83.919392
105.755997
92.606181
114.636476
81.816464
110.744756
115.028741
101.564788
99.395125
126.785285
115.705845
94.499143
84.954580
109.191974
107.982627
122.188790
92.598043
87.988527
91.507515
103.213601
107.328310
112.572611
91.559600
108.011925
92.344129
116.478980
118.070826
115.145932
113.544321
83.932414
125.994245
83.533638
102.840869
126.497190
85.359866
122.273428
128.714055
104.816840
82.698652
86.388543
95.570139
110.477821
82.127345
86.888233
113.659884
109.636324
121.145464
123.380233
87.825762
116.744288
89.442022
114.319084
86.785691
106.717940
132.395808
133.191730
94.591919
127.216613
80.911488
98.954031
119.289939
86.009300
122.646161
115.766068
113.751033
101.795915
102.881560
123.632519
97.039910
93.454189
96.777858
108.345594
91.287781
82.729577
121.313112
119.008355
102.442093
98.698490
81.889708
114.843188
133.172199
92.326225
115.326601
116.264130
82.991630
82.804449
130.841398
95.220193
110.557576
90.659507
97.407760
133.152667
86.476437
132.623679
92.459692
121.531218
98.329012
99.945272
113.617565
120.033777
102.849007
115.158953
108.423721
113.956117
100.313122
122.252269
117.128414
125.924256
99.440700
105.300254
130.128486
116.853341
127.817217
117.201659
88.442642
97.865131
89.502245
126.838997
108.892486
101.458990
98.166247
93.019605
82.259185
113.635469
127.407049
113.523161
112.846057
95.270650
86.585489
97.575408
94.352654
87.788326
123.865274
90.101222
103.794674
104.745224
131.409449
109.419846
121.775366
124.366591
121.129188
93.356529
120.764593
98.014875
125.942160
95.492011
96.410008
129.604381
121.537729
99.816688
123.539743
100.930003
117.019362
128.841012
118.502154
124.636782
109.385665
120.133063
82.877694
86.424352
103.537504
86.312044
83.536894
84.879708
106.140123
86.784063
104.050215
83.901488
81.666719
99.609976
89.119746
106.068506
98.975191
121.790015
103.710036
81.936910
123.389999
106.330559
128.512226
96.960155
109.317303
117.746923
106.774908
97.655163
115.043390
100.998364
84.166796
118.721887
81.383508
125.536874
96.632997
92.767319
115.863727
126.116319
127.958823
90.957368
124.065475
108.710188
112.015954
109.618419
109.856057
109.870706
88.030846
91.094091
92.786851
131.186461
110.541299
93.893655
111.010063
83.841265
129.029819
127.088028
111.399073
124.960685
132.259085
97.324750
88.502866
87.371646
132.291638
130.123603
114.042383
91.152686
123.184914
113.738011
85.239420
131.949831
122.729171
114.003319
113.692437
94.380324
112.181974
81.748102
103.068740
118.910695
89.041619
127.844887
130.699792
103.794674
101.166013
107.489448
127.983238
83.818478
103.915120
108.796454
101.335289
107.463406
95.314597
107.299013
81.993878
127.506335
104.237396
114.737391
86.328320
126.736455
113.275758
97.109899
128.351088
87.104711
131.302024
83.662223
86.076034
130.633059
124.042688
115.152443
103.404037
120.440690
124.351942
133.050125
102.518593
116.872873
123.826210
97.996971
101.817074
123.726923
120.787380
119.236226
127.682122
92.921946
86.269725
83.263448
81.779027
115.943482
116.376438
110.131130
112.216155
117.038893
105.982241
98.989840
90.205392
96.545103
118.793504
117.919454
127.273581
132.636700
95.422022
113.018588
94.621217
123.171893
127.828611
105.106563
133.050125
129.337446
101.764989
95.693840
115.030368
129.356978
95.594554
103.889078
100.659812
97.342654
123.782263
89.243448
122.455725
122.229482
80.073246
128.868682
114.008202
95.143693
122.047184
123.819699
130.821866
120.229095
111.988283
96.423029
131.671502
110.557576
115.814898
86.868701
108.822497
97.482632
95.005343
124.081752
102.097031
88.439387
99.889932
132.516254
85.131994
94.836067
112.623068
89.902648
112.157559
125.059972
101.509448
84.262827
126.952933
124.241262
128.365737
105.181435
89.010694
82.472408
110.544554
124.371474
85.206867
133.120114
92.668032
87.151913
121.990216
116.234832
96.375827
103.229878
119.765214
82.081771
83.084406
85.040846
124.465878
89.765925
111.444647
82.072005
84.638815
82.627035
104.486427
132.763657
115.728632
115.407984
108.112840
82.343823
119.866128
114.856210
82.615642
108.303275
109.528898
88.777939
108.882720
108.417211
103.377994
125.178790
104.287853
133.094071
89.284139
83.169044
89.935201
123.622753
96.214690
130.683516
104.265066
124.714909
123.292340
110.572225
111.337222
86.302278
127.727696
116.858224
118.804898
102.945038
86.593628
102.723678
107.250183
99.178647
120.792263
101.953797
92.526426
129.130734
109.532154
112.147793
82.806077
85.397302
117.012851
101.362959
91.960002
92.223682
99.611603
93.200275
130.983004
111.237935
108.601136
98.662681
125.750097
88.169197
96.716007
116.441544
109.476813
128.813342
116.913564
129.988508
104.862415
112.601909
128.312024
109.675387
97.580291
98.789638
90.994804
108.409073
102.800177
80.226246
97.993715
85.662610
86.388543
119.757075
106.125474
81.635794
115.805132
117.527190
80.690127
109.826759
129.010288
84.264455
115.686313
123.064468
123.069351
115.469835
117.873880
114.626710
97.437058
88.209888
109.706313
122.812182
126.939912
88.880481
99.432561
93.934347
112.761419
100.199186
93.403731
118.769089
119.801022
115.829547
105.550912
90.747400
102.040063
117.597179
99.061456
100.959301
84.270966
123.652051
88.576110
84.886219
81.842506
115.896280
124.568420
89.266235
80.091150
108.345594
121.573537
100.713525
101.797542
111.436509
105.288860
111.125627
97.656791
93.931091
93.514412
108.171435
114.786220
124.099656
132.615541
132.574850
104.896595
98.496660
131.175067
90.483720
93.833432
93.358157
119.169492
102.626018
127.477038
106.913259
94.324984
118.547729
128.976107
120.987582
84.007286
110.979138
95.685702
103.530994
117.615083
111.955730
130.797452
80.428075
97.839088
125.720799
97.964418
111.565093
119.110897
86.717329
100.646791
86.176948
101.558277
111.039361
81.119828
132.467424
88.836535
89.627574
114.182361
116.483863
131.458279
98.265534
117.206542
91.958375
90.656252
85.980002
124.897206
122.727544
97.769099
103.581451
117.050287
112.758164
84.139126
120.606711
121.011996
92.129278
129.871317
105.725071
110.477821
100.601217
99.774369
112.245453
102.336296
117.126787
101.496427
83.704542
133.177082
83.631298
127.509591
81.263061
90.490231
98.076726
95.942871
114.503009
93.574635
131.772416
91.958375
117.354658
119.101131
92.638734
104.616639
104.115322
99.720656
122.756841
127.618644
87.247944
97.349164
85.143388
132.231415
111.936198
126.148872
101.519214
87.394433
95.755691
80.179044
82.633546
122.026025
95.119279
87.426986
112.896514
97.827695
100.143846
91.836301
110.914032
127.639803
86.300650
105.034946
94.331494
80.953807
117.838071
89.414352
110.583618
91.644238
111.294903
114.229563
95.257629
109.520760
120.803657
119.722895
106.413569
84.096807
113.477587
90.926442
129.802955
102.194690
96.587422
82.833747
116.726384
94.409622
98.158108
98.576415
89.487596
85.433110
116.019982
115.629345
122.768235
123.222350
123.619498
101.703139
89.289022
115.364038
87.599518
101.992861
98.078353
94.282665
85.494961
132.778306
126.998507
126.321403
105.191201
123.036798
97.876524
119.651278
94.479611
119.097876
122.597331
132.727849
109.073155
87.295146
88.424738
104.911244
114.032617
116.324353
124.306368
90.960623
86.979382
87.609284
103.076878
81.040073
84.752751
95.363427
94.624472
114.574625
121.809547
97.998598
84.985506
89.627574
108.762273
82.565184
129.705296
82.820726
125.995873
130.535399
109.808855
101.405278
107.403182
119.944256
98.718021
82.545652
115.883259
105.552540
81.752985
128.126472
125.619885
98.703372
89.915669
83.385522
119.442938
128.521991
129.617403
101.109045
109.662366
106.131985
116.654767
126.308382
90.636720
106.923025
102.826220
103.111059
118.139187
112.461931
96.776230
118.827685
97.135942
93.792741
87.482327
100.205697
113.039748
117.748550
105.318158
90.208647
88.021080
131.266216
129.070511
80.315767
130.795824
118.749558
100.550760
106.675621
94.826301
127.437974
121.825823
118.437048
86.642457
109.128496
83.359479
113.287151
119.254130
86.588745
131.456651
101.826840
119.003472
112.997429
103.280335
129.145383
80.867541
106.053857
84.503720
128.565938
87.186094
91.795609
111.207010
102.601603
91.487983
86.425979
104.395278
86.080917
89.106725
97.826067
85.439621
119.804277
96.217945
115.101985
107.478055
116.373183
132.322563
87.799719
111.055638
113.231811
107.824745
83.157650
99.066339
101.206704
131.733353
89.708957
92.612692
83.575957
127.776526
82.225005
102.813199
87.330955
127.304506
83.037204
113.537810
88.278249
127.289857
88.025963
96.755071
105.015414
81.766006
125.637789
108.817614
103.407292
88.371026
103.923258
116.013471
126.596477
111.659497
87.265849
131.057876
132.198862
104.854276
124.456112
95.514799
111.679029
85.037591
109.795834
89.842425
80.260426
116.776841
132.216766
92.685936
85.680514
132.519509
87.423731
84.454890
90.796230
131.425726
128.061365
90.171211
91.715854
98.314363
86.883350
103.247782
113.124386
131.036717
87.977133
125.206461
122.454098
117.950380
107.642448
103.011772
91.237324
93.844826
113.306683
105.656710
85.338706
82.630290
88.790960
95.029758
132.338840
128.460141
80.935903
112.725611
121.132443
123.626009
109.239176
131.109961
122.042301
81.564177
126.852019
123.669955
102.445349
89.962871
87.928304
82.959077
119.594310
112.299165
96.340019
114.496498
125.624768
99.487902
104.048588
121.570282
93.076573
99.966432
94.202910
116.015099
129.285361
83.221129
110.562459
83.242288
114.610434
125.076248
108.293509
116.542459
132.859689
83.084406
107.764522
122.315747
108.902252
103.710036
93.058669
131.271099
81.798559
129.591360
83.476670
90.522784
115.119889
121.913717
86.417841
118.323112
99.453721
126.235138
93.265381
96.377455
102.098658
83.388777
93.302817
114.782965
132.280244
113.856830
107.312034
111.213520
83.548287
110.544554
109.195229
112.740259
108.378147
115.025486
103.952556
115.222432
106.599121
98.866138
123.676466
101.999372
129.374882
91.741897
89.894510
90.166328
113.674533
131.300397
103.955812
119.460842
108.955964
123.150734
100.414037
125.419683
104.361097
99.279562
118.433793
91.811886
84.751123
109.909769
126.238393
104.004641
117.292807
130.452389
120.220957
111.592764
83.533638
125.240641
127.089656
88.642844
85.354983
116.368300
84.025190
133.214518
126.435339
132.626935
131.881469
127.791175
97.559132
100.207325
123.030287
102.347689
107.478055
83.528755
105.607880
121.676079
107.583852
84.476050
105.752741
91.964885
132.132128
128.427588
116.210418
121.684218
102.313509
112.050134
106.276846
125.042067
89.175087
87.856687
108.119350
103.062230
90.390944
87.217019
87.770421
110.601522
109.242431
103.454494
82.469153
117.624849
124.083379
83.392032
99.377221
106.426590
96.698103
122.333651
97.297080
133.128252
87.820879
124.146858
133.087561
108.428604
94.849088
81.453497
87.759028
92.648500
106.748866
130.926036
120.605083
113.360396
97.811418
98.670819
92.998446
87.291891
81.928772
90.750656
123.567413
81.520231
109.060134
83.772903
89.695936
108.900624
112.216155
123.938518
130.413325
119.468981
126.632285
102.855518
125.603608
129.423712
96.130052
131.795203
99.927368
82.724694
108.334200
109.366133
113.088577
80.296235
113.738011
90.996431
91.447291
91.820024
130.292879
108.477434
82.675865
105.150509
95.189268
87.970623
108.407445
94.993949
98.818936
114.792731
96.593933
125.854267
109.260336
93.265381
81.875059
130.916270
82.286855
116.726384
88.971630
108.547423
98.561767
115.920695
100.765610
118.048039
89.681287
100.876290
112.728866
123.027032
128.084153
97.850482
88.714461
130.696537
95.796383
83.066502
86.434118
88.784450
80.392266
81.547901
100.951162
95.046034
99.780879
92.720117
107.862181
114.379307
130.857675
117.794125
121.174762
131.874958
110.349236
110.568969
107.525256
96.810411
82.841885
126.697391
105.096797
105.918762
110.990532
119.695224
122.218088
127.573069
122.924490
85.405440
110.648724
88.595642
111.835284
109.903259
121.892557
105.342573
116.094854
115.816525
88.190356
80.698265
128.209482
88.771429
83.203225
102.041691
107.642448
98.941010
130.719324
115.116634
85.828630
99.347923
96.375827
95.532703
111.688795
95.957520
117.409998
99.526965
132.688785
84.531390
132.086553
82.327547
93.063552
82.583088
83.821733
92.458065
130.924409
131.448513
108.332573
90.304678
89.183225
116.778469
92.116257
105.977358
88.699812
82.488685
97.316611
91.408228
98.589437
86.458532
81.250040
128.416194
92.070683
113.021844
85.643078
81.023796
109.491462
103.872801
123.865274
100.397760
110.204375
89.096959
87.868081
110.695926
108.309786
106.633302
129.815976
110.889617
100.575174
105.160275
80.039065
114.157946
121.547495
105.438604
116.389459
119.905192
94.181750
121.750951
126.570434
113.378300
131.002536
118.437048
85.179196
114.548583
100.757472
89.886371
113.777075
111.272116
128.971224
112.278006
92.285533
111.719721
100.637025
82.104558
103.433335
97.739801
100.130825
109.808855
85.198728
114.164457
123.300478
110.166939
132.965487
115.710728
90.071924
91.129899
93.000073
126.503701
92.588277
109.431239
102.328158
120.513934
93.849709
114.625083
129.913636
124.617250
131.902629
89.902648
120.896433
112.587260
84.515114
124.675845
132.169564
85.016431
102.746465
80.597351
87.646720
116.859851
128.333184
86.030459
88.218026
127.555165
83.279724
80.597351
104.722436
115.450303
106.649579
124.859770
95.609202
131.464790
80.177416
123.412786
124.296602
93.712986
111.106095
89.775691
131.196227
104.732202
93.846453
81.362348
108.781805
92.951244
125.514087
132.902008
121.335900
80.146491
110.300406
116.620586
117.709487
109.784440
114.387445
124.218475
98.781500
124.670962
126.362095
125.580821
107.932170
108.853422
91.497749
85.957215
126.209095
88.808865
101.550139
96.569518
87.171445
95.545724
115.075943
100.309867
93.099360
109.330325
103.275452
100.897450
87.552316
88.683535
103.018283
117.125159
132.613913
105.298626
112.056645
130.550048
119.154843
99.912719
108.098191
88.286388
111.796220
80.779648
126.725062
102.572306
103.544015
119.740799
93.172605
108.765529
115.123145
114.231190
89.632457
83.447373
107.321800
110.238555
113.062535
84.313285
108.036340
87.855059
111.866209
93.465582
128.994011
111.094701
103.085017
99.181903
113.827532
116.994947
91.780961
131.096940
132.519509
85.644705
127.603995
97.160357
103.840248
132.828764
113.547576
97.371952
114.175850
93.589284
128.564310
102.616252
81.009147
111.750646
132.358372
100.259410
96.113775
97.026889
80.704776
128.204599
90.080062
98.078353
119.633374
125.696384
99.886677
93.169349
126.770636
89.241820
101.136715
126.760870
81.569060
88.637961
99.997357
93.712986
106.042464
98.089747
86.486202
99.419540
111.010063
104.105556
117.444179
110.883106
129.557179
125.178790
130.864185
93.726007
99.316998
124.879302
133.250326
96.807156
121.975568
93.400476
94.974417
92.772202
121.588186
119.215067
88.681908
102.886443
90.125637
85.809098
112.367527
94.451941
108.518125
95.221821
132.130500
125.847756
104.885202
133.326826
106.312654
120.828072
84.959463
131.901001
99.297466
120.437435
103.039442
115.790483
86.675010
127.514474
121.778621
96.851102
93.426519
125.478279
95.841957
96.323743
106.792812
133.048497
107.743362
117.317222
85.499844
129.898987
90.874357
129.050979
93.675550
88.258718
88.056888
97.887918
81.113317
105.446742
100.602845
126.791795
84.892729
125.660576
102.907602
98.216704
107.355980
99.400008
130.903249
108.786688
125.439215
122.138333
112.670270
130.722579
126.350701
120.605083
96.278168
81.726943
91.278015
121.672824
116.446427
124.963940
88.787705
85.516121
88.405206
87.467678
132.890614
124.706771
90.615560
112.015954
127.483548
90.908538
91.333356
97.402877
85.470546
97.523323
120.704370
95.518054
90.903655
106.586100
103.363346
126.837370
85.810726
94.954886
86.585489
89.368777
123.383488
101.419927
132.257457
89.360639
102.507200
123.090510
127.711420
108.781805
105.331179
122.724288
117.105627
84.567199
86.167182
115.315208
128.292492
114.651125
86.771042
115.634228
96.883655
105.747858
99.619742
128.357598
89.189736
124.596090
114.221425
122.478513
92.314831
127.610505
108.117722
118.321485
106.459143
117.335126
90.893889
115.487739
127.747228
93.979921
122.888681
96.740422
116.548970
103.732823
96.912953
102.835986
126.362095
125.515715
111.335594
133.277996
101.511075
97.834205
102.847379
81.352582
105.389775
94.077580
100.583313
98.433182
114.216542
94.577270
89.928690
102.556029
84.640443
110.442012
101.019524
106.260569
123.552764
107.499214
96.917836
132.040979
81.718804
112.002932
116.496885
110.398066
106.307771
106.446122
86.982637
128.836129
87.230040
97.148963
81.217487
93.449306
119.040908
121.947897
114.577881
131.464790
126.658328
99.645784
96.603699
103.029676
83.292746
89.591766
98.976818
83.969850
88.898386
116.335747
114.839933
81.127966
84.124477
127.737462
111.154925
95.308086
121.482388
94.845833
82.407302
126.834114
115.331484
128.546406
107.328310
118.702356
99.098892
87.970623
116.973787
125.688246
124.641665
102.365594
122.496417
117.698093
85.488451
94.705855
130.924409
132.415340
92.267629
102.101914
123.980837
132.203745
81.974346
121.293581
128.237152
120.284435
89.443650
100.928375
111.636710
84.524880
129.335818
88.932566
108.029829
110.487587
103.635164
89.993797
91.395207
125.419683
123.022149
121.482388
108.096563
94.849088
110.411087
129.466031
82.133856
80.120448
88.359632
93.174232
121.785132
125.199950
125.322024
86.230661
102.557657
127.734207
115.757930
89.651989
101.538746
89.415979
129.106319
124.950919
84.733219
100.588196
115.922323
129.015171
102.438838
80.800807
132.900380
85.753758
87.636954
123.634147
88.387302
102.853890
85.742365
80.789414
116.778469
95.293438
117.364424
87.132381
103.404037
97.305218
129.096553
128.320162
108.298392
117.777848
87.326072
86.043481
103.802812
80.745467
83.403426
122.548502
81.035190
99.346296
131.811480
119.397364
113.542693
131.510364
116.378066
112.216155
99.800411
119.117407
99.504178
116.329236
106.250803
85.587738
116.073695
111.701816
125.839618
120.227467
93.714613
128.797065
120.429296
97.686089
87.763911
83.719191
122.045557
127.532378
85.903502
104.286225
87.996665
88.911407
104.156013
88.701439
84.834134
98.659426
95.902180
91.849322
122.838224
107.836138
128.922394
120.836210
109.354739
101.712904
85.446132
81.484422
95.998212
111.521147
86.911020
110.772426
114.691816
126.310010
98.389235
116.845203
97.570525
126.567179
127.701654
95.003715
82.408930
114.625083
114.240956
94.603312
131.896118
96.820177
122.455725
125.237386
115.097102
105.770646
95.042779
103.843503
112.777696
111.083308
100.811184
131.103451
101.574554
120.168872
118.913951
132.086553
105.352339
104.154385
81.085647
109.527271
108.763901
103.918375
120.253510
98.008364
121.301719
97.868386
93.813900
107.445501
113.570363
93.182371
89.951478
104.149502
107.386906
128.805203
131.961224
104.509214
88.086186
118.555867
95.597809
109.611909
127.335432
129.335818
81.124711
115.788855
118.137560
116.109503
121.692356
89.445277
97.035027
81.990622
109.753515
87.820879
128.486183
111.765295
103.176165
94.020612
86.425979
127.175922
132.680647
121.319623
121.373336
92.331108
98.989840
101.734064
121.358687
90.869474
107.997276
113.874734
128.399917
96.558125
125.605236
91.717482
125.479906
85.678886
100.602845
102.668337
89.057896
99.499295
130.563069
123.212585
108.767156
105.200967
112.408218
80.512713
82.618897
116.894032
106.022932
101.613618
122.750331
105.075637
105.873188
85.231281
113.331098
102.868539
128.972852
84.510231
89.030225
90.683922
114.223052
82.356845
88.963492
120.990837
114.760178
114.395583
87.848549
104.865670
118.321485
121.181272
99.349551
95.298321
83.976360
111.368147
93.270264
115.619579
116.871245
124.127326
88.263601
101.348310
89.328086
92.516660
115.075943
123.819699
123.302105
109.455654
91.958375
130.587484
122.515949
131.292258
107.294130
117.582530
89.298788
100.646791
84.376763
128.064621
107.766149
110.207630
123.416041
86.647340
128.355971
95.767085
122.359694
90.133775
88.717716
120.227467
131.599885
96.750188
132.639956
96.849475
97.513557
115.507271
128.627789
120.131436
129.876199
103.994875
116.542459
92.598043
108.103074
89.612926
83.903116
82.557046
81.367231
95.902180
113.549203
101.100907
117.571136
122.320630
104.323661
93.387455
96.151211
132.446265
106.446122
112.535175
126.432084
85.633312
99.906209
84.438614
113.140662
127.094539
97.536345
91.873737
110.800096
118.080592
94.451941
106.185697
95.288555
114.520913
105.503710
94.932098
100.939769
122.410151
132.420222
127.127092
98.140204
98.312736
88.965119
124.410538
133.139646
123.305361
112.466814
106.499835
105.026808
118.679568
116.672671
99.255147
128.246918
98.425044
80.987988
126.985486
108.949454
113.487353
91.053399
97.388228
123.549509
82.778407
132.338840
107.414576
121.121049
105.982241
91.761429
125.066482
111.319318
119.770097
129.015171
108.812731
106.167793
132.483701
112.541686
106.262197
124.011763
112.229176
95.226704
113.777075
110.679650
123.432318
98.106023
92.036502
86.149278
106.802578
110.419225
132.514626
105.082148
111.101212
121.020135
103.251037
126.194446
104.982861
129.483935
102.214222
125.505949
123.966188
111.892252
86.605021
121.752579
94.154080
102.974336
113.096716
129.002149
87.747634
102.933645
90.680667
131.453396
85.304526
130.641197
107.784053
95.415512
106.457516
131.492460
128.652204
113.490608
104.059981
114.978284
120.675072
109.258708
110.101833
123.590200
100.983716
104.164151
81.731826
88.089442
97.318239
101.584320
95.723138
130.802335
98.156481
109.751887
126.358839
91.911173
93.794368
105.200967
108.444881
120.471615
123.359073
85.057122
107.074396
91.740269
109.418218
116.539204
122.511066
119.237854
88.540302
105.279094
98.493405
83.115331
86.113470
97.533089
88.994417
123.256531
83.777786
91.219420
85.075027
125.359460
127.791175
117.494636
96.841336
95.068821
119.993085
101.166013
98.843351
88.447525
86.386916
101.649426
113.908915
100.475888
91.650748
122.756841
97.083857
126.562296
114.579508
93.019605
108.008670
105.419072
119.477119
111.530913
113.394576
118.287304
105.147254
120.963167
121.280559
126.181425
99.824826
116.127407
95.386214
100.156867
97.030144
103.041070
84.572082
92.933339
114.055404
116.840320
122.402013
93.532316
101.358076
100.238250
118.476112
119.942628
97.913960
110.813117
96.541848
124.804430
94.163846
125.499438
94.368930
115.777462
104.234140
123.922242
80.390639
118.938365
122.426428
92.266001
108.796454
120.188404
92.311576
95.981935
108.046106
93.017977
96.769720
116.360162
111.169573
87.638581
97.284058
119.288311
109.494718
116.448055
124.189177
104.520607
124.815824
130.862558
86.172065
123.822955
108.329317
91.167335
100.739567
122.945649
101.348310
104.390395
87.251200
129.135617
106.114081
98.522703
110.927053
105.832496
101.711277
128.102057
112.763047
102.878305
80.096033
86.141140
87.072158
130.592367
110.551065
130.760016
88.284760
119.353417
94.251739
121.479133
115.359155
86.383660
123.932008
120.227467
108.783433
124.714909
96.987825
92.018598
108.536030
122.664065
83.696404
113.664767
114.638104
108.850167
98.853117
132.156543
125.304120
117.715997
85.193845
101.081375
107.702671
97.248250
90.247711
123.396509
109.672132
87.207253
111.638338
95.539213
107.333193
122.885426
125.798927
81.241902
117.017734
92.718489
95.156715
110.028588
113.101599
124.753973
95.395980
95.392724
120.120042
130.294507
91.167335
114.343499
127.499825
93.076573
88.572855
89.954733
88.532163
105.638806
86.079289
131.954713
131.988894
87.853432
125.548268
96.981315
127.965334
109.343346
131.681268
103.552153
123.035170
130.730718
108.264211
83.356224
92.982169
85.410323
112.829780
103.928141
101.483405
130.201730
98.096258
130.991142
113.056024
119.804277
108.511615
112.168953
121.941387
106.831876
120.232350
117.037266
111.934571
122.323886
119.540597
81.876687
82.140367
131.793576
81.370486
120.766221
80.349947
128.473162
122.934256
98.042545
105.661593
85.397302
120.775987
117.105627
88.730737
101.348310
132.954093
87.247944
131.289003
88.986279
114.636476
130.178943
93.240966
86.836148
108.817614
94.547972
95.737787
116.793118
93.792741
100.187793
121.820940
82.153388
82.408930
113.676160
123.020521
121.160113
81.429082
103.615632
93.559986
97.733291
132.648094
110.583618
80.486670
84.404433
97.458217
126.770636
124.750717
92.420629
99.860634
80.315767
101.538746
104.040450
116.225066
85.989768
94.909311
102.025414
106.836759
83.893350
101.662447
84.640443
84.215625
94.521930
126.173287
81.188189
126.524860
105.176552
101.148109
103.050836
104.434342
122.732427
109.327069
98.594320
89.743138
101.083002
127.787920
113.596405
94.110133
118.303580
89.848935
